"","X","ID1","ID2","Comment","Area.All.N","Ampl.N.28","Area.N.28","d15N","X.N","Area.All.C","Area.C.44","X.C","Ampl.C.45","Ampl.C.46","Area.C.46","d13C","mgN","mgC","flag","ProjectID","dateSample","lakeID","Site","depthClass","depth","volFiltered","comments","PON","POC","particulateP.ug","Cmol","Nmol","Pmol","CP","CN","NP","year"
"1",1,"P-0556",NA,NA,2.211,291,2.194,2.833,0,8.918,8.777,0,737,907,0.038,-23.65,0.0201146,0.1705322,0,15,"04/28/2013","EL","Inlet","Surface","0",180,"",0.111747778,0.947401111,1.648962,1.41980018316543e-05,1.4360391232955e-06,5.32386917637943e-08,266.685776101468,9.88691853956738,26.9735990070307,"2013"
"2",2,"P-0557",NA,NA,2.598,341,2.578,1.526,0,8.949,8.807,0,741,913,0.038,-22.651,0.0234428,0.1710871,0,15,"04/30/2013","EL","Inlet","Surface","0",180,"",0.130237778,0.950483889,2.683593,1.42442011489468e-05,1.67364888984079e-06,8.6642979369128e-08,164.401100385315,8.51086583058755,19.3166128638131,"2013"
"3",3,"P-0558",NA,NA,2.582,339,2.563,1.051,0,9.42,9.271,0,788,974,0.04,-23.739,0.0233052,0.179518,0,15,"05/01/2013","EL","Inlet","Surface","0",180,"",0.129473333,0.997322222,2.447418,1.4946132711681e-05,1.66382523024202e-06,7.90177896877926e-08,189.148959629656,8.98299439148839,21.0563372731124,"2013"
"4",4,"P-0560",NA,NA,1.404,183,1.394,2.818,0,5.86,5.767,0,496,616,0.025,-24.309,0.0131744,0.115794,0,15,"05/04/2013","EL","Inlet","Surface","0",180,"",0.073191111,0.6433,0.824343,9.64066272583465e-06,9.4055829228243e-07,2.66148903884028e-08,362.228158190555,10.2499364525721,35.3395516027475,"2013"
"5",5,"P-0568",NA,NA,2.743,353,2.722,0.655,0,9.992,9.836,0,855,1070,0.043,-35.349,0.0246898,0.1897568,0,3,"05/15/2013","WL","DeepHole","Hypo","8",180,"",0.137165556,1.054204444,3.407193,1.57985846307551e-05,1.76267580495467e-06,1.10005262648113e-07,143.616625699918,8.96284193970738,16.023558896388,"2013"
"6",6,"P-0569",NA,NA,4.3,557,4.267,3.479,0,13.26,13.052,0,1149,1432,0.057,-33.475,0.03808,0.248254,0,3,"05/15/2013","EL","DeepHole","PML","0-0.25",180,"",0.211555556,1.379188889,2.422293,2.06688868537174e-05,2.71864067966017e-06,7.82065992961612e-08,264.285712967089,7.60265488865599,34.7622924935648,"2013"
"7",7,"P-0570",NA,NA,1.695,213,1.682,3.298,0,9.132,8.989,0,797,993,0.039,-33.57,0.015677,0.1743628,0,3,"05/15/2013","EL","DeepHole","Hypo","8",180,"",0.087094444,0.968682222,1.688643,1.45169261510282e-05,1.1192261012351e-06,5.45198398605237e-08,266.268686558258,12.9705035783283,20.5287855595023,"2013"
"8",8,"P-0571",NA,NA,1.97,261,1.955,3.854,0,8.402,8.269,0,736,919,0.036,-30.442,0.018042,0.1612958,0,3,"05/15/2013","EL","Outlet","Surface","0",180,"",0.100233333,0.896087778,2.035368,1.34290067438182e-05,1.28807025058899e-06,6.57142672650373e-08,204.354507821819,10.4256788305432,19.6010745336926,"2013"
"9",9,"P-0572",NA,NA,0.537,71,0.533,0.584,0,6.56,6.457,0,591,736,0.028,-25.835,0.0057182,0.128324,0,3,"05/15/2013","EL","Inlet","Surface","0",180,"",0.031767778,0.712911111,0.507768,1.06838731163101e-05,4.0823873777397e-07,1.63938914538469e-08,651.698417449448,26.1706499842879,24.9018812234587,"2013"
"10",10,"P-0591",NA,NA,2.095,283,2.079,1.109,0,8.718,8.581,0,775,961,0.037,-28.205,0.019117,0.1669522,0,3,"05/22/2013","WL","DeepHole","PML","0-1",180,"",0.106205556,0.927512222,1.424025,1.38999417200899e-05,1.3648175912044e-06,4.59763342265844e-08,302.328185879001,10.1844684664591,29.6852198889583,"2013"
"11",11,"P-0592",NA,NA,1.618,219,1.606,0.429,0,7.092,6.981,0,630,786,0.03,-32.312,0.0150148,0.1378468,0,3,"05/22/2013","WL","DeepHole","Hypo","10",140,"",0.107248571,0.98462,0.606741,1.14767130130714e-05,1.07194973941601e-06,1.95893520162722e-08,585.864861866693,10.7063909725131,54.7210412332972,"2013"
"12",12,"P-0593",NA,NA,3.387,453,3.362,1.746,0,11.741,11.556,0,1039,1291,0.05,-28.875,0.0302282,0.2210639,0,3,"05/22/2013","EL","DeepHole","PML","0-1",140,"",0.215915714,1.579027857,1.641645,1.84051203063858e-05,2.15807810380524e-06,5.30024537500404e-08,347.250344166789,8.528477386399,40.7165697268043,"2013"
"13",13,"P-0594",NA,NA,1.679,225,1.667,-1.216,0,7.65,7.53,0,681,852,0.033,-33.073,0.0155394,0.147835,0,3,"05/22/2013","EL","DeepHole","Hypo","10",150,"",0.103596,0.985566667,1.535253,1.2308300724336e-05,1.10940244163632e-06,4.95674619830175e-08,248.314120431525,11.0945318510222,22.381667272301,"2013"
"14",14,"P-0597",NA,NA,2.012,257,1.996,-0.272,0,8.211,8.082,0,703,876,0.035,-30.016,0.0184032,0.1578769,0,15,"05/22/2013","EL","Outlet","Surface","0",180,"",0.10224,0.877093889,1.544925,1.31443593372742e-05,1.31385735703577e-06,4.98797339618377e-08,263.521039373039,10.0044036492131,26.3405045031111,"2013"
"15",15,"P-0598",NA,NA,0.564,68,0.56,3.176,0,3.724,3.665,0,332,413,0.016,-26.636,0.0059504,0.0775596,0,15,"05/22/2013","EL","Inlet","Surface","0",180,"",0.033057778,0.430886667,0.635757,6.45738073432687e-06,4.24816163346898e-07,2.0526167952733e-08,314.592609258421,15.2004120640153,20.6963211216604,"2013"
"16",16,"P-0622",NA,NA,1.048,139,1.04,1.913,0,4.965,4.887,0,443,553,0.021,-29.086,0.0101128,0.0997735,0,15,"05/29/2013","EL","Outlet","Surface","0",140,"",0.072234286,0.712667857,1.4312508,8.30684372658397e-06,7.21981866209752e-07,4.62096277402899e-08,179.76435069485,11.5056126966084,15.6240571827905,"2013"
"17",17,"P-0623",NA,NA,0.611,80,0.606,0.798,0,4.097,4.032,0,373,465,0.018,-26.122,0.0063546,0.0842363,0,15,"05/29/2013","EL","Inlet","Surface","0",140,"",0.04539,0.601687857,0.4383204,7.01326284239447e-06,4.53673163418291e-07,1.41516934103897e-08,495.577641418205,15.4588444014445,32.0578711156376,"2013"
"18",18,"P-0624",NA,NA,1.711,218,1.698,1.739,0,9.915,9.758,0,879,1092,0.043,-25.788,0.0158146,0.1883785,0,3,"05/29/2013","WL","DeepHole","PML","0-1.5",140,"",0.112961429,1.345560714,0.4732476,1.56838314878029e-05,1.12904976083387e-06,1.52793594420947e-08,1026.4717933524,13.8911782561465,73.8937888798748,"2013"
"19",19,"P-0625",NA,NA,1.379,169,1.369,0.808,0,9.733,9.579,0,844,1050,0.042,-28.263,0.0129594,0.1851207,0,3,"05/29/2013","WL","DeepHole","Hypo","8",140,"",0.092567143,1.322290714,2.4940356,1.54125967862792e-05,9.25208824159349e-07,8.05228941336002e-08,191.406393822697,16.6585060408208,11.4900095695055,"2013"
"20",20,"P-0626",NA,NA,1.956,248,1.942,1.48,0,10.115,9.956,0,882,1091,0.043,-26.245,0.0179216,0.1919585,0,3,"05/29/2013","EL","DeepHole","PML","0-2",150,"",0.119477333,1.279723333,1.3214796,1.59818915993672e-05,1.27947454844007e-06,4.26655344977884e-08,374.585524064996,12.4909804722981,29.9884804796337,"2013"
"21",21,"P-0627",NA,NA,1.231,151,1.221,0.087,0,6.314,6.214,0,554,690,0.027,-28.685,0.0116866,0.1239206,0,3,"05/29/2013","EL","DeepHole","Hypo","8",NA,"vol not recorded",NA,NA,1.1967396,1.03172591790858e-05,8.34339972870708e-07,3.86381558131276e-08,267.022557416689,12.3657735630085,21.5936800116955,"2013"
"22",22,"P-0656",NA,NA,0.911,124,0.904,0.816,0,4.626,4.553,0,422,526,0.02,-27.798,0.0089346,0.0937054,0,3,"06/05/2013","WL","DeepHole","PML","0-2",140,"",0.063818571,0.669324286,0.468258,7.80163183748231e-06,6.37866780895267e-07,1.51182642947083e-08,516.040180631916,12.2308169529262,42.1917998297287,"2013"
"23",23,"P-0657",NA,NA,1.79,242,1.776,1.467,0,8.018,7.892,0,726,906,0.034,-30.368,0.016494,0.1544222,0,3,"06/05/2013","WL","DeepHole","Hypo","8",140,"",0.117814286,1.103015714,2.2844724,1.28567313296145e-05,1.17755408010281e-06,7.375689794337e-08,174.312256725952,10.9181663473936,15.9653417231148,"2013"
"24",24,"P-0658",NA,NA,1.551,198,1.539,0.281,0,6.273,6.174,0,561,699,0.027,-28.807,0.0144386,0.1231867,0,3,"06/05/2013","EL","DeepHole","PML","0-1.5",180,"",0.080214444,0.684370556,1.1717916,1.02561568562151e-05,1.03081316484615e-06,3.78326800761954e-08,271.092527295426,9.94957884317077,27.2466334071517,"2013"
"25",25,"P-0659",NA,NA,1.211,163,1.202,1.434,0,5.863,5.771,0,530,662,0.025,-30.281,0.0115146,0.1158477,0,3,"06/05/2013","EL","DeepHole","Hypo","8",140,"",0.082247143,0.827483571,1.1817708,9.64513362750812e-06,8.22060398372242e-07,3.81548703709683e-08,252.789055072954,11.7328771056317,21.5453594883064,"2013"
"26",26,"P-0660",NA,NA,3.342,446,3.316,1.111,0,14.395,14.169,0,1264,1573,0.062,-31.949,0.0298412,0.2685705,0,3,"06/05/2013","EL","Outlet","Surface","0",100,"",0.298412,2.685705,3.037902,2.23603779868454e-05,2.13044906118369e-06,9.80822651987214e-08,227.9757501679,10.4956172828755,21.721042605075,"2013"
"27",27,"P-0661",NA,NA,0.79,101,0.784,2.295,0,7.055,6.944,0,643,798,0.03,-25.105,0.007894,0.1371845,0,3,"06/05/2013","EL","Inlet","Surface","0",180,"",0.043855556,0.762136111,0.518154,1.14215718924319e-05,5.63575355179553e-07,1.67292157685726e-08,682.732056925729,20.2662728017854,33.6880917178605,"2013"
"28",28,"P-0680",NA,NA,0.954,119,0.947,-0.389,0,4.426,4.356,0,398,497,0.019,-28.078,0.0093044,0.0901254,0,3,"06/12/2013","EL","DeepHole","PML","0-1",200,"",0.046522,0.450627,0.7843524,7.50357172591791e-06,6.64267866066967e-07,2.53237464888774e-08,296.30575117365,11.2960028765887,26.2310265330892,"2013"
"29",29,"P-0681",NA,NA,0.93,125,0.923,2.174,0,5.652,5.563,0,517,645,0.024,-28.06,0.009098,0.1120708,0,3,"06/12/2013","EL","DeepHole","Hypo","8",140,"",0.064985714,0.800505714,0.83673,9.33068020980768e-06,6.49532376668808e-07,2.70148193587964e-08,345.391175335381,14.3652272695951,24.0435580205837,"2013"
"30",30,"P-0684",NA,NA,0.834,117,0.828,1.616,0,4.587,4.515,0,371,460,0.02,-27.575,0.0060388,0.0851964,0,3,"06/12/2013","WL","DeepHole","PML","0-1",200,"",0.030194,0.425982,0.6843588,7.09319790192324e-06,4.31127293496109e-07,2.20953346463048e-08,321.026950506472,16.4526765271641,19.5121413817649,"2013"
"31",31,"P-0685",NA,NA,2.125,279,2.109,-0.691,0,9.852,9.697,0,781,970,0.042,-31.751,0.016625,0.1757544,0,3,"06/12/2013","WL","DeepHole","Hypo","8",180,"",0.092361111,0.976413333,3.3318084,1.46327866122721e-05,1.18690654672664e-06,1.07571381525845e-07,136.028620295784,12.3285077941711,11.0336646224207,"2013"
"32",32,"P-0706",NA,NA,1.111,146,1.103,0.671,0,5.776,5.685,0,463,574,0.025,-27.344,0.0083102,0.1056472,0,3,"06/19/2013","EL","DeepHole","PML","0-1.5",180,"",0.046167778,0.586928889,0.8319684,8.79587045208559e-06,5.93289069750839e-07,2.6861085461531e-08,327.457744203322,14.8256067750912,22.0873080725094,"2013"
"33",33,"P-0707",NA,NA,0.986,125,0.979,0.124,0,7.417,7.301,0,589,730,0.032,-27.893,0.0072852,0.1338724,0,3,"06/19/2013","EL","DeepHole","Hypo","8",140,"",0.052037143,0.956231429,1.5414468,1.11458163350262e-05,5.20111372884986e-07,4.97674361540697e-08,223.958017457863,21.4296724049734,10.4508371955274,"2013"
"34",34,"P-0708",NA,NA,1.332,173,1.321,2.462,0,6.097,6.001,0,485,601,0.026,-26.718,0.0101224,0.1111684,0,3,"06/19/2013","WL","DeepHole","PML","0-1.5",200,"",0.050612,0.555842,0.908154,9.25554908000999e-06,7.22667237809667e-07,2.93208278177768e-08,315.664657817011,12.8074839923042,24.6468906778793,"2013"
"35",35,"P-0709",NA,NA,2.079,290,2.064,-1.481,0,8.838,8.7,0,708,879,0.038,-31.206,0.0162478,0.1583136,0,3,"06/19/2013","WL","DeepHole","Hypo","8",200,"",0.081239,0.791568,3.6270276,1.31807176754642e-05,1.15997715428e-06,1.17102883156297e-07,112.556730630379,11.3629114391011,9.90562420851568,"2013"
"36",36,"P-0710",NA,NA,0.602,77,0.597,-0.22,0,7.059,6.948,0,567,701,0.03,-25,0.0041364,0.1277148,0,3,"06/19/2013","EL","Inlet","Surface","0",280,"",0.014772857,0.456124286,0.4748484,1.06331529431355e-05,2.95309488113086e-07,1.5331043166629e-08,693.570087016687,36.0068110614298,19.2621914179907,"2013"
"37",37,"P-0711",NA,NA,1.613,212,1.6,1.202,0,8.805,8.666,0,703,870,0.038,-26.553,0.0124266,0.157746,0,3,"06/19/2013","EL","Outlet","Surface","0",180,"",0.069036667,0.876366667,0.9033924,1.31334609940888e-05,8.87170700364104e-07,2.91670939205114e-08,450.283495156602,14.8037587227561,30.4168355881424,"2013"
"38",38,"P-0736",NA,NA,1.242,165,1.233,0.46,0,4.782,4.706,0,383,476,0.02,-27.851,0.0093844,0.0885504,0,3,"06/26/2013","WL","DeepHole","PML","0-1",200,"",0.046922,0.442752,0.6043956,7.37244192823245e-06,6.69979296066253e-07,1.95136279985794e-08,377.809904379092,11.0039847074669,34.3339176146551,"2013"
"39",39,"P-0737",NA,NA,2.197,291,2.181,-0.918,0,7.482,7.365,0,597,743,0.032,-32.221,0.0172154,0.1349904,0,3,"06/26/2013","WL","DeepHole","Hypo","8",200,"",0.086077,0.674952,2.9579292,1.12388976771293e-05,1.22905690012137e-06,9.55002486036225e-08,117.684486076856,9.14432657757299,12.8696722583688,"2013"
"40",40,"P-0738",NA,NA,1.686,228,1.673,0.812,0,6.385,6.285,0,513,633,0.027,-28.332,0.0130252,0.116122,0,3,"06/26/2013","EL","DeepHole","PML","0-0.5",200,"",0.065126,0.58061,NA,9.66797102655899e-06,9.29906475333762e-07,NA,NA,10.3967133072054,NA,"2013"
"41",41,"P-0739",NA,NA,1.682,223,1.669,-0.772,0,7.315,7.2,0,584,724,0.031,-30.643,0.0129924,0.132118,0,3,"06/26/2013","EL","DeepHole","Hypo","8",170,"",0.076425882,0.777164706,1.8011076,1.09997502289568e-05,9.27564789034054e-07,5.81508927130081e-08,189.158750893883,11.8587406065852,15.9509982694825,"2013"
"42",42,"P-0741",NA,NA,1.093,144,1.085,-0.171,0,5.897,5.805,0,473,587,0.025,-26.781,0.0081626,0.1077284,0,3,"06/26/2013","EL","Outlet","Surface","0",170,"",0.048015294,0.633696471,0.9634092,8.96914495046208e-06,5.82751481402156e-07,3.1104807412908e-08,288.352370467982,15.391029000701,18.735093700028,"2013"
"43",43,"P-0766",NA,NA,1.03,135,1.023,0.123,0,5.582,5.494,0,446,553,0.024,-27.442,0.007646,0.1023104,0,3,"07/03/2013","WL","DeepHole","PML","0-1.5",200,"",0.03823,0.511552,NA,8.51805844642411e-06,5.45869922181766e-07,NA,NA,15.6045572402645,NA,"2013"
"44",44,"P-0767",NA,NA,1.974,261,1.959,-0.782,0,8.545,8.411,0,679,844,0.037,-31.354,0.0153868,0.153274,0,3,"07/03/2013","WL","DeepHole","Hypo","8",160,"",0.0961675,0.9579625,3.1523949,1.27611356256765e-05,1.09850788891269e-06,1.01778804119717e-07,125.381072572499,11.6167901518737,10.7930909427917,"2013"
"45",45,"P-0768",NA,NA,1.682,219,1.669,1.545,0,6.822,6.715,0,545,675,0.029,-28.035,0.0129924,0.1236384,0,3,"07/03/2013","EL","DeepHole","PML","0-1",180,"",0.07218,0.68688,1.0880667,1.02937640496212e-05,9.27564789034054e-07,3.51295224873277e-08,293.023170278915,11.0976226904224,26.4041388370325,"2013"
"46",46,"P-0769",NA,NA,1.174,157,1.165,0.613,0,6.851,6.744,0,546,677,0.029,-29.334,0.0088268,0.1241372,0,3,"07/03/2013","EL","DeepHole","Hypo","8",140,"",0.063048571,0.886694286,1.6963953,1.03352926484056e-05,6.30170628971229e-07,5.47701320504956e-08,188.703080702397,16.4007844435376,11.5057350672487,"2013"
"47",47,"P-0770",NA,NA,0.575,75,0.57,2.356,0,4.753,4.678,0,379,469,0.02,-24.983,0.003915,0.0880516,0,3,"07/03/2013","EL","Inlet","Surface","0",200,"",0.019575,0.440258,NA,7.33091332944801e-06,2.79503105590062e-07,NA,NA,26.228378800914,NA,"2013"
"48",48,"P-0771",NA,NA,0.844,112,0.837,2.23,0,5.968,5.874,0,479,593,0.026,-26.343,0.0061208,0.1089496,0,3,"07/03/2013","EL","Outlet","Surface","0",180,"",0.034004444,0.605275556,1.1229708,9.07081841645159e-06,4.36981509245377e-07,3.62564427081652e-08,250.185008205694,20.7578998757086,12.052520231031,"2013"
"49",49,"P-0789",NA,NA,1.403,184,1.392,-1.174,0,5.92,5.827,0,476,588,0.025,-28.834,0.0107046,0.108124,0,3,"07/10/2013","WL","DeepHole","PML","0-1.5",200,"",0.053523,0.54062,NA,9.00208142536009e-06,7.64232169629471e-07,NA,NA,11.7792495305774,NA,"2013"
"50",50,"P-0790",NA,NA,2.462,313,2.443,-0.825,0,8.271,8.141,0,654,812,0.035,-30.673,0.0193884,0.1485612,0,3,"07/10/2013","WL","DeepHole","Hypo","8",175,"",0.110790857,0.848921143,2.4792444,1.23687619681958e-05,1.38419361747698e-06,8.0045342717851e-08,154.521944041067,8.93571665988524,17.2926190391372,"2013"
"51",51,"P-0791",NA,NA,3.06,397,3.037,0.684,0,10.699,10.531,0,849,1052,0.046,-29.589,0.024292,0.1903228,1,3,"07/10/2013","EL","DeepHole","PML","0-1.5",180,"",0.134955556,1.057348889,2.5141485,1.58457081009075e-05,1.73427571928322e-06,8.11722629386885e-08,195.2108704038,9.13678714677307,21.3653735462957,"2013"
"52",52,"P-0792",NA,NA,3.571,462,3.544,2.084,0,11.046,10.873,0,876,1084,0.047,-28.464,0.0284822,0.1962912,1,3,"07/10/2013","EL","DeepHole","Hypo","8",NA,"volume not recorded",NA,NA,2.9579292,1.63426192656731e-05,2.03342614407082e-06,9.55002486036225e-08,171.126457832626,8.03698689196353,21.292364928919,"2013"
"53",53,"P-0793",NA,NA,0.733,92,0.728,-1.038,0,4.899,4.822,0,388,481,0.021,-25.196,0.0052106,0.0905628,1,3,"07/10/2013","EL","Inlet","Surface","0",200,"",0.026053,0.452814,0.6293271,7.53998834401798e-06,3.719997144285e-07,2.03185710134633e-08,371.088514985719,20.2688014306721,18.3083600801458,"2013"
"54",54,"P-0794",NA,NA,2.815,371,2.794,2.09,0,9.261,9.115,0,737,909,0.039,-27.508,0.02402,0.1700892,0,3,"07/10/2013","EL","Outlet","Surface","0",180,"",0.133444444,0.94494,1.6565049,1.41611189742736e-05,1.71485685728564e-06,5.34822232266813e-08,264.781793274608,8.25790147679642,32.0640533213685,"2013"
"55",55,"P-0822",NA,NA,1.164,146,1.156,0.434,0,7.476,7.358,0,593,733,0.032,-25.574,0.010812,0.1393872,0,3,"07/17/2013","EL","Inlet","Surface","0",200,"",0.05406,0.696936,1.0669941,1.16049621180584e-05,7.71899764403513e-07,3.44491686307429e-08,336.872051759822,15.0342863843549,22.4069199659773,"2013"
"56",56,"P-0823",NA,NA,1.54,193,1.528,-0.798,0,9.688,9.535,0,761,942,0.041,-28.194,0.01382,0.1774336,0,3,"07/17/2013","EL","Outlet","Surface","0",140,"",0.098714286,1.267382857,2.2565763,1.47725917908584e-05,9.86649532376669e-07,7.28562393052013e-08,202.76357840781,14.9724814192875,13.5424164324967,"2013"
"57",57,"P-0855",NA,NA,0.96,118,0.953,-0.283,0,5.149,5.068,0,405,504,0.022,-30.121,0.00918,0.0993628,0,3,"07/25/2013","EL","DeepHole","PML","0-1",140,"",0.065571429,0.709734286,1.2120651,8.27265007076846e-06,6.55386592418077e-07,3.91329577373842e-08,211.398538446418,12.6225500589601,16.7476886571234,"2013"
"58",58,"P-0856",NA,NA,1.269,157,1.259,-3.227,0,6.009,5.914,0,475,592,0.026,-31.177,0.011652,0.1141548,0,3,"07/25/2013","EL","DeepHole","Mete","4",170,"",0.068541176,0.671498824,1.8407061,9.5041878278245e-06,8.31869779396016e-07,5.94293771994963e-08,159.924069133692,11.4250908774749,13.9976189991617,"2013"
"59",59,"P-0857",NA,NA,0.712,84,0.706,-0.934,0,5.411,5.326,0,425,528,0.023,-25.121,0.007196,0.1038692,0,3,"07/25/2013","EL","Inlet","Surface","0",180,"",0.039977778,0.577051111,0.8252091,8.64783948047623e-06,5.13743128435782e-07,2.66428534530075e-08,324.583832423552,16.8330027241566,19.2825865796214,"2013"
"60",60,"P-0858",NA,NA,1.526,198,1.514,-1.901,0,10.607,10.44,0,841,1045,0.045,-29.227,0.013708,0.1932404,0,3,"07/25/2013","EL","Outlet","Surface","0",50,"",0.27416,3.864808,1.777842,1.6088618766131e-05,9.78653530377668e-07,5.73997352532851e-08,280.290818331087,16.4395450143856,17.0497917117424,"2013"
"61",61,"P-0899",NA,NA,1.318,164,1.308,-0.801,0,6.671,6.566,0,525,654,0.029,-30.046,0.012044,0.1255412,0,3,"07/31/2013","WL","DeepHole","PML","0-1",200,"",0.06022,0.627706,1.3716432,1.04521854966281e-05,8.59855786392518e-07,4.42851257546896e-08,236.020228428983,12.1557424652333,19.4163564343376,"2013"
"62",62,"P-0900",NA,NA,1.198,156,1.189,-1.524,0,6.475,6.373,0,509,635,0.028,-32.092,0.011084,0.12217,0,3,"07/31/2013","WL","DeepHole","Hypo","8",140,"",0.079171429,0.872642857,2.3194404,1.01715094496711e-05,7.91318626401085e-07,7.48858812514125e-08,135.826797784786,12.853873408656,10.5669935797966,"2013"
"63",63,"P-0901",NA,NA,7.189,938,7.135,0.965,0,22.84,22.481,0,1799,2207,0.097,-25.241,0.059012,0.403648,0,3,"07/31/2013","EL","DeepHole","PML","0-1",180,"",0.327844444,2.242488889,1.4296716,3.36065273499292e-05,4.21303633897337e-06,4.61586413973461e-08,728.065782106435,7.97679503474647,91.2729710284671,"2013"
"64",64,"P-0902",NA,NA,0.962,118,0.955,-2.264,0,6.071,5.975,0,467,579,0.026,-31.396,0.009196,0.1152212,0,3,"07/31/2013","EL","DeepHole","Hypo","8",180,"",0.051088889,0.640117778,2.1888765,9.59297310798435e-06,6.56528878417934e-07,7.06704710554354e-08,135.742311671581,14.6116544501454,9.29000286276483,"2013"
"65",65,"P-0903",NA,NA,NA,NA,NA,NA,NA,3.843,3.782,0,300,374,0.017,-25.505,NA,0.0768996,0,3,"07/31/2013","EL","Inlet","Surface","0",200,"no N peak",NA,0.384498,0.5544099,6.40243110482058e-06,NA,1.78997804539438e-08,357.68210237517,NA,NA,"2013"
"66",66,"P-0904",NA,NA,1.088,139,1.08,0.471,0,8.604,8.469,0,681,849,0.037,-29.043,0.010204,0.1587888,0,3,"07/31/2013","EL","Outlet","Surface","0",120,"",0.085033333,1.32324,1.4103288,1.32202814087087e-05,7.28492896408938e-07,4.55341361831272e-08,290.337810638153,18.1474403853178,15.9988298334928,"2013"
"67",67,"P-0931",NA,NA,0.92,114,0.913,-1.625,0,5.532,5.445,0,437,545,0.024,-29.341,0.00886,0.1059504,0,3,"08/06/2013","WL","DeepHole","PML","0-2",200,"",0.0443,0.529752,0.5894979,8.82111397885272e-06,6.32540872420932e-07,1.90326381041552e-08,463.473005191376,13.9455240972675,33.2345347481196,"2013"
"68",68,"P-0932",NA,NA,0.879,103,0.873,-3.773,0,6.707,6.601,0,510,639,0.029,-32.292,0.008532,0.1261604,0,3,"08/06/2013","WL","DeepHole","Hypo","8",140,"",0.060942857,0.901145714,2.2473123,1.05037382399467e-05,6.09124009423859e-07,7.25571400897556e-08,144.765053128517,17.2440062736678,8.39509397242439,"2013"
"69",69,"P-0933",NA,NA,NA,NA,NA,NA,NA,3.47,3.416,0,268,336,0.015,-29.904,NA,0.070484,0,3,"08/06/2013","EL","DeepHole","PML","0-1.5",140,"no N peak",NA,0.503457143,0.6695628,5.86828740321372e-06,NA,2.16176282568689e-08,271.458428902769,NA,NA,"2013"
"70",70,"P-0934",NA,NA,0.607,71,0.602,-2.866,0,5.46,5.375,0,416,521,0.024,-31.035,0.006356,0.104712,0,3,"08/06/2013","EL","DeepHole","Hypo","8",140,"",0.0454,0.747942857,1.5502767,8.71800849221547e-06,4.53773113443278e-07,5.00525199367191e-08,174.177214318831,19.2122632080651,9.06593941757537,"2013"
"71",71,"P-0935",NA,NA,0.725,82,0.72,4.509,0,6.298,6.198,0,490,610,0.027,-24.855,0.0073,0.1191256,0,3,"08/06/2013","EL","Inlet","Surface","0",280,"",0.026071429,0.425448571,0.7637568,9.91804179502123e-06,5.21167987434854e-07,2.46587931424144e-08,402.211160040988,19.0304125236798,21.1351782070153,"2013"
"72",72,"P-0936",NA,NA,0.583,63,0.578,-3.05,0,7.536,7.417,0,541,676,0.032,-28.347,0.006164,0.1404192,0,3,"08/06/2013","EL","outlet","Surface","0",90,"",0.068488889,1.560213333,1.5314379,1.16908833569228e-05,4.40065681444992e-07,4.944428695961e-08,236.445585037415,26.5662237476343,8.90023314128227,"2013"
"73",73,"P-0953",NA,NA,NA,NA,NA,NA,NA,3.853,3.792,0,275,343,0.016,-29.149,NA,0.0770716,0,3,"08/14/2013","WL","DeepHole","PML","0-2",140,"no N peak",NA,0.550511429,0.9568545,6.41675131129798e-06,NA,3.08931811577826e-08,207.707690526441,NA,NA,"2013"
"74",74,"P-0954",NA,NA,NA,NA,NA,NA,NA,4.544,4.472,0,295,370,0.02,-31.609,NA,0.0889568,1,3,"08/14/2013","WL","DeepHole","Hypo","8",140,"sample didn’t combust",NA,0.635405714,1.9835691,7.40627757888602e-06,NA,6.40418784102283e-08,115.647413266741,NA,NA,"2013"
"75",75,"P-0955",NA,NA,NA,NA,NA,NA,NA,2.289,2.252,0,108,136,0.01,-30.221,NA,0.0501708,1,3,"08/14/2013","EL","DeepHole","PML","0-2",140,"sample didn’t combust",NA,0.358362857,0.8485314,4.17707101823329e-06,NA,2.73958415394053e-08,152.470987694432,NA,NA,"2013"
"76",76,"P-0956",NA,NA,NA,NA,NA,NA,NA,2.678,2.635,0,124,156,0.012,-30.386,NA,0.0568616,1,3,"08/14/2013","EL","DeepHole","Hypo","8",140,"sample didn’t combust",NA,0.406154286,1.7386647,4.73412705020398e-06,NA,5.613484970781e-08,84.3349020233561,NA,NA,"2013"
"77",1,"P-0957",NA,NA,0.63,76,0.626,-1.321,0,3.785,3.726,0,310,387,0.016,-29.181,0.005055,0.0799815,0,3,"08/14/2013","EL","Inlet 1","Surface","0",200,"",0.025275,0.3999075,0.5047233,6.65902089751062e-06,3.60890983079889e-07,1.62955897071643e-08,408.6394550412,18.4516133949419,22.1465433019109,"2013"
"78",2,"P-0958",NA,NA,0.505,61,0.501,-0.545,0,4.087,4.022,0,336,420,0.018,-25.184,0.0039925,0.0847833,0,3,"08/14/2013","EL","outlet","Surface","0",140,"",0.0285178571428571,0.605595,0.6413046,7.05880442927317e-06,2.85036053401871e-07,2.07052787912052e-08,340.918105979402,24.7646020390305,13.7663470401056,"2013"
"79",3,"P-0969",NA,NA,1.008,126,1,0.292,0,5.224,5.141,0,425,529,0.023,-23.726,0.008268,0.1028616,0,15,"04/23/2014","EL","Inlet 1","surface","0",180,"1",0.0459333333333333,0.571453333333333,1.149057,8.5639497127633e-06,5.90276290426215e-07,3.70986665805702e-08,230.842520826571,14.508374894373,15.9109840011167,"2014"
"80",4,"P-0973",NA,NA,1.721,214,1.708,0.777,0,7.309,7.194,0,579,722,0.031,-29.789,0.0143285,0.1360131,0,3,"05/14/2014","WL","DH","PML","1",120,"1",0.119404166666667,1.1334425,1.25856,1.13240446257597e-05,1.02295280930963e-06,4.0634100668324e-08,278.683284224555,11.0699579909283,25.174737289241,"2014"
"81",5,"P-0974",NA,NA,1.709,210,1.696,-0.165,0,6.265,6.167,0,493,616,0.027,-34.374,0.0142265,0.1194135,0,3,"05/14/2014","WL","DH","Hypo","8",120,"1",0.118554166666667,0.9951125,2.363112,9.94201148946799e-06,1.01567073606054e-06,7.62958705969716e-08,130.308644644559,9.78861666136985,13.3122635355426,"2014"
"82",6,"P-0975",NA,NA,2.219,279,2.203,1.291,0,8.139,8.012,0,637,795,0.035,-32.738,0.0185615,0.1492101,0,3,"05/14/2014","EL","DH","PML","1",120,"1",0.154679166666667,1.2434175,1.820358,1.24227874448422e-05,1.32515884914686e-06,5.87724146837568e-08,211.371057522256,9.37456475715352,22.5472929141551,"2014"
"83",7,"P-0977",NA,NA,0.417,53,0.414,-4.528,0,3.236,3.185,0,259,323,0.014,-25.093,0.0032445,0.0712524,0,3,"05/14/2014","EL","Inlet 1","surface","0",140,"1",0.023175,0.508945714285714,0.520605,5.93226209308134e-06,2.31634182908546e-07,1.68083492073742e-08,352.935438209407,25.6104777740146,13.7809001973212,"2014"
"84",8,"P-0987",NA,NA,1.702,209,1.69,2.769,0,6.968,6.858,0,545,678,0.03,-26.545,0.014167,0.1305912,0,3,"05/21/2014","WL","DH","PML","2",120,"1",0.118058333333333,1.08826,NA,1.08726334193656e-05,1.01142285999857e-06,NA,NA,10.7498395076624,NA,"2014"
"85",9,"P-0988",NA,NA,1.737,216,1.724,2.986,0,6.395,6.294,0,498,623,0.027,-31.526,0.0144645,0.1214805,0,3,"05/21/2014","WL","DH","Hypo","8",120,"1",0.1205375,1.0123375,2.558313,1.01141037382399e-05,1.03266224030842e-06,8.25981661447066e-08,122.449495071364,9.79420312223215,12.5022417386272,"2014"
"86",10,"P-0989",NA,NA,1.96,252,1.945,2.663,0,7.402,7.286,0,584,723,0.032,-28.901,0.01636,0.1374918,0,3,"05/21/2014","EL","DH","PML","2",120,"1",0.136333333333333,1.145765,1.615635,1.14471567729581e-05,1.167987434854e-06,5.21626900849127e-08,219.451043539433,9.80075335689636,22.3912423410814,"2014"
"87",11,"P-0990",NA,NA,1.226,147,1.217,-3.892,0,5.737,5.647,0,432,541,0.025,-32.823,0.010121,0.1110183,0,3,"05/21/2014","EL","DH","Hypo","8",120,"1",0.0843416666666667,0.9251525,2.405961,9.24305220214803e-06,7.22567287784679e-07,7.76793013269622e-08,118.989898779378,12.7919604975287,9.301928254263,"2014"
"88",12,"P-1015",NA,NA,0.59,72,0.586,1.126,0,3.13,3.081,0,252,315,0.013,-28.334,0.004715,0.069567,0,15,"05/28/2014","WL","DH","PML","1",120,"1",0.0392916666666667,0.579725,0.5047542,5.79194072100575e-06,3.36617405582923e-07,1.62965873502728e-08,355.408196606806,17.2063019467927,20.6556991563812,"2014"
"89",13,"P-1016",NA,NA,1.66,204,1.647,-4.153,0,6.726,6.621,0,520,654,0.029,-35.838,0.01381,0.1267434,0,15,"05/28/2014","WL","DH","Hypo","10",120,"1",0.115083333333333,1.056195,2.3561442,1.05522770793439e-05,9.85935603626758e-07,7.60709069189294e-08,138.71633068066,10.7028055793172,12.9607446993828,"2014"
"90",14,"P-1017",NA,NA,1.225,151,1.216,3.516,0,4.843,4.766,0,382,478,0.021,-28.796,0.0101125,0.0968037,0,15,"05/28/2014","EL","DH","PML","0.5",120,"1",0.0842708333333333,0.8066975,1.072881,8.05958704520856e-06,7.21960448347255e-07,3.46392341716979e-08,232.672206471402,11.1634744862533,20.8422751140709,"2014"
"91",15,"P-1018",NA,NA,1.23,153,1.221,-1.371,0,5.821,5.729,0,459,576,0.025,-31.967,0.010155,0.1123539,0,15,"05/28/2014","EL","DH","Hypo","8",120,"1",0.084625,0.9362825,1.715616,9.3542502705853e-06,7.24994645534376e-07,5.53906951215575e-08,168.877647230405,12.9025094574188,13.0887443088291,"2014"
"92",16,"P-1019",NA,NA,0.534,65,0.53,-2.552,0,3.307,3.255,0,262,326,0.014,-31.269,0.004239,0.0723813,0,15,"05/28/2014","EL","Inlet","surface","0",160,"1",0.02649375,0.452383125,0.477756,6.02625093664141e-06,3.02634397087171e-07,1.54249184773835e-08,390.682838646913,19.9126437531343,19.6198377016321,"2014"
"93",17,"P-1026",NA,NA,0.637,78,0.632,-1.736,0,3.219,3.168,0,260,325,0.014,-28.961,0.0051145,0.0709821,0,3,"06/04/2014","WL","DH","PML","1.5",140,"",0.0365321428571429,0.507015,0.63963,5.90975772208809e-06,3.65138859141858e-07,2.0651212346237e-08,286.170013798969,16.1849597054038,17.6812311558256,"2014"
"94",18,"P-1027",NA,NA,1.67,208,1.657,-3.233,0,7.113,7.001,0,561,704,0.031,-34.331,0.013895,0.1328967,0,3,"06/04/2014","WL","DH","Hypo","8",140,"",0.09925,0.949262142857143,2.553552,1.10645824660728e-05,9.92003998001e-07,8.24444516191522e-08,134.206514189518,11.1537680174366,12.0323924596346,"2014"
"95",19,"P-1028",NA,NA,0.905,116,0.898,-1.127,0,4.273,4.206,0,339,424,0.018,-29.812,0.0073925,0.0877407,0,3,"06/04/2014","EL","DH","PML","1.5",120,"",0.0616041666666667,0.7311725,0.963378,7.30502872366997e-06,5.27771828371528e-07,3.11038000839441e-08,234.859686081922,13.8412630818323,16.9680819368424,"2014"
"96",20,"P-1029",NA,NA,1.077,130,1.069,-1.192,0,5.705,5.616,0,441,548,0.024,-31.688,0.0088545,0.1105095,0,3,"06/04/2014","EL","DH","Hypo","8",120,"",0.0737875,0.9209125,1.815597,9.20069103321955e-06,6.32148211608481e-07,5.86187001582023e-08,156.958291609817,14.5546421934955,10.7840707812083,"2014"
"97",21,"P-1030",NA,NA,0.927,115,0.92,-1.926,0,5.501,5.414,0,441,550,0.024,-28.653,0.0075795,0.1072659,0,3,"06/04/2014","EL","Inlet","surface","0",120,"",0.0631625,0.8938825,1.325214,8.93063858130047e-06,5.4112229599486e-07,4.27861040260872e-08,208.727547987434,16.5039190722707,12.6471504782237,"2014"
"98",22,"P-1056",NA,NA,0.523,63,0.519,-0.766,0,2.81,2.765,0,227,284,0.012,-28.19,0.0041455,0.064479,0,3,"06/11/2014","WL","DH","PML","1.5",140,"1",0.0296107142857143,0.460564285714286,0.5458962,5.36832903172092e-06,2.95959163275505e-07,1.76249055629096e-08,304.587676374175,18.1387491852165,16.7920992381559,"2014"
"99",23,"P-1057",NA,NA,1.849,230,1.835,-2.372,0,7.705,7.584,0,604,759,0.033,-34.245,0.0154165,0.1423095,0,3,"06/11/2014","WL","DH","Hypo","8",140,"1",0.110117857142857,1.01649642857143,2.598882,1.18482640912497e-05,1.10062825729992e-06,8.39079843734866e-08,141.205442839758,10.7650008190014,13.1170861213978,"2014"
"100",24,"P-1058",NA,NA,0.761,94,0.755,0.868,0,3.48,3.425,0,284,353,0.015,-29.408,0.0069163,0.068084,0,3,"06/11/2014","EL","DH","PML","1",140,"1",0.0494021428571429,0.486314285714286,0.91206,5.66847056864541e-06,4.93774541300778e-07,2.94469376553773e-08,192.497795016396,11.4798761266886,16.7682815469476,"2014"
"101",25,"P-1059",NA,NA,1.421,175,1.411,-0.973,0,6.465,6.364,0,511,641,0.028,-33.289,0.0123943,0.115247,0,3,"06/11/2014","EL","DH","Hypo","8",140,"1",0.0885307142857143,0.823192857142857,2.1380916,9.59512113895596e-06,8.84864710501892e-07,6.90308203919543e-08,138.997640249315,10.8436024457497,12.8184006140687,"2014"
"102",26,"P-1060",NA,NA,0.746,89,0.74,-0.094,0,3.776,3.716,0,301,377,0.016,-27.744,0.0067918,0.0727608,0,3,"06/11/2014","EL","Outlet","surface","0",120,"1",0.0565983333333333,0.60634,1.0066866,6.05784697360753e-06,4.84886128364389e-07,3.25020695444419e-08,186.383422917863,12.4933394032982,14.9186231880212,"2014"
"103",27,"P-1061",NA,NA,NA,NA,NA,NA,NA,2.989,2.942,0,248,310,0.013,-25.56,NA,0.0603262,0,3,"06/11/2014","EL","Inlet ","surface","0",140,"1",NA,0.430901428571429,0.5047542,5.02257930230622e-06,NA,1.62965873502728e-08,308.198225453757,NA,NA,"2014"
"104",28,"P-1081",NA,NA,0.719,95,0.713,1.131,0,3.405,3.351,0,283,355,0.015,-27.892,0.0065677,0.066899,0,3,"06/18/2014","WL","DH","PML","1",140,"",0.0469121428571429,0.47785,0.806265,5.5698110065773e-06,4.68886985078889e-07,2.60312207406451e-08,213.966569684556,11.8787920838541,18.0124854593073,"2014"
"105",29,"P-1082",NA,NA,1.573,206,1.561,-1.163,0,6.423,6.322,0,521,657,0.028,-33.548,0.0136559,0.1145834,0,3,"06/18/2014","WL","DH","Hypo","8",140,"",0.0975421428571429,0.818452857142857,2.801124,9.53987178419782e-06,9.74933961590633e-07,9.04376069479869e-08,105.485672455757,9.78514664586434,10.7801830951956,"2014"
"106",30,"P-1084",NA,NA,1.366,180,1.356,-1.875,0,6.454,6.353,0,516,648,0.028,-33.352,0.0119378,0.1150732,0,3,"06/18/2014","EL","DH","Hypo","8",140,"",0.08527,0.821951428571428,2.8773,9.58065106985264e-06,8.52273863068466e-07,9.28970393568592e-08,103.13193118081,11.2412822744078,9.17439209009126,"2014"
"107",31,"P-1085",NA,NA,0.751,100,0.745,0.426,0,4.618,4.545,0,372,465,0.02,-28.038,0.0068333,0.0860644,0,3,"06/18/2014","EL","Outlet","surface","0",120,"",0.0569441666666667,0.717203333333333,1.134774,7.16546499042544e-06,4.87848932676519e-07,3.66375230039066e-08,195.577222555722,14.687876739041,13.3155544555919,"2014"
"108",32,"P-1086",NA,NA,0.63,83,0.625,0.298,0,3.356,3.303,0,271,340,0.014,-28.078,0.005829,0.0661248,0,3,"06/18/2014","EL","Inlet ","surface","0",120,"",0.048575,0.55104,0.439668,5.50535342602614e-06,4.16149068322981e-07,1.41952022729474e-08,387.831981550415,13.2292821132867,29.3161774183423,"2014"
"109",33,"P-1116",NA,NA,0.776,98,0.77,0.087,0,3.406,3.352,0,274,342,0.015,-28.898,0.0070408,0.0669148,0,3,"06/25/2014","WL","DH","PML","1.5",140,"1",0.0502914285714286,0.477962857142857,0.8873748,5.57112646740488e-06,5.02662954237167e-07,2.86499467277952e-08,194.455037572547,11.0832246944864,17.5449873960673,"2014"
"110",34,"P-1117",NA,NA,1.8,243,1.786,-3.24,0,7.09,6.979,0,568,713,0.031,-34.563,0.01554,0.125122,0,3,"06/25/2014","WL","DH","Hypo","8",140,"1",0.111,0.893728571428571,2.6235672,1.04172841561902e-05,1.10944527736132e-06,8.47049753010687e-08,122.983143778317,9.38963315159302,13.0977581118228,"2014"
"111",35,"P-1118",NA,NA,0.874,111,0.867,0.049,0,3.494,3.439,0,280,353,0.015,-29.609,0.0078542,0.0683052,0,3,"06/25/2014","EL","DH","PML","1",140,"1",0.0561014285714286,0.487894285714286,0.4670919,5.68688702023145e-06,5.60733918754908e-07,1.50806153746812e-08,377.099135475543,10.1418637789185,37.1824295510065,"2014"
"112",36,"P-1119",NA,NA,1.626,210,1.614,-3.908,0,6.321,6.222,0,506,637,0.027,-34.466,0.0140958,0.1129718,0,3,"06/25/2014","EL","DH","Hypo","8",140,"1",0.100684285714286,0.806941428571428,2.40507,9.4056947797852e-06,1.00633968729921e-06,7.76505343363575e-08,121.128526161104,9.34644126480592,12.9598552785234,"2014"
"113",37,"P-1120",NA,NA,2.66,344,2.64,0.524,0,14.43,14.204,0,1142,1419,0.062,-28.65,0.022678,0.241094,0,3,"06/25/2014","EL","Outlet","surface","0",140,"1",0.161985714285714,1.7221,1.5502113,2.00727666305886e-05,1.61904761904762e-06,5.0050408420237e-08,401.051005659178,12.3978852718342,32.3483398068134,"2014"
"114",38,"P-1121",NA,NA,0.683,82,0.678,1.035,0,4.496,4.425,0,356,443,0.019,-25.549,0.0062689,0.0841368,0,3,"06/25/2014","EL","Inlet","surface","0",120,"1",0.0522408333333333,0.70114,0.3551994,7.00497876946133e-06,4.47554794031556e-07,1.14680334484874e-08,610.826503159988,15.6516673776651,39.026289558877,"2014"
"115",39,"P-1139",NA,NA,0.844,105,0.837,0.175,0,3.843,3.782,0,307,384,0.017,-30.138,0.0076052,0.0738194,0,3,"07/02/2014","WL","DH","PML","2",140,"1",0.0543228571428571,0.527281428571428,0.6461199,6.14598284905503e-06,5.4295709288213e-07,2.08607464565912e-08,294.619507592602,11.3194632313041,26.0276924419728,"2014"
"116",40,"P-1140",NA,NA,1.773,231,1.759,-2.982,0,6.324,6.225,0,506,637,0.027,-34.762,0.0153159,0.1130192,0,3,"07/02/2014","WL","DH","Hypo","8",120,"1",0.1276325,0.941826666666667,2.5214382,9.40964116226792e-06,1.09344613407582e-06,8.1407619539599e-08,115.586737647952,8.60549127115526,13.4317418966407,"2014"
"117",41,"P-1141",NA,NA,0.543,69,0.539,-0.632,0,2.684,2.641,0,217,272,0.012,-29.72,0.0051069,0.0555072,0,3,"07/02/2014","EL","DH","PML","1.5",120,"1",0.0425575,0.46256,0.6058386,4.62136374989593e-06,3.64596273291926e-07,1.95602169631615e-08,236.263419705391,12.6752906939224,18.6396845177425,"2014"
"118",42,"P-1142",NA,NA,1.301,162,1.292,-3.536,0,5.323,5.24,0,423,532,0.023,-34.414,0.0113983,0.0972034,0,3,"07/02/2014","EL","DH","Hypo","8",120,"1",0.0949858333333333,0.810028333333333,2.3200317,8.09286487386562e-06,8.1375740701078e-07,7.49049720724502e-08,108.041758109702,9.94505832345488,10.863863699511,"2014"
"119",43,"P-1143",NA,NA,1.343,166,1.333,-0.405,0,7.05,6.939,0,563,697,0.03,-28.802,0.0117469,0.12449,0,3,"07/02/2014","EL","Outlet","surface","0",120,"1",0.0978908333333333,1.03741666666667,1.4517459,1.03646657230872e-05,8.38644963232669e-07,4.68713363251865e-08,221.130151937181,12.3588242671072,17.8924909973608,"2014"
"120",44,"P-1164",NA,NA,0.774,98,0.768,-2.328,0,3.873,3.812,0,319,400,0.017,-30.101,0.0070242,0.0742934,0,3,"07/09/2014","WL","DH","PML","2",140,"1",0.0501728571428571,0.530667142857143,0.5294394,6.18544667388227e-06,5.01477832512315e-07,1.70935782778549e-08,361.85791958467,12.3344368840678,29.337206309927,"2014"
"121",45,"P-1165",NA,NA,1.853,241,1.839,-2.772,0,7.043,6.933,0,578,725,0.03,-34.027,0.0159799,0.1243794,0,3,"07/09/2014","WL","DH","Hypo","8",120,"1",0.133165833333333,1.036495,2.3232306,1.03554574972941e-05,1.14085100306989e-06,7.50082523488199e-08,138.0575759736,9.07695875221992,15.2096731672197,"2014"
"122",46,"P-1166",NA,NA,1.034,127,1.026,0.738,0,4.469,4.399,0,364,456,0.019,-29.359,0.0091822,0.0837102,0,3,"07/09/2014","EL","DH","PML","2",120,"1",0.0765183333333333,0.697585,0.8050908,6.96946132711681e-06,6.55543656743057e-07,2.59933103025215e-08,268.12519244387,10.6315746562834,25.2197064980779,"2014"
"123",47,"P-1167",NA,NA,1.253,162,1.244,-2.287,0,5.322,5.238,0,438,551,0.023,-33.073,0.0109999,0.0971876,0,3,"07/09/2014","EL","DH","Hypo","8",120,"1",0.0916658333333333,0.809896666666667,1.9323816,8.09154941303805e-06,7.85314485614336e-07,6.23892293287702e-08,129.694652427878,10.3035784532972,12.587340700684,"2014"
"124",48,"P-1168",NA,NA,0.897,110,0.89,-0.089,0,4.163,4.097,0,340,426,0.018,-29.096,0.0080451,0.0788754,0,3,"07/09/2014","EL","Outlet","surface","0",120,"1",0.0670425,0.657295,0.7762914,6.56693031387894e-06,5.74362818590705e-07,2.50634875536758e-08,262.011832942852,11.4334182181082,22.9163167081458,"2014"
"125",49,"P-1169",NA,NA,NA,NA,NA,NA,NA,2.942,2.896,0,241,302,0.013,-25.562,NA,0.0595836,0,3,"07/09/2014","EL","Inlet ","surface","0",140,"1",NA,0.425597142857143,0.3689856,4.96075264341021e-06,NA,1.19131372485713e-08,416.410265398824,NA,NA,"2014"
"126",50,"P-1206",NA,NA,0.656,79,0.651,-2.157,0,3.247,3.196,0,265,333,0.014,-30.278,0.0060448,0.0644026,0,3,"07/16/2014","WL","DH","PML","2.5",140,"1",0.0431771428571429,0.460018571428571,0.6981216,5.3619681958205e-06,4.31555650746056e-07,2.25396829496658e-08,237.890133938197,12.4247433362324,19.1464827482169,"2014"
"127",51,"P-1207",NA,NA,2.309,287,2.291,-2.824,0,7.871,7.747,0,638,801,0.034,-34.085,0.0197647,0.1374618,0,3,"07/16/2014","WL","DH","Hypo","8",140,"1",0.141176428571429,0.98187,2.886876,1.1444659062526e-05,1.41105875633612e-06,9.32062118619443e-08,122.788587089857,8.11068923326951,15.139106376581,"2014"
"128",52,"P-1208",NA,NA,0.914,119,0.907,1.577,0,4.348,4.279,0,359,448,0.019,-29.407,0.021399,0.1592228,0,3,"07/16/2014","EL","DH","PML","2",140,"1",0.15285,1.13730571428571,1.4181066,1.32564149529598e-05,1.52773613193403e-06,4.57852516708101e-08,289.53460927269,8.67716268265375,33.3674289467328,"2014"
"129",53,"P-1209",NA,NA,1.375,170,1.365,-1.515,0,5.772,5.681,0,462,579,0.025,-33.121,0.0230125,0.1679092,0,3,"07/16/2014","EL","DH","Hypo","8",140,"1",0.164375,1.19935142857143,1.9858662,1.3979618682874e-05,1.64292853573213e-06,6.41160430051981e-08,218.036204787945,8.50896334127177,25.6242971138898,"2014"
"130",54,"P-1210",NA,NA,1.494,185,1.483,1.44,0,6.422,6.321,0,499,625,0.028,-30.059,0.023429,0.1718742,0,3,"07/16/2014","EL","Outlet","surface","0",140,"1",0.16735,1.22767285714286,0.9490878,1.43097327449838e-05,1.67266366816592e-06,3.06424240467504e-08,466.990885680316,8.5550568337952,54.5865322408559,"2014"
"131",55,"P-1211",NA,NA,0.513,64,0.51,3.29,0,3.663,3.606,0,298,371,0.016,-26.443,0.0199955,0.1550443,0,3,"07/16/2014","EL","Inlet 1","surface","0",140,"1",0.142825,1.10745928571429,0.70635,1.29085255182749e-05,1.42753623188406e-06,2.28053465921932e-08,566.03066592699,9.04252041381695,62.5965593687902,"2014"
"132",56,"P-1234",NA,NA,0.807,102,0.801,-0.686,0,4.319,4.251,0,348,436,0.019,-33.708,0.0210245,0.1590459,0,3,"07/23/2014","WL","DH","PML","2.5",140,"",0.150175,1.13604214285714,0.3283452,1.32416867871118e-05,1.50099950024988e-06,1.06010137862009e-08,1249.0962708065,8.82191285533902,141.590184724002,"2014"
"133",57,"P-1236",NA,NA,0.973,125,0.966,-1.353,0,5.167,5.086,0,436,546,0.022,-31.974,0.0216055,0.1642187,0,3,"07/23/2014","EL","DH","PML","1.5",140,"",0.154325,1.17299071428571,0.793818,1.36723586712181e-05,1.54247876061969e-06,2.5629354599167e-08,533.464805690519,8.86388780207592,60.1840656834106,"2014"
"134",58,"P-1237",NA,NA,1.452,186,1.441,-0.907,0,6.376,6.276,0,532,669,0.027,-34.655,0.023282,0.1715936,0,3,"07/23/2014","EL","DH","Hypo","8",140,"",0.1663,1.22566857142857,2.2752747,1.42863708267422e-05,1.66216891554223e-06,7.34599393019727e-08,194.478391385746,8.5950174456738,22.6268757003668,"2014"
"135",59,"P-1238",NA,NA,1.113,139,1.104,-0.407,0,6.354,6.254,0,525,658,0.027,-30.294,0.0220955,0.1714594,0,3,"07/23/2014","EL","Outlet","surface","0",140,"",0.157825,1.22471,0.8430507,1.42751977354092e-05,1.57746126936532e-06,2.72188906466923e-08,524.45920448062,9.04947589689651,57.9546495792625,"2014"
"136",60,"P-1239",NA,NA,0.6,73,0.596,4.643,0,4.792,4.717,0,408,509,0.021,-28.649,0.0203,0.1619312,0,3,"07/23/2014","EL","Inlet 1","surface","0",140,"",0.145,1.15665142857143,0.5208003,1.34819082507701e-05,1.44927536231884e-06,1.68146546992542e-08,801.795130016444,9.30251669303139,86.1912057214665,"2014"
"137",61,"P-1264",NA,NA,0.915,118,0.908,1.544,0,4.543,4.472,0,383,478,0.019,-32.954,0.0214025,0.1604123,0,3,"07/30/2014","WL","DH","PML","2",140,"Rep 1",0.152875,1.14580214285714,0.5028975,1.33554491715927e-05,1.5279860069965e-06,1.62366415910632e-08,822.54997726523,8.74055725015765,94.1072695622918,"2014"
"138",62,"P-1265",NA,NA,2.666,357,2.646,-2.032,0,9.7,9.548,0,813,1017,0.042,-33.745,0.027531,0.19187,0,3,"07/30/2014","WL","DH","Hypo","8",140,"1",0.19665,1.3705,2.7228447,1.59745233535925e-05,1.96551724137931e-06,8.79102670067478e-08,181.713966951851,8.1273890746348,22.3582217220253,"2014"
"139",63,"P-1266",NA,NA,0.791,96,0.785,0.158,0,3.446,3.392,0,287,360,0.015,-30.45,0.0209685,0.1537206,0,3,"07/30/2014","WL","DH","PML","2",140,"2",0.149775,1.09800428571429,0.6326928,1.27983182083091e-05,1.49700149925037e-06,2.0427236625448e-08,626.532038717615,8.54930219823949,73.2845820851476,"2014"
"140",64,"P-1267",NA,NA,2.711,364,2.69,-1.813,0,10.847,10.677,0,906,1136,0.047,-35.487,0.0276885,0.1988667,0,3,"07/30/2014","WL","DH","Hypo","8",140,"2",0.197775,1.42047642857143,2.5035354,1.65570477062693e-05,1.97676161919041e-06,8.0829606431408e-08,204.838900463032,8.37584438383132,24.4559104821064,"2014"
"141",65,"P-1268",NA,NA,0.847,104,0.841,22.083,0,3.732,3.673,0,312,391,0.016,-30.489,0.0211645,0.1554652,0,3,"07/30/2014","WL","DH","PML","2",140,"3",0.151175,1.11046571428571,0.5431788,1.29435683956373e-05,1.51099450274863e-06,1.75371710844929e-08,738.064784409987,8.56625776737897,86.1595348228487,"2014"
"142",66,"P-1269",NA,NA,2.735,365,2.715,-2.306,0,12.699,12.499,0,1065,1327,0.054,-30.954,0.0277725,0.2101639,0,3,"07/30/2014","WL","DH","Hypo","8",140,"3",0.198375,1.50117071428571,3.21057,1.74976188493881e-05,1.98275862068966e-06,1.03657056145675e-07,168.802969136975,8.82488602838702,19.1280622315105,"2014"
"143",67,"P-1270",NA,NA,0.886,113,0.879,0.206,0,3.853,3.792,0,324,405,0.017,-30.244,0.021301,0.1562033,0,3,"07/30/2014","WL","DH","PML","2",140,"4",0.15215,1.11573785714286,0.6103143,1.30050203979685e-05,1.52073963018491e-06,1.97047202402092e-08,659.995180821225,8.55177318972561,77.1764131460088,"2014"
"144",68,"P-1271",NA,NA,2.013,255,1.997,-0.888,0,8.439,8.306,0,689,864,0.036,-34.572,0.0252455,0.1841779,0,3,"07/30/2014","WL","DH","Hypo","8",140,"4",0.180325,1.31555642857143,2.344068,1.53341020730997e-05,1.80234882558721e-06,7.56810124947535e-08,202.614917105697,8.50784368453415,23.8150728455457,"2014"
"145",69,"P-1272",NA,NA,1.19,146,1.181,0.439,0,6.131,6.035,0,504,631,0.026,-32.902,0.022365,0.1700991,0,3,"07/30/2014","EL","DH","PML","1.5",140,"",0.15975,1.21499357142857,0.838575,1.41619432187162e-05,1.59670164917541e-06,2.70743873696445e-08,523.075297156839,8.86949871068891,58.974617869493,"2014"
"146",70,"P-1273",NA,NA,1.686,213,1.673,-2.544,0,7.296,7.182,0,594,746,0.031,-34.681,0.024101,0.1772056,0,3,"07/30/2014","EL","DH","Hypo","8",140,"",0.17215,1.26575428571429,2.1723336,1.47536091915744e-05,1.72063968015992e-06,7.01363639298744e-08,210.356060179078,8.57449084877733,24.532775635194,"2014"
"147",71,"P-1274",NA,NA,3.923,502,3.894,0.859,0,22.441,22.089,0,1813,2239,0.096,-29.11,0.0319305,0.2695901,0,3,"07/30/2014","EL","Outlet","surface","0",70,"",0.45615,3.85128714285714,2.986803,2.24452668387312e-05,2.27961019490255e-06,9.6432473444613e-08,232.756311613461,9.84609863954863,23.6394454427415,"2014"
"148",72,"P-1275",NA,NA,0.806,108,0.8,0.701,0,6.26,6.162,0,535,664,0.027,-26.578,0.0073734,0.121516,0,3,"07/30/2014","EL","Inlet ","surface","0",140,"",0.0526671428571428,0.867971428571429,0.6282171,1.01170593622513e-05,5.26408224459199e-07,2.02827333484002e-08,498.801576122345,19.2190374165315,25.9535150128431,"2014"
"149",73,"P-1305",NA,NA,0.906,121,0.899,1.786,0,4.004,3.941,0,341,427,0.017,-30.331,0.0082634,0.0840664,0,3,"08/06/2014","WL","DH","PML","2",140,"",0.0590242857142857,0.600474285714286,0.4939461,6.99911747564732e-06,5.89947883201257e-07,1.59476350369677e-08,438.881217147427,11.8639589613709,36.9928131559142,"2014"
"150",74,"P-1306",NA,NA,2.14,289,2.124,-2.459,0,7.547,7.429,0,630,791,0.032,-34.101,0.019246,0.1428802,0,3,"08/06/2014","WL","DH","Hypo","8",140,"",0.137471428571429,1.02057285714286,2.4632541,1.18957788693697e-05,1.37402727207825e-06,7.95290769379782e-08,149.577730905224,8.65760026100291,17.2770428751461,"2014"
"151",75,"P-1307",NA,NA,1.182,158,1.173,0.294,0,4.441,4.371,0,376,471,0.019,-29.732,0.0107198,0.0913206,0,3,"08/06/2014","EL","DH","PML","1.5",140,"",0.07657,0.65229,0.8475264,7.60308050953293e-06,7.65317341329335e-07,2.736339392374e-08,277.855902331495,9.93454623192856,27.9686556229912,"2014"
"152",76,"P-1308",NA,NA,1.256,169,1.246,-1.047,0,4.999,4.92,0,425,534,0.022,-31.756,0.0113784,0.1005834,0,3,"08/06/2014","EL","DH","Hypo","8",140,"",0.0812742857142857,0.718452857142857,1.5278328,8.37427358254933e-06,8.12336688798458e-07,4.93278920349982e-08,169.767513612943,10.3088703219054,16.468100607707,"2014"
"153",77,"P-1309",NA,NA,1.377,181,1.367,1.929,0,5.785,5.694,0,486,608,0.025,-28.776,0.0124553,0.113631,0,3,"08/06/2014","EL","Outlet","surface","0",140,"",0.0889664285714286,0.81165,1.2771936,9.46057780367996e-06,8.89219675876348e-07,4.12357085203242e-08,229.426827940086,10.6391908100283,21.5643118012164,"2014"
"154",78,"P-1326",NA,NA,0.979,131,0.972,1.33,0,4.039,3.976,0,343,430,0.017,-30.366,0.0089131,0.0846474,0,3,"08/12/2014","WL","DH","PML","2",140,"",0.063665,0.604624285714286,NA,7.04748980101573e-06,6.36331834082959e-07,NA,NA,11.0751803124421,NA,"2014"
"155",79,"P-1327",NA,NA,2.169,288,2.152,-1.678,0,7.358,7.243,0,612,769,0.032,-34.044,0.0195041,0.1397428,0,3,"08/12/2014","WL","DH","Hypo","8",140,"",0.139315,0.998162857142857,2.891583,1.16345683123803e-05,1.39245377311344e-06,9.33581829335227e-08,124.622908745609,8.3554431299835,14.9151764672301,"2014"
"156",80,"P-1328",NA,NA,1.396,179,1.385,0.288,0,7.053,6.942,0,584,734,0.03,-35.233,0.0126244,0.1346798,0,3,"08/12/2014","EL","DH","PML","2",140,"",0.0901742857142857,0.961998571428571,1.006227,1.12130380484556e-05,9.01292211037338e-07,3.24872308139347e-08,345.15216494371,12.4410684028324,27.7429681895432,"2014"
"157",81,"P-1329",NA,NA,1.787,234,1.773,-1.847,0,7.558,7.44,0,636,798,0.032,-35.429,0.0161043,0.1430628,0,3,"08/12/2014","EL","DH","Hypo","8",140,"",0.115030714285714,1.02187714285714,2.1751194,1.19109816001998e-05,1.14973227671878e-06,7.02263067833274e-08,169.608543376051,10.3597870925156,16.3718174766916,"2014"
"158",82,"P-1330",NA,NA,1.909,236,1.895,0.712,0,7.312,7.197,0,549,682,0.031,-29.451,0.0171901,0.1389792,0,3,"08/12/2014","EL","Outlet","surface","0",140,"",0.122786428571429,0.992708571428571,2.1010638,1.15709932561818e-05,1.22725066038409e-06,6.78353340005811e-08,170.574722254374,9.42838625367735,18.0916137358973,"2014"
"159",83,"P-1337",NA,NA,1.024,137,1.017,1.638,0,4.247,4.181,0,359,450,0.018,-32.44,0.0093136,0.0881002,0,3,"08/20/2014","WL","DH","PML","3",140,"",0.0665257142857143,0.629287142857143,0.9655446,7.33495962034802e-06,6.64924680516884e-07,3.11737513318051e-08,235.292812285459,11.0312638938987,21.3296331724598,"2014"
"160",84,"P-1338",NA,NA,3.127,411,3.103,0.775,0,9.815,9.661,0,807,1008,0.042,-30.517,0.0280303,0.180529,0,3,"08/20/2014","WL","DH","Hypo","8",120,"",0.233585833333333,1.50440833333333,3.195441,1.50303055532429e-05,2.00116370386235e-06,1.0316859845672e-07,145.686825042487,7.51078261325326,19.3970232589895,"2014"
"161",85,"P-1339",NA,NA,1.343,171,1.332,-0.696,0,4.732,4.658,0,392,490,0.02,-30.507,0.0121527,0.0961512,0,3,"08/20/2014","EL","DH","PML","2",140,"",0.086805,0.686794285714286,0.8338902,8.0052618433103e-06,8.67616191904048e-07,2.69231330513673e-08,297.337677158036,9.22673172539825,32.2256770877558,"2014"
"162",86,"P-1340",NA,NA,1.5,200,1.488,-1.397,0,5.453,5.368,0,461,578,0.023,-33.116,0.01355,0.1081198,0,3,"08/20/2014","EL","DH","Hypo","8",140,"",0.0967857142857143,0.772284285714286,2.064036,9.00173174589959e-06,9.67373456129078e-07,6.6639847609208e-08,135.080317090278,9.30533258780927,14.5164416011571,"2014"
"163",87,"P-1341",NA,NA,2.653,320,2.633,0.636,0,13.046,12.842,0,1037,1293,0.056,-29.198,0.0238117,0.2341636,0,3,"08/20/2014","EL","Outlet","Outlet","0",100,"",0.238117,2.341636,2.796363,1.94957622179669e-05,1.699985721425e-06,9.02838924224324e-08,215.93843259158,11.4681917455311,18.8293357299094,"2014"
"164",88,"P-1372",NA,NA,0.94,120,0.933,-3.27,0,3.167,3.118,0,267,335,0.014,-33.604,0.008566,0.0701722,0,3,"09/26/2014","EL","DH","PML","1",140,"",0.0611857142857143,0.50123,NA,5.84232786612272e-06,6.11551367173556e-07,NA,NA,9.55329049974095,NA,"2014"
"165",89,"P-1373",NA,NA,1.546,197,1.534,19.339,0,5.41,5.326,0,452,568,0.023,-32.679,0.0139594,0.107406,0,3,"09/26/2014","EL","DH","Hypo","1",140,"",0.09971,0.767185714285714,NA,8.9423028890184e-06,9.96601699150425e-07,NA,NA,8.97279514638743,NA,"2014"
"166",90,"P-1374",NA,NA,0.626,83,0.622,-2.268,0,3.902,3.84,0,336,419,0.017,-24.983,0.0057714,0.0823732,0,3,"09/26/2014","EL","Inlet 1","surface","1",140,"",0.0412242857142857,0.58838,NA,6.85814669885938e-06,4.12036838723495e-07,NA,NA,16.6444988756495,NA,"2014"
"167",91,"P-1375",NA,NA,2.09,278,2.074,2.225,0,11.687,11.503,0,980,1220,0.05,-27.676,0.018801,0.2116042,0,3,"09/26/2014","EL","Outlet","surface","1",140,"",0.134292857142857,1.51145857142857,NA,1.76175339272334e-05,1.34225744270722e-06,NA,NA,13.1253017243103,NA,"2014"
"168",92,"P-1376",NA,NA,0.923,118,0.916,0.649,0,3.319,3.267,0,281,352,0.014,-32.617,0.0084147,0.0726954,0,3,"09/26/2014","WL","DH","PML","2",140,"",0.060105,0.519252857142857,NA,6.05240196486554e-06,6.00749625187406e-07,NA,NA,10.0747494648498,NA,"2014"
"169",93,"P-1377",NA,NA,1.882,242,1.867,-1.61,0,6.93,6.822,0,575,720,0.03,-33.717,0.0169498,0.132638,0,3,"09/26/2014","WL","DH","Hypo","2",140,"",0.12107,0.947414285714286,NA,1.10430438764466e-05,1.21009495252374e-06,NA,NA,9.12576641478881,NA,"2014"
