projectID,lakeID,siteName,dateSample,dateTimeSample,depthClass,depthTop,depthBottom,runID,chl,replicate,comments,flag
3,WL,DeepHole,5/14/2014,5/14/2014 9:25,PML,0,1,2,9.663988114,1,,0
3,WL,DeepHole,5/14/2014,5/14/2014 9:25,PML,0,1,3,9.79507522,2,,0
3,WL,DeepHole,5/14/2014,5/14/2014 9:25,Hypo,8,8,5,3.643260153,1,,0
3,WL,DeepHole,5/14/2014,5/14/2014 9:25,Hypo,8,8,5,6.08667144,2,,0
3,EL,DeepHole,5/14/2014,5/14/2014 11:05,PML,0,1,3,9.457752352,1,,0
3,EL,DeepHole,5/14/2014,5/14/2014 11:05,PML,0,1,3,8.14618602,2,,0
3,EL,DeepHole,5/14/2014,5/14/2014 11:05,Hypo,8,8,3,1.425969321,1,,0
3,EL,DeepHole,5/14/2014,5/14/2014 11:05,Hypo,8,8,3,1.73898785,2,,0
15,MO,DeepHole,5/15/2014,5/15/2014 8:45,PML,0,1.5,3,7.232569866,1,,0
15,MO,DeepHole,5/15/2014,5/15/2014 8:45,PML,0,1.5,5,7.930190883,2,,0
15,MO,DeepHole,5/15/2014,5/15/2014 8:45,Hypo,5,5,3,3.554201529,1,,0
15,MO,DeepHole,5/15/2014,5/15/2014 8:45,Hypo,5,5,3,2.900922245,2,,0
15,CR,DeepHole,5/16/2014,5/16/2014 8:55,PML,0,2.5,4,6.653210315,1,,0
15,CR,DeepHole,5/16/2014,5/16/2014 8:55,PML,0,2.5,3,4.126889226,2,,0
15,CR,DeepHole,5/16/2014,5/16/2014 8:55,Hypo,10,10,5,3.612535944,2,,0
15,HB,DeepHole,5/16/2014,5/16/2014 10:25,PML,0,1,3,3.742827243,1,,0
15,HB,DeepHole,5/16/2014,5/16/2014 10:25,PML,0,1,5,2.513760603,2,,0
15,HB,DeepHole,5/16/2014,5/16/2014 10:25,Hypo,5,5,5,1.595314276,1,,0
15,HB,DeepHole,5/16/2014,5/16/2014 10:25,Hypo,5,5,3,2.762240614,2,,0
3,WL,DeepHole,5/21/2014,5/21/2014 10:20,PML,0,2,5,9.988578974,1,,0
3,WL,DeepHole,5/21/2014,5/21/2014 10:20,PML,0,2,4,12.70688321,2,,0
3,WL,DeepHole,5/21/2014,5/21/2014 10:20,Hypo,8,8,5,2.432699565,1,,0
3,WL,DeepHole,5/21/2014,5/21/2014 10:20,Hypo,8,8,2,0.93043576,2,,0
3,EL,DeepHole,5/21/2014,5/21/2014 11:00,PML,0,2,5,5.45110203,2,,0
3,EL,DeepHole,5/21/2014,5/21/2014 11:00,Hypo,8,8,5,1.684273913,1,,0
3,EL,DeepHole,5/21/2014,5/21/2014 11:00,Hypo,8,8,4,0.999547252,2,,0
15,MO,DeepHole,5/22/2014,5/22/2014 17:05,Hypo,5,5,3,4.793121923,1,,0
15,MO,DeepHole,5/22/2014,5/22/2014 17:05,Hypo,5,5,5,4.413775106,2,,0
15,CR,DeepHole,5/23/2014,5/23/2014 15:15,PML,0,2.5,3,1.566320206,1,,0
15,CR,DeepHole,5/23/2014,5/23/2014 15:15,PML,0,2.5,5,2.018558655,2,,0
15,CR,DeepHole,5/23/2014,5/23/2014 15:15,Hypo,10,10,5,3.378724049,1,,0
15,HB,DeepHole,5/23/2014,5/23/2014 12:00,PML,0,1,4,4.684074276,2,,0
15,HB,DeepHole,5/23/2014,5/23/2014 12:00,Hypo,5,5,5,2.564231307,1,,0
15,HB,DeepHole,5/23/2014,5/23/2014 12:00,Hypo,5,5,5,3.954049913,2,,0
17,BA,DeepHole,5/26/2014,5/26/2014 10:15,PML,0,1.5,5,4.431022903,1,,0
17,BA,DeepHole,5/26/2014,5/26/2014 10:15,PML,0,1.5,3,3.319166269,2,,0
17,BA,DeepHole,5/26/2014,5/26/2014 10:15,Hypo,10,10,5,3.898481113,1,,0
17,BA,DeepHole,5/26/2014,5/26/2014 10:15,Hypo,10,10,3,3.240377475,2,,0
15,HB,DeepHole,5/26/2014,5/26/2014 11:20,PML,0,0.5,3,4.015182742,1,,0
15,HB,DeepHole,5/26/2014,5/26/2014 11:20,PML,0,0.5,3,3.658897147,2,,0
15,HB,DeepHole,5/26/2014,5/26/2014 11:20,Hypo,5,5,4,1.105739485,1,,0
15,HB,DeepHole,5/26/2014,5/26/2014 11:20,Hypo,5,5,5,3.140962854,2,,0
15,MO,DeepHole,5/27/2014,5/27/2014 9:15,PML,0,0.5,3,10.80419583,1,,0
15,MO,DeepHole,5/27/2014,5/27/2014 9:15,PML,0,0.5,5,8.931940207,2,,0
15,MO,DeepHole,5/27/2014,5/27/2014 9:15,Hypo,5,5,4,3.092422986,1,,0
15,MO,DeepHole,5/27/2014,5/27/2014 9:15,Hypo,5,5,2,5.105239766,2,,0
15,CR,DeepHole,5/27/2014,5/27/2014 11:35,PML,0,1,2,0.012640518,1,,0
15,CR,DeepHole,5/27/2014,5/27/2014 11:35,PML,0,1,5,1.156395712,2,,0
15,CR,DeepHole,5/27/2014,5/27/2014 11:35,Hypo,10,10,4,2.101621681,1,,0
15,CR,DeepHole,5/27/2014,5/27/2014 11:35,Hypo,10,10,5,2.51996375,2,,0
17,BR,DeepHole,5/27/2014,5/27/2014 10:30,PML,0,1.5,3,5.72881162,1,,0
17,BR,DeepHole,5/27/2014,5/27/2014 10:30,PML,0,1.5,3,5.492333956,2,,0
17,BR,DeepHole,5/27/2014,5/27/2014 10:30,Hypo,4,4,3,13.67342536,1,,0
17,BR,DeepHole,5/27/2014,5/27/2014 10:30,Hypo,4,4,5,20.24684734,2,,0
17,CB,DeepHole,5/28/2014,5/28/2014 9:35,PML,0,1,3,2.348088404,1,,0
17,CB,DeepHole,5/28/2014,5/28/2014 9:35,PML,0,1,4,1.444877149,2,,0
17,CB,DeepHole,5/28/2014,5/28/2014 9:35,Hypo,5,5,3,6.385857416,1,,0
17,CB,DeepHole,5/28/2014,5/28/2014 9:35,Hypo,5,5,5,4.371872373,2,,0
15,WL,DeepHole,5/28/2014,5/28/2014 9:05,PML,0,1,5,1.681629451,1,,0
15,WL,DeepHole,5/28/2014,5/28/2014 9:05,PML,0,1,3,2.808385222,2,,0
15,WL,DeepHole,5/28/2014,5/28/2014 9:05,Hypo,10,10,5,3.033928982,1,,0
15,WL,DeepHole,5/28/2014,5/28/2014 9:05,Hypo,10,10,5,3.261850397,2,,0
15,EL,DeepHole,5/28/2014,5/28/2014 10:20,PML,0,0.5,3,4.52116192,1,,0
15,EL,DeepHole,5/28/2014,5/28/2014 10:20,PML,0,0.5,5,3.901882292,2,,0
15,EL,DeepHole,5/28/2014,5/28/2014 10:20,Hypo,8,8,5,2.719824362,1,,0
15,EL,DeepHole,5/28/2014,5/28/2014 10:20,Hypo,8,8,4,1.892055366,2,,0
17,BO,DeepHole,5/29/2014,5/29/2014 9:40,PML,0,0.5,3,4.087284251,1,,0
17,BO,DeepHole,5/29/2014,5/29/2014 9:40,PML,0,0.5,2,8.360696274,2,,0
17,BO,DeepHole,5/29/2014,5/29/2014 9:40,Hypo,3,3,5,16.50204159,1,,0
17,BO,DeepHole,5/29/2014,5/29/2014 9:40,Hypo,3,3,5,8.238300515,2,,0
17,NG,DeepHole,5/29/2014,5/29/2014 12:10,PML,0,0.5,5,1.162765616,1,,0
17,NG,DeepHole,5/29/2014,5/29/2014 12:10,PML,0,0.5,3,1.213106038,2,,0
17,NG,DeepHole,5/29/2014,5/29/2014 12:10,Hypo,4,4,3,3.560144074,1,,0
17,NG,DeepHole,5/29/2014,5/29/2014 12:10,Hypo,4,4,4,7.124992926,2,,0
17,WA,DeepHole,5/30/2014,5/30/2014 9:10,PML,0,0.5,5,5.774760041,1,,0
17,WA,DeepHole,5/30/2014,5/30/2014 9:10,PML,0,0.5,4,2.777289136,2,,0
17,WA,DeepHole,5/30/2014,5/30/2014 9:10,Hypo,4,4,5,15.53295722,2,,0
3,WL,DeepHole,6/4/2014,6/4/2014 8:30,PML,0,1.5,5,1.541764458,1,,0
3,WL,DeepHole,6/4/2014,6/4/2014 8:30,PML,0,1.5,2,0.346606777,2,,0
3,WL,DeepHole,6/4/2014,6/4/2014 8:30,Hypo,8,8,2,1.387772911,1,,0
3,WL,DeepHole,6/4/2014,6/4/2014 8:30,Hypo,8,8,5,3.24991325,2,,0
3,EL,DeepHole,6/4/2014,6/4/2014 10:30,Hypo,8,8,5,2.039798911,1,,0
3,EL,DeepHole,6/4/2014,6/4/2014 10:30,Hypo,8,8,4,-0.28845913,2,,1
19,AQ,DeepHole,6/4/2014,6/4/2014 15:30,PML,0,1.5,3,4.657244639,1,,0
19,AQ,DeepHole,6/4/2014,6/4/2014 15:30,PML,0,1.5,2,5.594788684,2,,0
15,HB,DeepHole,6/5/2014,6/5/2014 8:45,PML,0,0.5,5,3.695326488,1,,0
15,HB,DeepHole,6/5/2014,6/5/2014 8:45,PML,0,0.5,4,2.214862388,2,,0
15,HB,DeepHole,6/5/2014,6/5/2014 8:45,Hypo,5,5,3,1.241946466,1,,0
15,HB,DeepHole,6/5/2014,6/5/2014 8:45,Hypo,5,5,3,3.847262625,2,,0
15,CR,DeepHole,6/5/2014,6/5/2014 10:00,PML,0,2,5,1.597743645,1,,0
15,CR,DeepHole,6/5/2014,6/5/2014 10:00,PML,0,2,4,1.382212833,2,,0
15,CR,DeepHole,6/5/2014,6/5/2014 10:00,Hypo,10,10,5,3.020542992,1,,0
15,CR,DeepHole,6/5/2014,6/5/2014 10:00,Hypo,10,10,4,1.607691835,2,,0
15,MO,DeepHole,6/6/2014,6/6/2014 8:45,PML,0,0.5,3,4.123211743,1,,0
15,MO,DeepHole,6/6/2014,6/6/2014 8:45,PML,0,0.5,3,4.679629776,2,,0
15,MO,DeepHole,6/6/2014,6/6/2014 8:45,Hypo,5,5,5,2.412751818,1,,0
15,MO,DeepHole,6/6/2014,6/6/2014 8:45,Hypo,5,5,5,1.501066156,2,,0
19,BV ,DeepHole,6/6/2014,6/6/2014 12:20,PML,0,3,5,1.34978886,1,,0
19,BV ,DeepHole,6/6/2014,6/6/2014 12:20,PML,0,3,3,1.951901022,2,,0
19,ER,DeepHole,6/6/2014,6/6/2014 11:20,PML,0,2.5,5,1.228393334,1,,0
19,ER,DeepHole,6/6/2014,6/6/2014 11:20,PML,0,2.5,5,1.533149177,2,,0
19,BH,DeepHole,6/6/2014,6/6/2014 9:20,PML,0,1.5,5,2.859033124,1,,0
19,BH,DeepHole,6/6/2014,6/6/2014 9:20,PML,0,1.5,4,1.630519471,2,,0
19,MC,DeepHole,6/9/2014,6/9/2014 11:00,PML,0,2,4,6.421794874,1,,0
19,MC,DeepHole,6/9/2014,6/9/2014 11:00,PML,0,2,4,6.637542572,2,,0
19,TF,DeepHole,6/9/2014,6/9/2014 16:00,PML,0,3,3,1.75430903,1,,0
15,CR,DeepHole,6/10/2014,6/10/2014 9:00,PML,0,2,3,1.850694335,1,,0
15,CR,DeepHole,6/10/2014,6/10/2014 9:00,PML,0,2,3,1.199418155,2,,0
15,CR,DeepHole,6/10/2014,6/10/2014 9:00,Hypo,10,10,4,3.292054385,1,,0
15,CR,DeepHole,6/10/2014,6/10/2014 9:00,Hypo,10,10,5,2.897712803,2,,0
15,HB,DeepHole,6/10/2014,6/10/2014 10:00,PML,0,0.5,5,12.14626807,1,,0
15,HB,DeepHole,6/10/2014,6/10/2014 12:25,PML,0,0.5,5,9.441249186,2,,0
15,HB,DeepHole,6/10/2014,6/10/2014 12:25,Hypo,5,5,5,2.237242727,1,,0
15,HB,DeepHole,6/10/2014,6/10/2014 1:00,Hypo,5,5,2,0.781983758,2,,0
3,WL,DeepHole,6/11/2014,6/11/2014 10:15,PML,0,1.5,2,-0.456394284,1,,1
3,WL,DeepHole,6/11/2014,6/11/2014 10:15,PML,0,1.5,5,1.99180114,2,,0
3,WL,DeepHole,6/11/2014,6/11/2014 10:15,Hypo,8,8,3,3.113124671,1,,0
3,WL,DeepHole,6/11/2014,6/11/2014 10:15,Hypo,8,8,3,5.033100738,2,,0
3,EL,DeepHole,6/11/2014,6/11/2014 11:45,PML,0,1,4,3.199263439,1,,0
3,EL,DeepHole,6/11/2014,6/11/2014 11:45,PML,0,1,5,2.545901944,2,,0
3,EL,DeepHole,6/11/2014,6/11/2014 11:45,Hypo,8,8,3,1.356885319,1,,0
3,EL,DeepHole,6/11/2014,6/11/2014 11:45,Hypo,8,8,5,3.317158052,2,,0
19,HE,DeepHole,6/12/2014,6/12/2014 11:00,PML,0,1,4,1.166158458,1,,0
19,HE,DeepHole,6/12/2014,6/12/2014 11:00,PML,0,1,4,1.834255629,2,,0
19,RS,DeepHole,6/12/2014,6/12/2014 9:20,PML,0,0.5,3,6.718766111,1,,0
19,RS,DeepHole,6/12/2014,6/12/2014 9:20,PML,0,0.5,2,10.67974116,2,,0
15,MO,DeepHole,6/13/2014,6/13/2014 8:55,PML,0,1.5,2,6.335866075,1,,0
15,MO,DeepHole,6/13/2014,6/13/2014 8:55,PML,0,1.5,4,14.42201981,2,,0
15,MO,DeepHole,6/13/2014,6/13/2014 8:55,Hypo,5,5,3,3.805190576,1,,0
15,MO,DeepHole,6/13/2014,6/13/2014 8:55,Hypo,5,5,2,0.571078761,2,,0
19,DW,DeepHole,6/13/2014,6/13/2014 16:30,PML,0,1,5,1.943283413,1,,0
19,DW,DeepHole,6/13/2014,6/13/2014 16:30,PML,0,1,5,2.427048649,2,,0
17,BO,DeepHole,6/16/2014,6/16/2014 9:47,PML,0,1,3,24.61293345,1,,0
17,BO,DeepHole,6/16/2014,6/16/2014 9:47,PML,0,1,5,8.752631987,2,,0
17,BO,DeepHole,6/16/2014,6/16/2014 9:47,Hypo,2,2,2,24.97340237,1,,0
15,HB,DeepHole,6/17/2014,6/17/2014 9:15,PML,0,0.5,2,4.33516909,1,,0
15,HB,DeepHole,6/17/2014,6/17/2014 9:15,PML,0,0.5,5,14.58655004,2,,0
15,HB,DeepHole,6/17/2014,6/17/2014 9:15,Hypo,5,5,3,1.277094973,1,,0
15,HB,DeepHole,6/17/2014,6/17/2014 9:15,Hypo,5,5,5,1.94076037,2,,0
15,CR,DeepHole,6/17/2014,6/17/2014 10:45,PML,0,3,5,1.50809457,1,,0
15,CR,DeepHole,6/17/2014,6/17/2014 10:45,PML,0,3,2,-0.123857,2,,1
15,CR,DeepHole,6/17/2014,6/17/2014 10:45,Hypo,10,10,3,5.6389394,1,,0
15,CR,DeepHole,6/17/2014,6/17/2014 10:45,Hypo,10,10,2,0.082871383,2,,0
3,WL,DeepHole,6/18/2014,6/18/2014 9:20,PML,0,1,4,0.990145356,1,,0
3,WL,DeepHole,6/18/2014,6/18/2014 9:20,PML,0,1,4,1.738822069,2,,0
3,WL,DeepHole,6/18/2014,6/18/2014 9:20,Hypo,8,8,4,5.257751703,1,,0
3,WL,DeepHole,6/18/2014,6/18/2014 9:20,Hypo,8,8,5,4.758123045,2,,0
3,EL,DeepHole,6/18/2014,6/18/2014 10:35,PML,0,1,3,2.756293786,1,,0
3,EL,DeepHole,6/18/2014,6/18/2014 10:35,PML,0,1,5,1.931640899,2,,0
3,EL,DeepHole,6/18/2014,6/18/2014 10:35,Hypo,8,8,5,3.515008337,1,,0
3,EL,DeepHole,6/18/2014,6/18/2014 10:35,Hypo,8,8,3,1.320672773,2,,0
17,CB,DeepHole,6/18/2014,6/18/2014 9:45,PML,0,1,3,5.812435247,1,,0
17,CB,DeepHole,6/18/2014,6/18/2014 9:45,PML,0,1,3,2.224473713,2,,0
17,CB,DeepHole,6/18/2014,6/18/2014 9:45,Hypo,5,5,3,1.383837348,1,,0
17,CB,DeepHole,6/18/2014,6/18/2014 9:45,Hypo,5,5,4,1.490221204,2,,0
15,MO,DeepHole,6/19/2014,6/19/2014 8:35,PML,0,1,4,4.658194027,1,,0
15,MO,DeepHole,6/19/2014,6/19/2014 8:35,PML,0,1,5,4.15236788,2,,0
15,MO,DeepHole,6/19/2014,6/19/2014 8:35,Hypo,5,5,4,3.164239609,1,,0
15,MO,DeepHole,6/19/2014,6/19/2014 8:35,Hypo,5,5,5,3.827471089,2,,0
17,BR,DeepHole,6/19/2014,6/19/2014 8:50,PML,0,1.5,2,4.953098468,1,,0
17,BR,DeepHole,6/19/2014,6/19/2014 8:50,PML,0,1.5,3,5.335625223,2,,0
17,BR,DeepHole,6/19/2014,6/19/2014 8:50,Hypo,4.5,4.5,4,57.9787349,1,,0
17,BR,DeepHole,6/19/2014,6/19/2014 8:50,Hypo,4.5,4.5,5,53.39460563,2,,0
17,BA,DeepHole,6/19/2014,6/19/2014 10:30,PML,0,3,5,2.689593957,1,,0
17,BA,DeepHole,6/19/2014,6/19/2014 10:30,PML,0,3,4,3.682698096,2,,0
17,BA,DeepHole,6/19/2014,6/19/2014 10:30,Hypo,10,10,3,4.558625107,1,,0
17,BA,DeepHole,6/19/2014,6/19/2014 10:30,Hypo,10,10,5,6.571899734,2,,0
17,NG,DeepHole,6/20/2014,6/20/2014 8:40,PML,0,0.5,5,2.313573824,1,,0
17,NG,DeepHole,6/20/2014,6/20/2014 8:40,Hypo,3,3,4,8.889544332,1,,0
17,NG,DeepHole,6/20/2014,6/20/2014 8:40,Hypo,3,3,2,3.773336442,2,,0
17,WA,DeepHole,6/20/2014,6/20/2014 9:25,PML,0,1,3,3.602209277,1,,0
17,WA,DeepHole,6/20/2014,6/20/2014 9:25,PML,0,1,5,2.487788941,2,,0
17,WA,DeepHole,6/20/2014,6/20/2014 9:25,Hypo,4,4,5,38.42299453,2,,0
15,HB,DeepHole,6/24/2014,6/24/2014 8:55,PML,0,0.5,1,11.47167438,1,,0
15,HB,DeepHole,6/24/2014,6/24/2014 8:55,PML,0,0.5,3,7.125159789,2,,0
15,HB,DeepHole,6/24/2014,6/24/2014 8:55,Hypo,5,5,1,4.167798145,1,,0
15,HB,DeepHole,6/24/2014,6/24/2014 8:55,Hypo,5,5,4,4.654807009,2,,0
15,CR,DeepHole,6/24/2014,6/24/2014 10:20,PML,0,2.5,5,1.967284704,1,,0
15,CR,DeepHole,6/24/2014,6/24/2014 10:20,PML,0,2.5,5,3.240163893,2,,0
15,CR,DeepHole,6/24/2014,6/24/2014 10:20,Hypo,10,10,3,4.04295913,1,,0
15,CR,DeepHole,6/24/2014,6/24/2014 10:20,Hypo,10,10,4,2.041075526,2,,0
3,WL,DeepHole,6/25/2014,6/25/2014 8:40,PML,0,1.5,4,1.056749114,1,,0
3,WL,DeepHole,6/25/2014,6/25/2014 8:40,PML,0,1.5,3,1.69881596,2,,0
3,WL,DeepHole,6/25/2014,6/25/2014 8:40,Hypo,8,8,4,3.595933889,1,,0
3,WL,DeepHole,6/25/2014,6/25/2014 8:40,Hypo,8,8,2,7.416459856,2,,0
3,EL,DeepHole,6/25/2014,6/25/2014 10:30,PML,0,1,4,10.69068185,1,,0
3,EL,DeepHole,6/25/2014,6/25/2014 10:30,Hypo,8,8,4,2.734254995,1,,0
3,EL,DeepHole,6/25/2014,6/25/2014 10:30,Hypo,8,8,4,1.099032944,2,,0
15,MO,DeepHole,6/26/2014,6/26/2014 8:55,PML,0,1,1,3.98308822,1,,0
15,MO,DeepHole,6/26/2014,6/26/2014 8:55,PML,0,1,1,5.056962527,2,,0
15,MO,DeepHole,6/26/2014,6/26/2014 8:55,Hypo,5,5,5,12.0731391,1,,0
15,MO,DeepHole,6/26/2014,6/26/2014 8:55,Hypo,5,5,2,14.12190094,2,,0
15,HB,DeepHole,7/1/2014,7/1/2014 8:50,PML,0,0.5,4,3.054239005,1,,0
15,HB,DeepHole,7/1/2014,7/1/2014 8:50,PML,0,0.5,3,3.531829241,2,,0
15,HB,DeepHole,7/1/2014,7/1/2014 8:50,Hypo,5,5,4,1.411435726,1,,0
15,HB,DeepHole,7/1/2014,7/1/2014 8:50,Hypo,5,5,5,2.636724374,2,,0
15,CR,DeepHole,7/1/2014,7/1/2014 10:30,PML,0,3,4,1.075622566,1,,0
15,CR,DeepHole,7/1/2014,7/1/2014 10:30,PML,0,3,5,1.848597211,2,,0
15,CR,DeepHole,7/1/2014,7/1/2014 10:30,Hypo,10,10,2,0.56812085,1,,0
15,CR,DeepHole,7/1/2014,7/1/2014 10:30,Hypo,10,10,2,1.496786789,2,,0
3,WL,DeepHole,7/2/2014,7/2/2014 9:00,PML,0,2,2,1.158262346,1,,0
3,WL,DeepHole,7/2/2014,7/2/2014 9:00,PML,0,2,3,2.114486372,2,,0
3,WL,DeepHole,7/2/2014,7/2/2014 9:00,Hypo,8,8,2,3.770267948,1,,0
3,WL,DeepHole,7/2/2014,7/2/2014 9:00,Hypo,8,8,2,2.336363848,2,,0
3,EL,DeepHole,7/2/2014,7/2/2014 10:15,PML,0,1.5,2,0.549910271,1,,0
3,EL,DeepHole,7/2/2014,7/2/2014 10:15,PML,0,1.5,1,5.764314052,2,,0
3,EL,DeepHole,7/2/2014,7/2/2014 10:15,Hypo,8,8,4,1.475289488,1,,0
3,EL,DeepHole,7/2/2014,7/2/2014 10:15,Hypo,8,8,1,2.159843973,2,,0
15,MO,DeepHole,7/3/2014,7/3/2014 8:45,PML,0,1,4,9.148306449,1,,0
15,MO,DeepHole,7/3/2014,7/3/2014 8:45,PML,0,1,2,3.788131476,2,,0
15,MO,DeepHole,7/3/2014,7/3/2014 8:45,Hypo,5,5,2,0.291081458,1,,0
15,MO,DeepHole,7/3/2014,7/3/2014 8:45,Hypo,5,5,5,2.817388368,2,,0
19,RS,DeepHole,7/3/2014,7/3/2014 9:15,PML,0,1.5,5,6.901614119,1,,0
19,HE,DeepHole,7/3/2014,7/3/2014 10:00,PML,0,1,4,10.59143476,1,,0
19,MC,DeepHole,7/3/2014,7/3/2014 11:00,PML,0,3.5,4,9.128582567,1,,0
19,RS,DeepHole,7/3/2014,7/3/2014 9:15,PML,0,1.5,1,3.308752096,2,,0
19,HE,DeepHole,7/3/2014,7/3/2014 10:00,PML,0,1,4,11.15439263,2,,0
19,MC,DeepHole,7/3/2014,7/3/2014 11:00,PML,0,3.5,1,6.855118956,2,,0
19,TF,DeepHole,7/3/2014,7/3/2014 14:45,PML,0,2.5,3,2.810231481,1,,0
19,TF,DeepHole,7/3/2014,7/3/2014 14:45,PML,0,2.5,2,3.187784452,2,,0
19,DW,DeepHole,7/3/2014,7/3/2014 13:30,PML,0,1,1,1.441727869,1,,0
19,DW,DeepHole,7/3/2014,7/3/2014 13:30,PML,0,1,2,1.0244345,2,,0
19,BH,DeepHole,7/4/2014,7/4/2014 11:00,PML,0,3.5,4,8.113275228,1,,0
19,BH,DeepHole,7/4/2014,7/4/2014 11:00,PML,0,3.5,5,3.419059039,2,,0
19,ER,DeepHole,7/4/2014,7/4/2014 12:30,PML,0,5,1,6.20114501,1,contained 2 filter papers,1
19,ER,DeepHole,7/4/2014,7/4/2014 12:30,PML,0,5,5,5.839606466,2,,0
19,AQ,DeepHole,7/4/2014,7/4/2014 13:45,PML,0,3.5,3,-0.062364054,1,No filter,1
19,AQ,DeepHole,7/4/2014,7/4/2014 13:45,PML,0,3.5,4,-0.430149612,2,No filter,1
19,BV,DeepHole,7/7/2014,7/7/2014 9:30,PML,0,6,4,19.00513497,1,,0
19,BV,DeepHole,7/7/2014,7/7/2014 9:30,PML,0,6,2,7.046767647,2,,0
17,CB,DeepHole,7/9/2014,7/9/2014 9:00,PML,0,2,1,37.07560664,1,,1
17,CB,DeepHole,7/9/2014,7/9/2014 9:00,PML,0,2,2,3.695073982,2,,0
17,CB,DeepHole,7/9/2014,7/9/2014 9:30,Hypo,4.5,4.5,4,2.623415416,1,,0
17,CB,DeepHole,7/9/2014,7/9/2014 9:30,Hypo,4.5,4.5,5,3.507846049,2,,0
3,WL,DeepHole,7/9/2014,7/9/2014 9:10,PML,0,2,3,2.218600135,1,,0
3,WL,DeepHole,7/9/2014,7/9/2014 9:10,PML,0,2,1,1.725212915,2,,0
3,WL,DeepHole,7/9/2014,7/9/2014 9:10,Hypo,8,8,5,4.555916698,1,,0
3,WL,DeepHole,7/9/2014,7/9/2014 9:10,Hypo,8,8,4,16.53721787,2,,0
3,EL,DeepHole,7/9/2014,7/9/2014 10:20,PML,0,2,5,6.553683735,1,,0
3,EL,DeepHole,7/9/2014,7/9/2014 10:20,PML,0,2,2,4.685038537,2,,0
3,EL,DeepHole,7/9/2014,7/9/2014 10:20,Hypo,8,8,1,1.390051807,1,,0
3,EL,DeepHole,7/9/2014,7/9/2014 10:20,Hypo,8,8,1,1.824812271,2,,0
15,HB,DeepHole,7/10/2014,7/10/2014 8:45,PML,0,0.5,4,11.60137524,1,,0
15,HB,DeepHole,7/10/2014,7/10/2014 8:45,PML,0,0.5,4,9.970208152,2,,0
15,HB,DeepHole,7/10/2014,7/10/2014 8:45,Hypo,5,5,1,3.880121985,1,,0
15,HB,DeepHole,7/10/2014,7/10/2014 8:45,Hypo,5,5,1,6.927111734,2,,0
15,CR,DeepHole,7/10/2014,7/10/2014 10:25,PML,0,3,5,2.251625181,1,,0
15,CR,DeepHole,7/10/2014,7/10/2014 10:25,PML,0,3,2,1.115174745,2,,0
15,CR,DeepHole,7/10/2014,7/10/2014 10:25,Hypo,10,10,1,2.870066321,1,,0
15,CR,DeepHole,7/10/2014,7/10/2014 10:25,Hypo,10,10,4,1.839929165,2,,0
17,NG,DeepHole,7/10/2014,7/10/2014 8:55,PML,0,0.5,5,11.50062504,1,,0
17,NG,DeepHole,7/10/2014,7/10/2014 8:55,PML,0,0.5,2,7.059462776,2,,0
17,NG,DeepHole,7/10/2014,7/10/2014 8:55,Hypo,3,3,1,8.589502203,1,,0
17,NG,DeepHole,7/10/2014,7/10/2014 8:55,Hypo,3,3,4,8.718452377,2,,0
17,WA,DeepHole,7/10/2014,7/10/2014 9:45,PML,0,1,3,2.61323871,1,,0
17,WA,DeepHole,7/10/2014,7/10/2014 9:45,PML,0,1,5,3.32482868,2,,0
17,WA,DeepHole,7/10/2014,7/10/2014 9:45,Hypo,4.5,4.5,2,44.22357558,1,,0
17,WA,DeepHole,7/10/2014,7/10/2014 9:45,Hypo,4.5,4.5,2,26.28917596,2,,0
17,BO,DeepHole,7/10/2014,7/10/2014 10:36,PML,0,0.5,1,9.865657761,1,,0
17,BO,DeepHole,7/10/2014,7/10/2014 10:36,PML,0,0.5,1,16.86472754,2,,0
17,BO,DeepHole,7/10/2014,7/10/2014 10:36,Hypo,3,3,2,12.53438041,1,,0
15,MO,DeepHole,7/11/2014,7/11/2014 8:50,PML,0,1,5,5.888303123,1,,0
15,MO,DeepHole,7/11/2014,7/11/2014 8:50,PML,0,1,1,11.2545895,2,,0
15,MO,DeepHole,7/11/2014,7/11/2014 8:50,Hypo,5,5,1,5.438034536,1,,0
15,MO,DeepHole,7/11/2014,7/11/2014 8:50,Hypo,5,5,2,1.622552395,2,,0
17,BA,DeepHole,7/11/2014,7/11/2014 9:00,PML,0,4,2,4.972293035,1,,0
17,BA,DeepHole,7/11/2014,7/11/2014 9:00,PML,0,4,3,8.564791926,2,,0
17,BA,DeepHole,7/11/2014,7/11/2014 9:00,Hypo,6.5,6.5,2,15.85841935,1,,0
17,BA,DeepHole,7/11/2014,7/11/2014 9:00,Hypo,6.5,6.5,2,4.652059173,2,,0
17,BR,DeepHole,7/11/2014,7/11/2014 10:15,PML,0,2,3,10.63372645,1,,0
17,BR,DeepHole,7/11/2014,7/11/2014 10:15,PML,0,2,2,9.97437904,2,,0
15,CR,DeepHole,7/15/2014,7/15/2014 10:15,PML,0,3.5,4,2.471900164,1,,0
15,CR,DeepHole,7/15/2014,7/15/2014 10:15,PML,0,3.5,2,0.690352579,2,,0
15,CR,DeepHole,7/15/2014,7/15/2014 10:15,Hypo,10,10,3,3.637863254,1,,0
15,CR,DeepHole,7/15/2014,7/15/2014 10:15,Hypo,10,10,1,2.524555953,2,,0
15,HB,DeepHole,7/15/2014,7/15/2014 14:30,PML,0,0.5,1,11.27605357,1,,0
15,HB,DeepHole,7/15/2014,7/15/2014 14:30,PML,0,0.5,1,9.543438871,2,,0
15,HB,DeepHole,7/15/2014,7/15/2014 14:30,Hypo,5,5,2,0.350226799,1,,0
15,HB,DeepHole,7/15/2014,7/15/2014 14:30,Hypo,5,5,2,-0.031741846,2,,1
3,WL,DeepHole,7/16/2014,7/16/2014 8:45,PML,0,2,3,1.816665299,1,,0
3,WL,DeepHole,7/16/2014,7/16/2014 8:45,PML,0,2,2,2.209911305,2,,0
3,WL,DeepHole,7/16/2014,7/16/2014 8:45,Hypo,8,8,1,14.54251561,1,,0
3,WL,DeepHole,7/16/2014,7/16/2014 8:45,Hypo,8,8,1,8.72490384,2,,0
3,EL,DeepHole,7/16/2014,7/16/2014 10:00,PML,2.5,2.5,1,11.02284949,1,,0
3,EL,DeepHole,7/16/2014,7/16/2014 10:00,PML,2.5,2.5,1,5.727045172,2,,0
3,EL,DeepHole,7/16/2014,7/16/2014 10:00,Hypo,8,8,3,2.43259851,1,,0
3,EL,DeepHole,7/16/2014,7/16/2014 10:00,Hypo,8,8,2,0.85400622,2,,0
15,MO,DeepHole,7/17/2014,7/17/2014 8:45,PML,0,1,3,6.638451142,1,,0
15,MO,DeepHole,7/17/2014,7/17/2014 8:45,PML,0,1,1,8.707606594,2,,0
15,MO,DeepHole,7/17/2014,7/17/2014 8:45,Hypo,5,5,1,6.94971462,1,,0
15,MO,DeepHole,7/17/2014,7/17/2014 8:45,Hypo,5,5,2,5.824217039,2,,0
15,HB,DeepHole,7/21/2014,7/21/2014 8:50,PML,0,0.5,5,6.753634933,1,,0
15,HB,DeepHole,7/21/2014,7/21/2014 8:50,PML,0,0.5,2,6.361130192,2,,0
15,HB,DeepHole,7/21/2014,7/21/2014 8:50,Hypo,5,5,1,4.457401407,1,,0
15,HB,DeepHole,7/21/2014,7/21/2014 8:50,Hypo,5,5,1,2.350760713,2,,0
15,CR,DeepHole,7/21/2014,7/21/2014 11:45,PML,0,2.5,1,2.999593983,1,,0
15,CR,DeepHole,7/21/2014,7/21/2014 11:45,PML,0,2.5,1,1.836720814,2,,0
15,CR,DeepHole,7/21/2014,7/21/2014 11:45,Hypo,10,10,1,1.533075419,1,,0
15,CR,DeepHole,7/21/2014,7/21/2014 11:45,Hypo,10,10,1,1.815509042,2,,0
3,WL,DeepHole,7/23/2014,7/23/2014 9:15,PML,0,1.5,2,0.589721408,1,,0
3,WL,DeepHole,7/23/2014,7/23/2014 9:15,PML,0,1.5,4,2.00458099,2,,0
3,WL,DeepHole,7/23/2014,7/23/2014 9:15,Hypo,8,8,4,8.761594502,1,,0
3,WL,DeepHole,7/23/2014,7/23/2014 9:15,Hypo,8,8,1,9.588395933,2,,0
3,EL,DeepHole,7/23/2014,7/23/2014 10:20,PML,0,2.5,4,9.869577456,1,,0
3,EL,DeepHole,7/23/2014,7/23/2014 10:20,PML,0,2.5,3,3.556820968,2,,0
3,EL,DeepHole,7/23/2014,7/23/2014 10:20,Hypo,8,8,1,1.724220803,1,,0
3,EL,DeepHole,7/23/2014,7/23/2014 10:20,Hypo,8,8,2,0.455165603,2,,0
15,MO,DeepHole,7/24/2014,7/24/2014 10:05,PML,0,1,2,4.972626709,1,,0
15,MO,DeepHole,7/24/2014,7/24/2014 10:05,PML,0,1,1,13.47369824,2,,0
15,MO,DeepHole,7/24/2014,7/24/2014 10:05,Hypo,5,5,1,16.53765453,1,,0
15,MO,DeepHole,7/24/2014,7/24/2014 10:05,Hypo,5,5,1,12.47058016,2,,0
17,BO,DeepHole,7/28/2014,7/28/2014 9:00,PML,0,1,1,38.09033566,1,,0
17,BO,DeepHole,7/28/2014,7/28/2014 9:00,PML,0,1,2,72.46793848,2,,0
17,BO,DeepHole,7/28/2014,7/28/2014 9:00,Hypo,3,3,2,13.61411997,1,,0
17,BO,DeepHole,7/28/2014,7/28/2014 9:00,Hypo,3,3,2,28.20984454,2,,0
15,HB,DeepHole,7/29/2014,7/29/2014 8:50,PML,0,0.5,1,7.95688022,1,,0
15,HB,DeepHole,7/29/2014,7/29/2014 8:50,PML,0,0.5,2,3.463288814,2,,0
15,HB,DeepHole,7/29/2014,7/29/2014 8:50,Hypo,5,5,1,3.889266664,1,,0
15,HB,DeepHole,7/29/2014,7/29/2014 8:50,Hypo,5,5,1,1.665470555,2,,0
15,CR,DeepHole,7/29/2014,7/29/2014 11:35,PML,0,3,3,6.988139697,1,,0
15,CR,DeepHole,7/29/2014,7/29/2014 11:35,PML,0,3,2,0.138562992,1,,0
15,CR,DeepHole,7/29/2014,7/29/2014 11:35,PML,0,3,2,3.258760017,2,,0
15,CR,DeepHole,7/29/2014,7/29/2014 11:35,Hypo,10,10,4,1.473306755,1,,0
15,CR,DeepHole,7/29/2014,7/29/2014 11:35,Hypo,10,10,1,2.744486559,2,,0
17,NG,DeepHole,7/29/2014,7/29/2014 9:15,PML,0,0.5,2,2.326099664,1,,0
17,NG,DeepHole,7/29/2014,7/29/2014 9:15,PML,0,0.5,1,6.032952985,2,,0
17,NG,DeepHole,7/29/2014,7/29/2014 9:15,Hypo,3.5,3.5,2,13.06773929,1,,0
17,NG,DeepHole,7/29/2014,7/29/2014 9:15,Hypo,3.5,3.5,1,25.57048072,2,,0
17,WA,DeepHole,7/29/2014,7/29/2014 10:45,PML,0,1,1,6.214460842,1,,0
17,WA,DeepHole,7/29/2014,7/29/2014 10:45,PML,0,1,3,3.711852942,2,,0
17,WA,DeepHole,7/29/2014,7/29/2014 10:45,Hypo,4,4,5,64.32186448,1,,0
17,WA,DeepHole,7/29/2014,7/29/2014 10:45,Hypo,4,4,1,138.5729191,2,,0
19,RS,DeepHole,7/29/2014,7/29/2014 15:10,PML,0,1,1,2.805492811,1,,0
19,RS,DeepHole,7/29/2014,7/29/2014 15:10,PML,0,1,1,4.100068766,2,,0
19,RS,DeepHole,7/29/2014,7/29/2014 15:10,PML,0,1,5,1.399896191,2,,0
19,HE,DeepHole,7/29/2014,7/29/2014 16:10,PML,0,0.5,1,22.32097084,1,filters had pink on them,0
19,HE,DeepHole,7/29/2014,7/29/2014 16:10,PML,0,0.5,1,9.384097155,2,pink filter,0
3,WL,DeepHole,7/30/2014,7/30/2014 9:05,Hypo,8,8,1,2.722534994,1,rep 1,0
3,WL,DeepHole,7/30/2014,7/30/2014 9:05,PML,0,2,3,4.777374622,2,1,0
3,WL,DeepHole,7/30/2014,7/30/2014 9:05,Hypo,8,8,2,10.8413945,1,2,0
3,WL,DeepHole,7/30/2014,7/30/2014 9:05,Hypo,8,8,1,8.546980895,2,2,0
3,WL,DeepHole,7/30/2014,7/30/2014 9:05,PML,0,2,3,1.679718422,1,2,0
3,WL,DeepHole,7/30/2014,7/30/2014 9:05,PML,0,2,1,1.778657524,2,2,0
3,WL,DeepHole,7/30/2014,7/30/2014 9:05,Hypo,8,8,3,9.900078269,1,3,0
3,WL,DeepHole,7/30/2014,7/30/2014 9:05,Hypo,8,8,4,7.470357422,2,3,0
3,WL,DeepHole,7/30/2014,7/30/2014 9:05,PML,0,2,3,3.99087106,1,3,0
3,WL,DeepHole,7/30/2014,7/30/2014 9:05,PML,0,2,1,1.56432822,2,3,0
3,WL,DeepHole,7/30/2014,7/30/2014 9:05,Hypo,8,8,3,10.59920958,1,4,0
3,WL,DeepHole,7/30/2014,7/30/2014 9:05,Hypo,8,8,2,19.07745677,2,4,0
3,WL,DeepHole,7/30/2014,7/30/2014 9:05,PML,0,2,3,2.428210757,1,4,0
3,WL,DeepHole,7/30/2014,7/30/2014 9:05,PML,0,2,1,0.031177203,2,4,0
3,EL,DeepHole,7/30/2014,7/30/2014 11:00,PML,0,1.5,2,4.18464573,1,,0
3,EL,DeepHole,7/30/2014,7/30/2014 11:00,PML,0,1.5,3,13.38018691,2,,0
3,EL,DeepHole,7/30/2014,7/30/2014 11:00,Hypo,8,8,1,7.938763403,1,,0
3,EL,DeepHole,7/30/2014,7/30/2014 11:00,Hypo,8,8,1,7.801032462,2,,0
17,CB,DeepHole,7/30/2014,7/30/2014 10:00,PML,0,1,1,3.496630477,1,,0
17,CB,DeepHole,7/30/2014,7/30/2014 10:00,PML,0,1,3,12.84400122,2,,0
17,CB,DeepHole,7/30/2014,7/30/2014 10:00,Hypo,4,4,1,16.17260475,1,,0
17,CB,DeepHole,7/30/2014,7/30/2014 10:00,Hypo,4,4,1,4.79476078,2,,0
15,MO,DeepHole,7/31/2014,7/31/2014 8:40,PML,0,1,2,18.13283208,2,,0
15,MO,DeepHole,7/31/2014,7/31/2014 8:40,Hypo,5,5,2,2.583036359,1,,0
15,MO,DeepHole,7/31/2014,7/31/2014 8:40,Hypo,5,5,2,6.268467824,2,,0
17,BA,DeepHole,7/31/2014,7/31/2014 9:45,PML,0,3.5,2,1.193087974,1,,0
17,BA,DeepHole,7/31/2014,7/31/2014 9:45,PML,0,3.5,4,2.176812413,2,,0
19,TF,DeepHole,7/31/2014,7/31/2014 13:45,PML,0,4.5,1,8.203312062,1,,0
19,TF,DeepHole,7/31/2014,7/31/2014 13:45,PML,0,4.5,4,5.054370527,2,,0
17,BR,DeepHole,8/1/2014,8/1/2014 9:15,PML,0,2.5,3,4.423789816,1,,0
17,BR,DeepHole,8/1/2014,8/1/2014 9:15,PML,0,2.5,4,6.720394534,2,,0
17,BR,DeepHole,8/1/2014,8/1/2014 9:15,Hypo,4,4,1,125.8530267,1,,0
17,BR,DeepHole,8/1/2014,8/1/2014 9:15,Hypo,4,4,1,93.88379006,2,,0
19,BH,DeepHole,8/1/2014,8/1/2014 9:30,PML,0,5,1,8.820534751,1,,0
19,BH,DeepHole,8/1/2014,8/1/2014 9:30,PML,0,5,1,6.783945748,2,,0
19,BV,DeepHole,8/1/2014,8/1/2014 11:15,PML,0,5,1,12.84566006,1,,0
19,BV,DeepHole,8/1/2014,8/1/2014 11:15,PML,0,5,5,21.31856404,2,,0
19,ER,DeepHole,8/1/2014,8/1/2014 12:15,PML,0,4.5,1,2.890383037,1,,0
19,ER,DeepHole,8/1/2014,8/1/2014 12:15,PML,0,4.5,3,4.163376548,2,,0
19,AQ,DeepHole,8/1/2014,8/1/2014 13:15,PML,0,4,1,3.794067106,1,,0
19,AQ,DeepHole,8/1/2014,8/1/2014 13:15,PML,0,4,1,4.718758055,2,,0
19,MC,DeepHole,8/4/2014,8/4/2014 9:15,PML,0,2,3,12.59039126,1,,0
19,MC,DeepHole,8/4/2014,8/4/2014 9:15,PML,0,2,1,10.31267028,2,,0
19,DW,DeepHole,8/4/2014,8/4/2014 10:20,PML,0,1,1,2.451999209,1,,0
19,DW,DeepHole,8/4/2014,8/4/2014 10:20,PML,0,1,2,1.063757942,2,,0
15,HB,DeepHole,8/5/2014,8/5/2014 10:25,PML,0,0.5,5,2.987827766,1,,0
15,HB,DeepHole,8/5/2014,8/5/2014 10:25,PML,0,0.5,1,3.109804618,2,,0
15,HB,DeepHole,8/5/2014,8/5/2014 10:25,Hypo,5,5,1,3.458733457,1,,0
15,HB,DeepHole,8/5/2014,8/5/2014 10:25,Hypo,5,5,5,7.208664954,2,,0
15,CR,DeepHole,8/5/2014,8/5/2014 13:10,PML,0,3,2,1.000935695,1,,0
15,CR,DeepHole,8/5/2014,8/5/2014 13:10,PML,0,3,1,1.290498792,2,,0
15,CR,DeepHole,8/5/2014,8/5/2014 13:10,Hypo,10,10,2,0.377639957,1,,0
15,CR,DeepHole,8/5/2014,8/5/2014 13:10,Hypo,10,10,5,3.626086463,2,,0
3,WL,DeepHole,8/6/2014,8/6/2014 10:10,PML,0,2,1,5.44389224,1,,0
3,WL,DeepHole,8/6/2014,8/6/2014 10:10,PML,0,2,5,1.520981094,2,,0
3,WL,DeepHole,8/6/2014,8/6/2014 10:10,Hypo,8,8,3,8.862708385,1,,0
3,WL,DeepHole,8/6/2014,8/6/2014 10:10,Hypo,8,8,2,12.79223493,2,,0
3,EL,DeepHole,8/6/2014,8/6/2014 11:40,PML,0,1.5,5,2.4008953,1,,0
3,EL,DeepHole,8/6/2014,8/6/2014 11:40,PML,0,1.5,5,2.982771455,2,,0
3,EL,DeepHole,8/6/2014,8/6/2014 11:40,Hypo,8,8,4,4.712987235,1,,0
3,EL,DeepHole,8/6/2014,8/6/2014 11:40,Hypo,8,8,2,0.793058889,2,,0
15,MO,DeepHole,8/7/2014,8/7/2014 9:00,PML,0,1,5,6.693015022,1,,0
15,MO,DeepHole,8/7/2014,8/7/2014 9:00,PML,0,1,5,6.679292881,2,,0
15,MO,DeepHole,8/7/2014,8/7/2014 9:00,Hypo,5,5,3,7.400012556,1,,0
15,MO,DeepHole,8/7/2014,8/7/2014 9:00,Hypo,5,5,3,7.904604224,2,,0
15,CR,DeepHole,8/11/2014,8/11/2014 9:10,PML,0,3,2,-0.350507306,1,,1
15,CR,DeepHole,8/11/2014,8/11/2014 9:10,PML,0,3,2,-0.246792728,2,,1
15,CR,DeepHole,8/11/2014,8/11/2014 9:10,Hypo,10,10,2,0.501564016,1,,0
15,CR,DeepHole,8/11/2014,8/11/2014 9:10,Hypo,10,10,3,2.022275673,2,,0
15,HB,DeepHole,8/11/2014,8/11/2014 13:30,PML,0,0.5,2,1.651184054,1,,0
15,HB,DeepHole,8/11/2014,8/11/2014 13:30,PML,0,0.5,3,2.602299742,2,,0
15,HB,DeepHole,8/11/2014,8/11/2014 13:30,Hypo,5,5,1,2.874638661,1,,0
15,HB,DeepHole,8/11/2014,8/11/2014 13:30,Hypo,5,5,1,2.725821953,2,,0
3,WL,DeepHole,8/12/2014,8/12/2014 8:50,PML,0,2,4,2.708849058,1,,0
3,WL,DeepHole,8/12/2014,8/12/2014 8:50,PML,0,2,2,4.372052767,2,,0
3,WL,DeepHole,8/12/2014,8/12/2014 8:50,Hypo,8,8,3,9.288177408,1,,0
3,WL,DeepHole,8/12/2014,8/12/2014 8:50,Hypo,8,8,4,10.80810249,2,,0
3,EL,DeepHole,8/12/2014,8/12/2014 10:25,PML,0,2,2,1.046699097,1,,0
3,EL,DeepHole,8/12/2014,8/12/2014 10:25,PML,0,2,3,6.960283333,2,,0
3,EL,DeepHole,8/12/2014,8/12/2014 10:25,Hypo,8,8,1,3.121329314,1,,0
3,EL,DeepHole,8/12/2014,8/12/2014 10:25,Hypo,8,8,1,3.063355501,2,,0
15,MO,DeepHole,8/14/2014,8/14/2014 9:15,PML,0,1.5,3,10.20450252,1,,0
15,MO,DeepHole,8/14/2014,8/14/2014 9:15,PML,0,1.5,2,23.02321756,2,,0
15,MO,DeepHole,8/14/2014,8/14/2014 9:15,Hypo,5,5,4,12.41385275,1,,0
15,MO,DeepHole,8/14/2014,8/14/2014 9:15,Hypo,5,5,3,15.74195988,2,,0
3,WL,DeepHole,8/20/2014,8/20/2014 9:00,PML,0,3,2,0.70254605,1,,0
3,WL,DeepHole,8/20/2014,8/20/2014 9:00,PML,0,3,4,6.776030963,2,,0
3,WL,DeepHole,8/20/2014,8/20/2014 9:00,Hypo,8,8,4,11.909024,1,,0
3,WL,DeepHole,8/20/2014,8/20/2014 9:00,Hypo,8,8,5,9.918859525,2,,0
3,EL,DeepHole,8/20/2014,8/20/2014 10:30,PML,0,2,4,4.483040813,1,,0
3,EL,DeepHole,8/20/2014,8/20/2014 10:30,PML,0,2,2,2.581111387,2,,0
3,EL,DeepHole,8/20/2014,8/20/2014 10:30,Hypo,8,8,3,1.41468736,1,,0
3,EL,DeepHole,8/20/2014,8/20/2014 10:30,Hypo,8,8,4,1.065874879,2,,0
15,MO,DeepHole,8/23/2014,8/23/2014 11:45,PML,0,0.5,3,14.97112915,1,,0
15,MO,DeepHole,8/23/2014,8/23/2014 11:45,PML,0,0.5,1,19.78936139,2,,0
15,MO,DeepHole,8/23/2014,8/23/2014 11:45,Hypo,5,5,2,2.584374942,1,,0
15,MO,DeepHole,8/23/2014,8/23/2014 11:45,Hypo,5,5,3,20.14024412,2,,0
15,HB,DeepHole,8/24/2014,8/24/2014 11:00,PML,0,0.5,2,2.768578508,1,,0
15,HB,DeepHole,8/24/2014,8/24/2014 11:00,PML,0,0.5,4,3.967765813,2,,0
15,HB,DeepHole,8/24/2014,8/24/2014 11:00,Hypo,5,5,4,3.33932711,1,,0
15,HB,DeepHole,8/24/2014,8/24/2014 11:00,Hypo,5,5,2,0.065615249,2,,0
15,CR,DeepHole,8/24/2014,8/24/2014 13:00,PML,0,2.5,3,1.230887438,1,,0
15,CR,DeepHole,8/24/2014,8/24/2014 13:00,PML,0,2.5,5,2.079706734,2,,0
15,CR,DeepHole,8/24/2014,8/24/2014 13:00,Hypo,10,10,1,4.402338294,1,,0
15,CR,DeepHole,8/24/2014,8/24/2014 13:00,Hypo,10,10,3,2.629855915,2,,0
15,CR,DeepHole,9/25/2014,9/25/2014 9:30,PML,0,6,6,0.982661794,1,,0
15,CR,DeepHole,9/25/2014,9/25/2014 9:30,PML,0,6,6,1.294527977,2,,0
15,CR,DeepHole,9/25/2014,9/25/2014 9:30,Hypo,10,10,6,10.90266568,1,,0
15,CR,DeepHole,9/25/2014,9/25/2014 9:30,Hypo,10,10,6,14.30664882,2,,0
15,HB,DeepHole,9/25/2014,9/25/2014 11:20,PML,0,0.5,6,4.031443295,1,,0
15,HB,DeepHole,9/25/2014,9/25/2014 11:20,PML,0,0.5,6,4.488527933,2,,0
15,HB,DeepHole,9/25/2014,9/25/2014 11:20,Hypo,5,5,6,6.640259901,1,,0
15,HB,DeepHole,9/25/2014,9/25/2014 11:20,Hypo,5,5,6,5.433582789,2,,0
15,MO,DeepHole,9/25/2014,9/25/2014 13:55,PML,0,1,6,22.74530687,1,,0
15,MO,DeepHole,9/25/2014,9/25/2014 13:55,PML,0,1,6,23.8409495,2,,0
15,MO,DeepHole,9/25/2014,9/25/2014 13:55,Hypo,5,5,6,18.92947198,1,,0
15,MO,DeepHole,9/25/2014,9/25/2014 13:55,Hypo,5,5,6,37.50953462,2,,0
3,EL,DeepHole,9/26/2014,9/26/2014 10:35,PML,0,1,6,6.192083308,1,,0
3,EL,DeepHole,9/26/2014,9/26/2014 10:35,PML,0,1,6,2.47238426,2,,0
3,EL,DeepHole,9/26/2014,9/26/2014 10:35,Hypo,8,8,6,4.125558236,1,,0
3,EL,DeepHole,9/26/2014,9/26/2014 10:35,Hypo,8,8,6,4.199749458,2,,0
3,WL,DeepHole,9/26/2014,9/26/2014 9:45,PML,0,2,6,6.482243181,1,,0
3,WL,DeepHole,9/26/2014,9/26/2014 9:45,PML,0,2,6,4.401509646,2,,0
3,WL,DeepHole,9/26/2014,9/26/2014 9:45,Hypo,8,8,6,22.02399862,1,,0
3,WL,DeepHole,9/26/2014,9/26/2014 9:45,Hypo,8,8,6,21.39475567,2,,0
