DOC.ID,Proj.ID,Lake.ID,Site,Date.Sample,Time.Sample,Depth.Class,Depth.Top..m.,Depth.Bot..m.,Rep,Comments,DOC_mgL,TN_mgL,flag
1,15,EL,Inlet1,4/23/2014,12:00,Surface,0,0,1,,38.96085679,NA,0
2,15,EL,Inlet1,4/23/2014,12:00,Surface,0,0,2,,38.37280194,NA,0
3,15,MO,Inlet1,4/23/2014,12:00,Surface,0,0,1,,9.377806716,0.663983647,0
4,15,MO,Inlet1,4/23/2014,12:00,Surface,0,0,2,,8.45083701,NA,0
5,15,MO,Inlet2,4/23/2014,12:00,Surface,0,0,1,,20.99307827,0.579710979,0
6,15,MO,Inlet2,4/23/2014,12:00,Surface,0,0,2,,22.37978954,NA,0
7,15,MO,Inlet3,4/23/2014,12:00,Surface,0,0,1,,22.26654662,NA,0
8,15,MO,Inlet3,4/23/2014,12:00,Surface,0,0,2,,23.62000461,NA,0
9,3,WL,DeepHole,5/14/2014,9:25,PML,0,1,1,,6.352322415,0.314530791,0
10,3,WL,DeepHole,5/14/2014,9:25,PML,0,1,2,,5.274343527,NA,0
11,3,WL,DeepHole,5/14/2014,9:25,Hypo,8,8,1,,7.418866581,0.438948856,0
12,3,WL,DeepHole,5/14/2014,9:25,Hypo,8,8,2,,6.70752834,NA,0
13,3,EL,DeepHole,5/14/2014,11:07,PML,0,1,1,,10.56077387,NA,0
14,3,EL,DeepHole,5/14/2014,11:07,PML,0,1,2,,12.32672826,NA,0
15,3,EL,DeepHole,5/14/2014,11:07,Hypo,8,8,1,,11.78944662,NA,0
16,3,EL,DeepHole,5/14/2014,11:07,Hypo,8,8,2,,6.628714291,0.287320047,0
17,3,EL,Inlet1,5/14/2014,11:07,Surface,0,0,1,,36.44270117,NA,0
18,3,EL,Inlet1,5/14/2014,11:07,Surface,0,0,2,,24.17471573,NA,0
19,15,MO,DeepHole,5/15/2014,8:45,PML,0,1.5,1,,14.9467254,0.596197863,0
20,15,MO,DeepHole,5/15/2014,8:45,PML,0,1.5,2,,16.28007965,NA,0
21,15,MO,DeepHole,5/15/2014,8:45,Hypo,5,5,1,,17.63505618,NA,0
22,15,MO,DeepHole,5/15/2014,8:45,Hypo,5,5,2,,17.98943227,NA,0
23,15,MO,Inlet1,5/15/2014,9:45,Surface,0,0,1,,10.62228218,0.523638623,0
24,15,MO,Inlet1,5/15/2014,9:45,Surface,0,0,2,,8.4360021,0.427010765,0
25,15,MO,Inlet2,5/15/2014,9:55,Surface,0,0,1,,20.43651471,NA,0
26,15,MO,Inlet2,5/15/2014,9:55,Surface,0,0,2,,20.05968135,0.761554093,0
27,15,MO,Inlet3,5/15/2014,10:10,Surface,0,0,1,,30.12616969,NA,0
28,15,MO,Inlet3,5/15/2014,10:10,Surface,0,0,2,,35.64098047,NA,0
29,15,CR,DeepHole,5/16/2014,8:55,PML,0,2.5,1,,5.156571708,NA,0
30,15,CR,DeepHole,5/16/2014,8:55,PML,0,2.5,2,,5.7285452,NA,0
31,15,CR,DeepHole,5/16/2014,8:55,Hypo,10,10,1,,4.899754108,NA,0
32,15,CR,DeepHole,5/16/2014,8:55,Hypo,10,10,2,,5.16893984,NA,0
33,15,HB,DeepHole,5/16/2014,10:25,PML,0,1,1,,18.81698042,NA,0
34,15,HB,DeepHole,5/16/2014,10:25,PML,0,1,2,,17.13781126,0.474742181,0
35,15,HB,DeepHole,5/16/2014,10:25,Hypo,5,5,1,,31.91515576,NA,0
36,15,HB,DeepHole,5/16/2014,10:25,Hypo,5,5,2,,30.02556766,NA,0
37,3,WL,DeepHole,5/21/2014,10:20,PML,0,2,1,,6.815538779,NA,0
38,3,WL,DeepHole,5/21/2014,10:20,PML,0,2,2,,5.05354711,NA,0
39,3,WL,DeepHole,5/21/2014,10:20,Hypo,8,8,1,,6.949971075,0.272468212,0
40,3,WL,DeepHole,5/21/2014,10:20,Hypo,8,8,2,,6.592186884,NA,0
41,3,EL,DeepHole,5/21/2014,11:00,PML,0,2,1,,10.742006,NA,0
42,3,EL,DeepHole,5/21/2014,11:00,PML,0,2,2,,10.78429908,0.334769952,0
43,3,EL,DeepHole,5/21/2014,11:00,Hypo,8,8,1,,10.52970636,0.58268425,0
44,3,EL,DeepHole,5/21/2014,11:00,Hypo,8,8,2,,8.420940005,NA,0
45,15,MO,DeepHole,5/22/2014,17:05,PML,0,1.5,1,,15.39370041,0.49768131,0
46,15,MO,DeepHole,5/22/2014,17:05,PML,0,1.5,2,,15.52607186,NA,0
47,15,MO,DeepHole,5/22/2014,17:05,Hypo,5,5,1,,18.16355743,NA,0
48,15,MO,DeepHole,5/22/2014,17:05,Hypo,5,5,2,,17.02927484,NA,0
49,15,CR,DeepHole,5/23/2014,15:15,PML,0,2.5,1,,4.927109258,0.273509604,0
50,15,CR,DeepHole,5/23/2014,15:15,PML,0,2.5,2,,5.107492173,NA,0
51,15,CR,DeepHole,5/23/2014,15:15,Hypo,10,10,1,,4.471659312,0.29461262,0
52,15,CR,DeepHole,5/23/2014,15:15,Hypo,10,10,2,,3.518636958,NA,0
53,15,HB,DeepHole,5/23/2014,12:00,PML,0,1,1,,19.42853346,NA,0
54,15,HB,DeepHole,5/23/2014,12:00,PML,0,1,2,,18.24588552,NA,0
55,15,HB,DeepHole,5/23/2014,12:00,Hypo,5,5,1,,29.73268674,NA,0
56,15,HB,DeepHole,5/23/2014,12:00,Hypo,5,5,2,,22.78021535,1.193633027,0
57,17,BA,DeepHole,5/26/2014,10:15,PML,0,1.5,1,,8.176416092,NA,0
58,17,BA,DeepHole,5/26/2014,10:15,PML,0,1.5,2,,5.999504942,NA,0
59,17,BA,DeepHole,5/26/2014,10:15,Hypo,10,10,1,,4.761138433,0.50247077,0
60,17,BA,DeepHole,5/26/2014,10:15,Hypo,10,10,2,,4.693470168,NA,0
61,15,HB,DeepHole,5/26/2014,11:20,PML,0,0.5,1,,18.72114238,NA,0
62,15,HB,DeepHole,5/26/2014,11:20,PML,0,0.5,2,,19.90411519,0.653569724,0
63,15,HB,DeepHole,5/26/2014,11:20,Hypo,5,5,1,,29.30915634,NA,0
64,15,HB,DeepHole,5/26/2014,11:20,Hypo,5,5,2,,30.09873277,NA,0
65,15,HB,Outlet,5/26/2014,11:20,Surface,0,0,1,,19.33523043,NA,0
66,15,HB,Outlet,5/26/2014,11:20,Surface,0,0,2,,18.43004755,NA,0
67,15,MO,DeepHole,5/27/2014,9:15,PML,0,0.5,1,,16.06062544,NA,0
68,15,MO,DeepHole,5/27/2014,9:15,PML,0,0.5,2,,15.00885323,NA,0
69,15,MO,DeepHole,5/27/2014,9:15,Hypo,5,5,1,,17.06785842,NA,0
70,15,MO,DeepHole,5/27/2014,9:15,Hypo,5,5,2,,15.71538659,NA,0
71,15,MO,Inlet1,5/27/2014,10:25,Surface,0,0,1,,10.54322239,0.442639676,0
72,15,MO,Inlet1,5/27/2014,10:25,Surface,0,0,2,,10.63337612,0.4235502,0
73,15,MO,Inlet2,5/27/2014,10:30,Surface,0,0,1,,26.11219341,0.759695897,0
74,15,MO,Inlet2,5/27/2014,10:30,Surface,0,0,2,,27.40454664,NA,0
75,15,MO,Inlet3,5/27/2014,10:10,Surface,0,0,1,,41.35740431,NA,0
76,15,MO,Inlet3,5/27/2014,10:10,Surface,0,0,2,,40.15076909,NA,0
77,15,MO,Outlet,5/27/2014,9:15,Surface,0,0,1,,14.46880507,0.488539732,0
78,15,MO,Outlet,5/27/2014,9:15,Surface,0,0,2,,14.92400634,0.421596156,0
79,15,CR,DeepHole,5/27/2014,11:35,PML,0,1,1,,6.086432476,0.329212247,0
80,15,CR,DeepHole,5/27/2014,11:35,PML,0,1,2,,5.431101437,NA,0
81,15,CR,DeepHole,5/27/2014,11:35,Hypo,10,10,1,,4.98780602,0.280059412,0
82,15,CR,DeepHole,5/27/2014,11:35,Hypo,10,10,2,,5.196973344,0.282898648,0
83,15,CR,Outlet,5/27/2014,12:30,Surface,0,0,1,,4.782149897,0.237113849,0
84,15,CR,Outlet,5/27/2014,12:30,Surface,0,0,2,,5.136742455,NA,0
85,17,BR,DeepHole,5/27/2014,10:30,PML,0,1.5,1,,12.51983611,0.464286698,0
86,17,BR,DeepHole,5/27/2014,10:30,PML,0,1.5,2,,11.34909614,NA,0
87,17,BR,DeepHole,5/27/2014,10:30,Hypo,4,4,1,,6.852039656,NA,0
88,17,BR,DeepHole,5/27/2014,10:30,Hypo,4,4,2,,9.005899641,NA,0
89,17,CB,DeepHole,5/28/2014,9:34,PML,0,1,1,,19.07956527,NA,0
90,17,CB,DeepHole,5/28/2014,9:34,PML,0,1,2,,20.28252254,NA,0
91,17,CB,DeepHole,5/28/2014,9:34,Hypo,5,5,1,,23.61043615,NA,0
92,17,CB,DeepHole,5/28/2014,9:34,Hypo,5,5,2,,22.362081,NA,0
93,15,WL,DeepHole,5/28/2014,9:05,PML,0,1,1,,6.569252608,NA,0
94,15,WL,DeepHole,5/28/2014,9:05,PML,0,1,2,,6.579042517,NA,0
95,15,WL,DeepHole,5/28/2014,9:05,Hypo,10,10,1,,5.838814785,0.371772306,0
96,15,WL,DeepHole,5/28/2014,9:05,Hypo,10,10,2,,6.543626741,NA,0
97,15,EL,DeepHole,5/28/2014,10:20,PML,0,0.5,1,,12.31568479,0.37065993,0
98,15,EL,DeepHole,5/28/2014,10:20,PML,0,0.5,2,,13.40666544,0.411174291,0
99,15,EL,DeepHole,5/28/2014,10:20,Hypo,8,8,1,,8.430759762,NA,0
100,15,EL,DeepHole,5/28/2014,10:20,Hypo,8,8,2,,11.4516926,0.450600269,0
101,15,EL,Inlet1,5/28/2014,11:50,Surface,0,0,1,,64.73959811,NA,0
102,15,EL,Inlet1,5/28/2014,11:50,Surface,0,0,2,,54.18977935,1.063943454,0
103,17,BO,DeepHole,5/29/2014,9:40,PML,0,0.5,1,,20.43103281,0.584036762,0
104,17,BO,DeepHole,5/29/2014,9:40,PML,0,0.5,2,,20.16414109,0.645924275,0
105,17,BO,DeepHole,5/29/2014,9:40,Hypo,3,3,1,,14.86381431,1.151840748,0
106,17,BO,DeepHole,5/29/2014,9:40,Hypo,3,3,2,,12.65071785,1.085026558,0
107,17,NG,DeepHole,5/29/2014,12:10,PML,0,0.5,1,,27.61830096,NA,0
108,17,NG,DeepHole,5/29/2014,12:10,PML,0,0.5,2,,20.38514977,NA,0
109,17,NG,DeepHole,5/29/2014,12:10,Hypo,4,4,1,,40.03023561,NA,0
110,17,NG,DeepHole,5/29/2014,12:10,Hypo,4,4,2,,36.84772168,NA,0
111,17,WA,DeepHole,5/30/2014,9:10,PML,0,0.5,1,,10.87734868,NA,0
112,17,WA,DeepHole,5/30/2014,9:10,PML,0,0.5,2,,12.09595249,NA,0
113,17,WA,DeepHole,5/30/2014,9:10,Hypo,4,4,1,,5.171459585,NA,0
114,17,WA,DeepHole,5/30/2014,9:10,Hypo,4,4,2,,7.271094079,NA,0
115,3,WL,DeepHole,6/4/2014,8:50,PML,0,1.5,1,,6.407919414,0.279755088,0
116,3,WL,DeepHole,6/4/2014,8:50,PML,0,1.5,2,,6.187665014,NA,0
117,3,WL,DeepHole,6/4/2014,8:50,Hypo,8,8,1,,7.635084829,NA,0
118,3,WL,DeepHole,6/4/2014,8:50,Hypo,8,8,2,,7.316374789,NA,0
119,3,EL,DeepHole,6/4/2014,10:30,PML,0,1.5,1,,10.38554341,0.334350757,0
120,3,EL,DeepHole,6/4/2014,10:30,PML,0,1.5,2,,10.45638779,NA,0
121,3,EL,DeepHole,6/4/2014,10:30,Hypo,8,8,1,,11.21432555,NA,0
122,3,EL,DeepHole,6/4/2014,10:30,Hypo,8,8,2,,11.27682134,NA,0
123,3,EL,Outlet,6/4/2014,12:00,Surface,0,0,1,,10.21331932,NA,0
124,3,EL,Outlet,6/4/2014,12:00,Surface,0,0,2,,10.86441753,NA,0
125,3,EL,Inlet1,6/4/2014,11:30,Surface,0,0,1,,73.42035909,NA,0
126,3,EL,Inlet1,6/4/2014,11:30,Surface,0,0,2,,64.82026559,1.417378108,0
127,19,AQ,DeepHole,6/4/2014,15:30,PML,0,1.5,1,,5.609455681,NA,0
128,19,AQ,DeepHole,6/4/2014,15:30,PML,0,1.5,2,,6.369890539,NA,0
129,15,HB,DeepHole,6/5/2014,8:45,PML,0,0.5,1,,20.13563678,0.555323355,0
130,15,HB,DeepHole,6/5/2014,8:45,PML,0,0.5,2,,21.31239129,NA,0
131,15,HB,DeepHole,6/5/2014,8:45,Hypo,5,5,1,,28.54195964,1.40050809,0
132,15,HB,DeepHole,6/5/2014,8:45,Hypo,5,5,2,,23.97471095,NA,0
133,15,HB,Outlet,6/5/2014,9:00,Surface,0,0,1,,20.05928094,0.522571267,0
134,15,HB,Outlet,6/5/2014,9:00,Surface,0,0,2,,19.77284261,0.520955401,0
135,15,CR,DeepHole,6/5/2014,10:00,PML,0,2,1,,4.792274016,NA,0
136,15,CR,DeepHole,6/5/2014,10:00,PML,0,2,2,,5.414382595,0.248227804,0
137,15,CR,DeepHole,6/5/2014,10:00,Hypo,10,10,1,,4.267287375,NA,0
138,15,CR,DeepHole,6/5/2014,10:00,Hypo,10,10,2,,4.874650252,NA,0
139,15,CR,Outlet,6/5/2014,10:50,Surface,0,0,1,,4.782421164,NA,0
140,15,CR,Outlet,6/5/2014,10:50,Surface,0,0,2,,4.632923068,0.219435503,0
141,21,EL,DeepHole,6/4/2014,10:00,point,0.5,0.5,1,,10.55071023,0.341374499,0
142,21,EL,DeepHole,6/4/2014,10:00,point,0.5,0.5,2,,10.38019332,NA,0
143,21,WL,DeepHole,6/4/2014,10:30,point,0.5,0.5,1,,5.966880614,NA,0
144,21,WL,DeepHole,6/4/2014,10:30,point,0.5,0.5,2,,8.131429628,NA,0
145,21,HB,DeepHole,6/4/2014,11:00,point,0.5,0.5,1,,20.76223817,0.465029656,0
146,21,HB,DeepHole,6/4/2014,11:00,point,0.5,0.5,2,,19.87645251,NA,0
147,21,CR,DeepHole,6/4/2014,10:00,point,0.5,0.5,1,,4.587201923,NA,0
148,21,CR,DeepHole,6/4/2014,10:00,point,0.5,0.5,2,,5.929375824,0.347980988,0
149,21,MO,DeepHole,6/4/2014,12:00,point,0.5,0.5,1,,14.50407163,NA,0
150,21,MO,DeepHole,6/4/2014,12:00,point,0.5,0.5,2,,20.33334646,NA,0
151,15,MO,DeepHole,6/6/2014,8:45,PML,0,0.5,1,,17.14302081,NA,0
152,15,MO,DeepHole,6/6/2014,8:45,PML,0,0.5,2,,17.57564116,0.466119113,0
153,15,MO,DeepHole,6/6/2014,8:45,Hypo,5,5,1,,14.46532175,1.1633713,0
154,15,MO,DeepHole,6/6/2014,8:45,Hypo,5,5,2,,18.384084,NA,0
155,15,MO,Outlet,6/6/2014,9:00,Surface,0,0,1,,16.30129286,NA,0
156,15,MO,Outlet,6/6/2014,9:00,Surface,0,0,2,,17.91888576,NA,0
158,15,MO,Inlet1,6/6/2014,10:45,Surface,0,0,2,,11.83713472,NA,0
158,15,MO,Inlet1,6/6/2014,10:45,Surface,0,0,2,,12.23191754,0.538089822,0
159,15,MO,Inlet2,6/6/2014,11:20,Surface,0,0,1,,28.37875787,NA,0
160,15,MO,Inlet2,6/6/2014,11:20,Surface,0,0,2,,27.62762375,NA,0
161,15,MO,Inlet3,6/6/2014,9:45,Surface,0,0,1,,57.84142953,1.235997731,0
162,15,MO,Inlet3,6/6/2014,9:45,Surface,0,0,2,,55.98550842,1.19128402,0
163,19,BV,DeepHole,6/6/2014,12:20,PML,0,3,1,,2.097053378,NA,0
164,19,BV,DeepHole,6/6/2014,12:20,PML,0,3,2,,2.698004878,NA,0
165,19,ER,DeepHole,6/6/2014,11:20,PML,0,2.5,1,,5.952468878,NA,0
166,19,ER,DeepHole,6/6/2014,11:20,PML,0,2.5,2,,5.428326913,NA,0
167,19,BH,DeepHole,6/6/2014,9:20,PML,0,1.5,1,,13.10235198,NA,0
168,19,BH,DeepHole,6/6/2014,9:20,PML,0,1.5,2,,12.01507003,NA,0
169,19,MC,DeepHole,6/9/2014,11:00,PML,0,2,1,,12.340819,NA,0
170,19,MC,DeepHole,6/9/2014,11:00,PML,0,2,2,,13.16744252,NA,0
171,19,TF,DeepHole,6/9/2014,16:00,PML,0,3,1,,13.02996361,0.413554489,0
172,19,TF,DeepHole,6/9/2014,16:00,PML,0,3,2,,10.91020075,0.484637387,0
173,15,CR,DeepHole,6/10/2014,9:00,PML,0,2,1,,5.11261654,0.24347588,0
174,15,CR,DeepHole,6/10/2014,9:00,PML,0,2,2,,4.961770543,0.24265839,0
175,15,CR,DeepHole,6/10/2014,9:00,Hypo,10,10,1,,5.23374867,NA,0
176,15,CR,DeepHole,6/10/2014,9:00,Hypo,10,10,2,,4.96377358,NA,0
177,15,CR,Outlet,6/10/2014,10:00,Surface,0,0,1,,3.917881232,NA,0
178,15,CR,Outlet,6/10/2014,10:00,Surface,0,0,2,,7.414154846,NA,0
179,15,HB,DeepHole,6/10/2014,12:25,PML,0,0.5,1,,22.47035542,NA,0
180,15,HB,DeepHole,6/10/2014,12:25,PML,0,0.5,2,,22.83671088,NA,0
181,15,HB,DeepHole,6/10/2014,12:25,Hypo,5,5,1,,30.56354769,NA,0
182,15,HB,DeepHole,6/10/2014,12:25,Hypo,5,5,2,,28.45126109,1.474916379,0
183,15,HB,Outlet,6/10/2014,13:00,Surface,0,0,1,,21.71415178,NA,0
184,15,HB,Outlet,6/10/2014,13:00,Surface,0,0,2,,22.53346033,NA,0
185,3,WL,DeepHole,6/11/2014,10:15,PML,0,1.5,1,,7.154154079,NA,0
186,3,WL,DeepHole,6/11/2014,10:15,PML,0,1.5,2,,6.471318596,NA,0
187,3,WL,DeepHole,6/11/2014,10:15,Hypo,8,8,1,,6.795138603,NA,0
188,3,WL,DeepHole,6/11/2014,10:15,Hypo,8,8,2,,7.704062753,NA,0
189,3,EL,DeepHole,6/11/2014,11:45,PML,0,1,1,,11.24777775,0.317836547,0
190,3,EL,DeepHole,6/11/2014,11:45,PML,0,1,2,,10.67334431,0.364173558,0
191,3,EL,DeepHole,6/11/2014,11:45,Hypo,8,8,1,,11.49099727,0.449088344,0
192,3,EL,DeepHole,6/11/2014,11:45,Hypo,8,8,2,,12.06203438,0.499433721,0
193,3,EL,Outlet,6/11/2014,13:05,Surface,0,0,1,,9.372443848,NA,0
194,3,EL,Outlet,6/11/2014,13:05,Surface,0,0,2,,10.47678982,NA,0
195,3,EL,Inlet1,6/11/2014,13:25,Surface,0,0,1,,64.71937864,NA,0
196,3,EL,Inlet1,6/11/2014,13:25,Surface,0,0,2,,72.53552659,1.55783324,0
197,19,HE,DeepHole,6/12/2014,11:00,PML,0,1,1,,26.76789111,NA,0
198,19,HE,DeepHole,6/12/2014,11:00,PML,0,1,2,,29.37760481,NA,0
199,19,RS,DeepHole,6/12/2014,9:20,PML,0,0.5,1,,17.50927277,0.554558377,0
200,19,RS,DeepHole,6/12/2014,9:20,PML,0,0.5,2,,18.41063002,0.479060924,0
201,15,HB,WC1,6/12/2014,16:45,Surface,0,0,1,,26.49913831,NA,0
202,15,HB,WC1,6/12/2014,16:45,Surface,0,0,2,,26.67278376,NA,0
203,15,MO,DeepHole,6/13/2014,8:55,PML,0,1.5,1,,14.40207589,0.421652658,0
204,15,MO,DeepHole,6/13/2014,8:55,PML,0,1.5,2,,15.34041539,NA,0
205,15,MO,DeepHole,6/13/2014,8:55,Hypo,5,5,1,,16.41140414,1.31717693,0
206,15,MO,DeepHole,6/13/2014,8:55,Hypo,5,5,2,,16.98141384,NA,0
207,15,MO,Outlet,6/13/2014,9:45,Surface,0,0,1,,18.02668757,NA,0
208,15,MO,Outlet,6/13/2014,9:45,Surface,0,0,2,,14.82470982,NA,0
209,15,MO,Inlet1,6/13/2014,10:00,Surface,0,0,1,,11.31223727,NA,0
210,15,MO,Inlet1,6/13/2014,10:00,Surface,0,0,2,,10.09592015,0.464244607,0
211,15,MO,Inlet2,6/13/2014,10:15,Surface,0,0,1,,24.98900446,NA,0
212,15,MO,Inlet2,6/13/2014,10:15,Surface,0,0,2,,26.94809291,NA,0
213,15,MO,Inlet3,6/13/2014,9:50,Surface,0,0,1,,56.97447242,NA,0
214,15,MO,Inlet3,6/13/2014,9:50,Surface,0,0,2,,52.94079461,1.188733809,0
215,19,DW,DeepHole,6/13/2014,16:30,PML,0,1,1,,12.07965342,NA,0
216,19,DW,DeepHole,6/13/2014,16:30,PML,0,1,2,,11.18829774,NA,0
217,17,BO,DeepHole,6/16/2014,9:47,PML,0,1,1,,19.39833368,NA,0
218,17,BO,DeepHole,6/16/2014,9:47,PML,0,1,2,,19.17560676,NA,0
219,17,BO,DeepHole,6/16/2014,9:47,Hypo,2,2,1,,17.00614918,0.770499106,0
220,17,BO,DeepHole,6/16/2014,9:47,Hypo,2,2,2,,14.28095476,0.637718089,0
221,15,HB,DeepHole,6/17/2014,9:15,PML,0,0.5,1,,21.45977672,0.524757509,0
222,15,HB,DeepHole,6/17/2014,9:15,PML,0,0.5,2,,21.04383618,NA,0
223,15,HB,DeepHole,6/17/2014,9:15,Hypo,5,5,1,,28.82360248,1.636912901,0
224,15,HB,DeepHole,6/17/2014,9:15,Hypo,5,5,2,,29.00499957,1.62206461,0
225,15,HB,Outlet,6/17/2014,10:00,Surface,0,0,1,,20.3117964,NA,0
226,15,HB,Outlet,6/17/2014,10:00,Surface,0,0,2,,20.86003118,0.582058608,0
227,15,HB,WC1,6/17/2014,10:00,Surface,0,0,1,,17.99430177,0.403438649,0
228,15,HB,WC1,6/17/2014,10:00,Surface,0,0,2,,25.7480232,NA,0
229,15,CR,DeepHole,6/17/2014,10:45,PML,0,3,1,,6.673338937,NA,0
230,15,CR,DeepHole,6/17/2014,10:45,PML,0,3,2,,3.817873726,0.195770831,0
231,15,CR,DeepHole,6/17/2014,10:45,Hypo,10,10,1,,4.065136575,NA,0
232,15,CR,DeepHole,6/17/2014,10:45,Hypo,10,10,2,,4.730986667,0.291535364,0
233,15,CR,Outlet,6/17/2014,12:00,Surface,0,0,1,,5.470713283,NA,0
234,15,CR,Outlet,6/17/2014,12:00,Surface,0,0,2,,5.909858553,NA,0
235,3,WL,DeepHole,6/18/2014,9:20,PML,0,1,1,,6.837060157,0.227015444,0
236,3,WL,DeepHole,6/18/2014,9:20,PML,0,1,2,,5.990590733,NA,0
237,3,WL,DeepHole,6/18/2014,9:20,Hypo,8,8,1,,6.912384658,NA,0
238,3,WL,DeepHole,6/18/2014,9:20,Hypo,8,8,2,,6.488100555,NA,0
239,3,EL,DeepHole,6/18/2014,10:35,PML,0,1,1,,11.04809021,NA,0
240,3,EL,DeepHole,6/18/2014,10:35,PML,0,1,2,,9.257855407,NA,0
241,3,EL,DeepHole,6/18/2014,10:35,Hypo,8,8,1,,12.54533432,0.498642595,0
242,3,EL,DeepHole,6/18/2014,10:35,Hypo,8,8,2,,12.69826557,NA,0
244,3,EL,Outlet,6/18/2014,11:30,Surface,0,0,2,,10.24432635,0.356642266,0
245,3,EL,Inlet1,6/18/2014,11:45,Surface,0,0,1,,60.20529835,1.252692521,0
246,3,EL,Inlet1,6/18/2014,11:45,Surface,0,0,2,,76.48731895,NA,0
247,17,CB,DeepHole,6/18/2014,9:45,PML,0,1,1,,21.13251777,NA,0
248,17,CB,DeepHole,6/18/2014,9:45,PML,0,1,2,,22.18080828,NA,0
249,17,CB,DeepHole,6/18/2014,9:45,Hypo,5,5,1,,22.95802659,NA,0
250,17,CB,DeepHole,6/18/2014,9:45,Hypo,5,5,2,,14.35171353,NA,0
251,15,MO,DeepHole,6/19/2014,8:35,PML,0,1,1,,16.50147049,NA,0
252,15,MO,DeepHole,6/19/2014,8:35,PML,0,1,2,,16.99110118,0.52890906,0
253,15,MO,DeepHole,6/19/2014,8:35,Hypo,5,5,1,,13.91209301,1.573333362,0
254,15,MO,DeepHole,6/19/2014,8:35,Hypo,5,5,2,,14.54348727,NA,0
255,15,MO,Outlet,6/19/2014,9:10,Surface,0,0,1,,16.6119039,NA,0
256,15,MO,Outlet,6/19/2014,9:10,Surface,0,0,2,,17.60186942,NA,0
257,15,MO,Inlet1,6/19/2014,9:40,Surface,0,0,1,,10.42820502,NA,0
258,15,MO,Inlet1,6/19/2014,9:40,Surface,0,0,2,,11.03119586,NA,0
259,15,MO,Inlet2,6/19/2014,9:25,Surface,0,0,1,,28.42884336,NA,0
260,15,MO,Inlet2,6/19/2014,9:25,Surface,0,0,2,,27.83068364,0.75077747,0
261,15,MO,Inlet3,6/19/2014,10:00,Surface,0,0,1,,51.62831648,NA,0
262,15,MO,Inlet3,6/19/2014,10:00,Surface,0,0,2,,47.08936762,1.332525423,0
263,21,HB,Wetland,6/18/2014,10:00,Surface,0,0,1,,20.80294577,NA,0
264,21,HB,Wetland,6/18/2014,10:00,Surface,0,0,2,,22.85265059,NA,0
265,21,EL,Inlet1,6/18/2014,12:00,Surface,0,0,1,,69.41429799,1.410742021,0
266,21,EL,Inlet1,6/18/2014,12:00,Surface,0,0,2,,69.51071485,NA,0
267,21,MO,Inlet1,6/18/2014,13:00,Surface,0,0,1,,11.00075246,NA,0
268,21,MO,Inlet1,6/18/2014,13:00,Surface,0,0,2,,11.0488883,0.552794994,0
269,21,MO,Inlet2,6/19/2014,8:00,Surface,0,0,1,,24.79945134,0.814751358,0
270,21,MO,Inlet2,6/19/2014,8:00,Surface,0,0,2,,27.300594,NA,0
271,21,MO,Inlet3,6/19/2014,8:00,Surface,0,0,1,,52.32403633,NA,0
272,21,MO,Inlet3,6/19/2014,8:00,Surface,0,0,2,,53.7499706,NA,0
273,17,BR,DeepHole,6/19/2014,8:50,PML,0,1.5,1,,11.32616949,NA,0
274,17,BR,DeepHole,6/19/2014,8:50,PML,0,1.5,2,,11.13838619,NA,0
275,17,BR,DeepHole,6/19/2014,8:50,Hypo,4.5,4.5,1,,11.18210459,NA,0
276,17,BR,DeepHole,6/19/2014,8:50,Hypo,4.5,4.5,2,,12.62429737,NA,0
277,17,BA,DeepHole,6/19/2014,10:30,PML,0,3,1,,8.561667895,NA,0
278,17,BA,DeepHole,6/19/2014,10:30,PML,0,3,2,,8.644136665,0.373082728,0
279,17,BA,DeepHole,6/19/2014,10:30,Hypo,10,10,1,,7.849790763,NA,0
280,17,BA,DeepHole,6/19/2014,10:30,Hypo,10,10,2,,5.981537643,NA,0
281,15,HB,WC1,6/19/2014,17:00,Surface,0,0,1,,22.9596471,NA,0
282,15,HB,WC1,6/19/2014,17:00,Surface,0,0,2,,23.45051404,NA,0
283,17,NG,DeepHole,6/20/2014,8:40,PML,0,0.5,1,,26.04927367,NA,0
284,17,NG,DeepHole,6/20/2014,8:40,PML,0,0.5,2,,25.31022734,0.58301792,0
285,17,NG,DeepHole,6/20/2014,8:40,Hypo,3,3,1,,41.08197776,NA,0
286,17,NG,DeepHole,6/20/2014,8:40,Hypo,3,3,2,,38.75485917,NA,0
287,17,WA,DeepHole,6/20/2014,9:25,PML,0,1,1,,17.8689017,0.415560655,0
288,17,WA,DeepHole,6/20/2014,9:25,PML,0,1,2,,11.80906849,0.44068874,0
289,17,WA,DeepHole,6/20/2014,9:25,Hypo,4,4,1,,7.015231886,NA,0
290,17,WA,DeepHole,6/20/2014,9:25,Hypo,4,4,2,,7.895627075,NA,0
291,15,HB,WC2,6/20/2014,9:00,Surface,0,0,1,,23.03173483,NA,0
292,15,HB,WC2,6/20/2014,9:00,Surface,0,0,2,,25.31365153,NA,0
293,15,HB,DeepHole,6/24/2014,8:55,PML,0,0.5,1,,23.0505661,0.64043216,0
294,15,HB,DeepHole,6/24/2014,8:55,PML,0,0.5,2,,21.00778866,0.67939495,0
295,15,HB,DeepHole,6/24/2014,8:55,Hypo,5,5,1,,30.72063621,NA,0
296,15,HB,DeepHole,6/24/2014,8:55,Hypo,5,5,2,,33.08856438,NA,0
297,15,HB,Outlet,6/24/2014,9:30,Surface,0,0,1,,22.20272828,0.635677919,0
298,15,HB,Outlet,6/24/2014,9:30,Surface,0,0,2,,22.02537931,NA,0
299,15,HB,WC1,6/24/2014,9:30,Surface,0,0,1,,24.48999953,NA,0
300,15,HB,WC1,6/24/2014,9:30,Surface,0,0,2,,23.40188397,NA,0
301,15,HB,WC2,6/24/2014,9:30,Surface,0,0,1,,28.39103263,NA,0
302,15,HB,WC2,6/24/2014,9:30,Surface,0,0,2,,25.79336094,NA,0
303,15,HB,OWC1,6/24/2014,9:30,Surface,0,0,1,,21.32911441,NA,0
304,15,HB,OWC1,6/24/2014,9:30,Surface,0,0,2,,21.80546748,NA,0
305,15,CR,DeepHole,6/24/2014,10:20,PML,0,2.5,1,,4.523388044,NA,0
306,15,CR,DeepHole,6/24/2014,10:20,PML,0,2.5,2,,5.209383034,NA,0
307,15,CR,DeepHole,6/24/2014,10:20,Hypo,10,10,1,,6.523418719,0.468506304,0
308,15,CR,DeepHole,6/24/2014,10:20,Hypo,10,10,2,,6.852080238,NA,0
309,15,CR,Outlet,6/24/2014,11:15,Surface,0,0,1,,5.55759893,0.270365206,0
310,15,CR,Outlet,6/24/2014,11:15,Surface,0,0,2,,4.095112437,NA,0
311,15,CR,WC1,6/24/2014,10:00,Surface,0,0,1,,17.43210533,NA,0
312,15,CR,WC1,6/24/2014,10:00,Surface,0,0,2,,21.09039852,NA,0
313,15,CR,OWC1,6/24/2014,10:00,Surface,0,0,1,,5.491498971,NA,0
314,15,CR,OWC1,6/24/2014,10:00,Surface,0,0,2,,5.499224648,NA,0
315,3,WL,DeepHole,6/25/2014,8:40,PML,0,1.5,1,,6.785584834,NA,0
316,3,WL,DeepHole,6/25/2014,8:40,PML,0,1.5,2,,6.820499889,0.277947538,0
317,3,WL,DeepHole,6/25/2014,8:40,Hypo,8,8,1,,7.157926091,NA,0
318,3,WL,DeepHole,6/25/2014,8:40,Hypo,8,8,2,,6.434457386,NA,0
319,3,EL,DeepHole,6/25/2014,10:30,PML,0,1,1,,10.54854693,0.354287571,0
320,3,EL,DeepHole,6/25/2014,10:30,PML,0,1,2,,10.62984877,NA,0
321,3,EL,DeepHole,6/25/2014,10:30,Hypo,8,8,1,,13.55362169,NA,0
322,3,EL,DeepHole,6/25/2014,10:30,Hypo,8,8,2,,11.84761389,NA,0
323,3,EL,Outlet,6/25/2014,11:15,Surface,0,0,1,,10.07264469,NA,0
324,3,EL,Outlet,6/25/2014,11:15,Surface,0,0,2,,8.414084725,0.292148284,0
325,3,EL,Inlet1,6/25/2014,11:45,Surface,0,0,1,,77.76052702,NA,0
326,3,EL,Inlet1,6/25/2014,11:45,Surface,0,0,2,,78.47001653,NA,0
327,15,MO,DeepHole,6/26/2014,8:55,PML,0,1,1,,15.51692993,0.498309551,0
328,15,MO,DeepHole,6/26/2014,8:55,PML,0,1,2,,17.50036721,0.503288807,0
329,15,MO,DeepHole,6/26/2014,8:55,Hypo,5,5,1,,15.26198274,NA,0
330,15,MO,DeepHole,6/26/2014,8:55,Hypo,5,5,2,,11.25970281,NA,0
331,15,MO,Outlet,6/26/2014,9:45,Surface,0,0,1,,18.52858509,NA,0
332,15,MO,Outlet,6/26/2014,9:45,Surface,0,0,2,,17.70944482,NA,0
333,15,MO,Inlet1,6/26/2014,10:20,Surface,0,0,1,,10.11181807,NA,0
334,15,MO,Inlet1,6/26/2014,10:20,Surface,0,0,2,,10.08919961,NA,0
335,15,MO,Inlet2,6/26/2014,10:45,Surface,0,0,1,,27.72884563,NA,0
336,15,MO,Inlet2,6/26/2014,10:45,Surface,0,0,2,,27.66643715,NA,0
337,15,MO,Inlet3,6/26/2014,10:00,Surface,0,0,1,,49.79553814,NA,0
338,15,MO,Inlet3,6/26/2014,10:00,Surface,0,0,2,,50.68597845,NA,0
339,15,HB,WC1,6/30/2014,15:30,Surface,0,0,1,,22.15648393,0.618966812,0
340,15,HB,WC1,6/30/2014,15:30,Surface,0,0,2,,27.46405296,NA,0
341,15,HB,WC2,6/30/2014,15:30,Surface,0,0,1,,23.7737169,NA,0
342,15,HB,WC2,6/30/2014,15:30,Surface,0,0,2,,26.23036347,NA,0
343,15,HB,OWC1,6/30/2014,15:30,Surface,0,0,1,,21.84116471,0.603102252,0
344,15,HB,OWC1,6/30/2014,15:30,Surface,0,0,2,,21.25284151,NA,0
345,15,CR,WC1,6/30/2014,9:00,Surface,0,0,1,,69.58029577,NA,0
346,15,CR,WC1,6/30/2014,9:00,Surface,0,0,2,,70.14482942,NA,0
347,15,CR,OWC1,6/30/2014,9:00,Surface,0,0,1,,6.327977016,0.406006273,0
348,15,CR,OWC1,6/30/2014,9:00,Surface,0,0,2,,8.285777788,NA,0
349,15,HB,DeepHole,7/1/2014,8:50,PML,0,0.5,1,,22.46844759,0.564811058,0
350,15,HB,DeepHole,7/1/2014,8:50,PML,0,0.5,2,,22.84714602,NA,0
351,15,HB,DeepHole,7/1/2014,8:50,Hypo,5,5,1,,30.28509672,NA,0
352,15,HB,DeepHole,7/1/2014,8:50,Hypo,5,5,2,,28.93339545,1.651928027,0
353,15,HB,Outlet,7/1/2014,9:25,Surface,0,0,1,,23.88374878,NA,0
354,15,HB,Outlet,7/1/2014,9:25,Surface,0,0,2,,22.5056727,NA,0
355,15,CR,DeepHole,7/1/2014,10:30,PML,0,3,1,,4.696402618,NA,0
356,15,CR,DeepHole,7/1/2014,10:30,PML,0,3,2,,5.314123392,NA,0
357,15,CR,DeepHole,7/1/2014,10:30,Hypo,10,10,1,,4.503875657,NA,0
358,15,CR,DeepHole,7/1/2014,10:30,Hypo,10,10,2,,4.672351502,NA,0
359,15,CR,Outlet,7/1/2014,11:20,Surface,0,0,1,,4.846935073,NA,0
360,15,CR,Outlet,7/1/2014,11:20,Surface,0,0,2,,4.953706052,0.271939505,0
361,3,WL,DeepHole,7/2/2014,9:00,PML,0,2,1,,7.484188305,NA,0
362,3,WL,DeepHole,7/2/2014,9:00,PML,0,2,2,,7.952365859,NA,0
363,3,WL,DeepHole,7/2/2014,9:00,Hypo,8,8,1,,5.58821108,NA,0
364,3,WL,DeepHole,7/2/2014,9:00,Hypo,8,8,2,,6.071909043,NA,0
365,3,EL,DeepHole,7/2/2014,10:15,PML,0,1.5,1,,11.62328193,0.363088023,0
366,3,EL,DeepHole,7/2/2014,10:15,PML,0,1.5,2,,11.20928984,NA,0
367,3,EL,DeepHole,7/2/2014,10:15,Hypo,8,8,1,,13.43365778,NA,0
368,3,EL,DeepHole,7/2/2014,10:15,Hypo,8,8,2,,12.57939698,NA,0
369,3,EL,Outlet,7/2/2014,11:15,Surface,0,0,1,,12.09905935,NA,0
370,3,EL,Outlet,7/2/2014,11:15,Surface,0,0,2,,10.34368277,NA,0
371,3,EL,Inlet1,7/2/2014,11:30,Surface,0,0,1,,72.14780086,NA,0
372,3,EL,Inlet1,7/2/2014,11:30,Surface,0,0,2,,68.96009456,1.388662825,0
373,15,MO,DeepHole,7/3/2014,8:45,PML,0,1,1,,17.45257345,0.519728298,0
374,15,MO,DeepHole,7/3/2014,8:45,PML,0,1,2,,18.06954182,0.474096512,0
375,15,MO,DeepHole,7/3/2014,8:45,Hypo,5,5,1,,18.42964428,NA,0
376,15,MO,DeepHole,7/3/2014,8:45,Hypo,5,5,2,,15.18283736,NA,0
377,15,MO,Outlet,7/3/2014,9:30,Surface,0,0,1,,17.58745674,NA,0
378,15,MO,Outlet,7/3/2014,9:30,Surface,0,0,2,,16.82605564,NA,0
379,15,MO,Inlet1,7/3/2014,10:30,Surface,0,0,1,,11.25004374,0.506273945,0
380,15,MO,Inlet1,7/3/2014,10:30,Surface,0,0,2,,12.53304408,NA,0
381,15,MO,Inlet2,7/3/2014,11:00,Surface,0,0,1,,63.14247783,NA,0
382,15,MO,Inlet2,7/3/2014,11:00,Surface,0,0,2,,67.23002641,NA,0
383,15,MO,Inlet3,7/3/2014,9:35,Surface,0,0,1,,33.44922817,0.928699478,0
384,15,MO,Inlet3,7/3/2014,9:35,Surface,0,0,2,,30.25998296,NA,0
385,19,RS,DeepHole,7/3/2014,9:15,PML,0,1.5,1,,17.62311755,0.523638623,0
386,19,RS,DeepHole,7/3/2014,9:15,PML,0,1.5,2,,17.85609388,NA,0
387,19,HE,DeepHole,7/3/2014,10:00,PML,0,1,1,,27.74836557,NA,0
388,19,HE,DeepHole,7/3/2014,10:00,PML,0,1,2,,25.86403529,NA,0
389,19,MC,DeepHole,7/3/2014,11:00,PML,0,3.5,1,,12.97053056,NA,0
390,19,MC,DeepHole,7/3/2014,11:00,PML,0,3.5,2,,16.19919088,NA,0
391,19,TF,DeepHole,7/3/2014,14:45,PML,0,2.5,1,,10.40052872,0.539657429,0
392,19,TF,DeepHole,7/3/2014,14:45,PML,0,2.5,2,,10.44825626,NA,0
393,19,DW,DeepHole,7/3/2014,13:30,PML,0,1,1,,11.18287592,0.415219062,0
394,19,DW,DeepHole,7/3/2014,13:30,PML,0,1,2,,11.01559585,NA,0
395,19,BH,DeepHole,7/4/2014,11:00,PML,0,3.5,1,,12.41302051,NA,0
396,19,BH,DeepHole,7/4/2014,11:00,PML,0,3.5,2,,12.62010644,0.5934894,0
397,19,ER,DeepHole,7/4/2014,12:30,PML,0,5,1,,6.365800012,NA,0
398,19,ER,DeepHole,7/4/2014,12:30,PML,0,5,2,,7.03038732,NA,0
399,19,AQ,DeepHole,7/4/2014,13:45,PML,0,3.5,1,,6.857830509,NA,0
400,19,AQ,DeepHole,7/4/2014,13:45,PML,0,3.5,2,,8.309319754,NA,0
401,21,MO,DeepHole,7/7/2014,10:45,point,0.5,0.5,1,"MO, no glu 1",19.86076873,NA,0
402,21,MO,DeepHole,7/7/2014,10:45,point,0.5,0.5,2,"MO, no glu 1",18.6919547,NA,0
403,21,MO,DeepHole,7/7/2014,10:45,point,0.5,0.5,1,"MO, no glu 2",14.1513648,0.583144143,0
404,21,MO,DeepHole,7/7/2014,10:45,point,0.5,0.5,2,"MO, no glu 2",15.22780953,NA,0
405,21,MO,DeepHole,7/7/2014,10:45,point,0.5,0.5,1,"MO, no glu 3",14.98309644,0.579163847,0
406,21,MO,DeepHole,7/7/2014,10:45,point,0.5,0.5,2,"MO, no glu 3",16.14954076,NA,0
407,21,MO,DeepHole,7/7/2014,10:45,point,0.5,0.5,1,"MO, .25 1",16.43304938,NA,0
408,21,MO,DeepHole,7/7/2014,10:45,point,0.5,0.5,2,"MO, .25 1",13.95635061,NA,0
409,21,MO,DeepHole,7/7/2014,10:45,point,0.5,0.5,1,"MO, .25 2",15.6044752,NA,0
410,21,MO,DeepHole,7/7/2014,10:45,point,0.5,0.5,2,"MO, .25 2",16.75250203,NA,0
411,21,MO,DeepHole,7/7/2014,10:45,point,0.5,0.5,1,"MO, .25 3",16.41534506,NA,0
412,21,MO,DeepHole,7/7/2014,10:45,point,0.5,0.5,2,"MO, .25 3",16.19932418,NA,0
413,21,MO,DeepHole,7/7/2014,10:45,point,0.5,0.5,1,"MO, 1.0 1",17.11103878,NA,0
414,21,MO,DeepHole,7/7/2014,10:45,point,0.5,0.5,2,"MO, 1.0 1",16.21758638,0.605397619,0
415,21,MO,DeepHole,7/7/2014,10:45,point,0.5,0.5,1,"MO, 1.0 2",13.17412268,0.401584834,0
416,21,MO,DeepHole,7/7/2014,10:45,point,0.5,0.5,2,"MO, 1.0 2",17.7033736,0.520068327,0
417,21,MO,DeepHole,7/7/2014,10:45,point,0.5,0.5,1,"MO, 1.0 3",17.09171076,NA,0
418,21,MO,DeepHole,7/7/2014,10:45,point,0.5,0.5,2,"MO, 1.0 3",17.22204484,NA,0
419,21,MO,DeepHole,7/7/2014,10:45,point,0.5,0.5,1,"MO, 2.25 1",19.09280643,0.455836997,0
420,21,MO,DeepHole,7/7/2014,10:45,point,0.5,0.5,2,"MO, 2.25 1",17.47557335,NA,0
421,21,MO,DeepHole,7/7/2014,10:45,point,0.5,0.5,1,"MO, 2.25 2",19.80897453,NA,0
422,21,MO,DeepHole,7/7/2014,10:45,point,0.5,0.5,2,"MO, 2.25 2",19.5826439,0.548587933,0
423,21,MO,DeepHole,7/7/2014,10:45,point,0.5,0.5,1,"MO, 2.25 3",21.12045913,NA,0
424,21,MO,DeepHole,7/7/2014,10:45,point,0.5,0.5,2,"MO, 2.25 3",20.56694606,NA,0
425,21,MO,DeepHole,7/7/2014,10:45,point,0.5,0.5,1,"MO, 4.0 1",21.79401826,NA,0
426,21,MO,DeepHole,7/7/2014,10:45,point,0.5,0.5,2,"MO, 4.0 1",22.76954337,0.76604009,0
427,21,MO,DeepHole,7/7/2014,10:45,point,0.5,0.5,1,"MO, 4.0 2",26.57967568,0.619147734,0
428,21,MO,DeepHole,7/7/2014,10:45,point,0.5,0.5,2,"MO, 4.0 2",28.55298807,0.751287512,0
429,21,MO,DeepHole,7/7/2014,10:45,point,0.5,0.5,1,"MO, 4.0 3",30.30720191,NA,0
430,21,MO,DeepHole,7/7/2014,10:45,point,0.5,0.5,2,"MO, 4.0 3",27.47956343,0.457214111,0
431,21,EL,DeepHole,7/7/2014,10:45,point,0.5,0.5,1,"EL, no glu 1",10.97311253,0.374492613,0
432,21,EL,DeepHole,7/7/2014,10:45,point,0.5,0.5,2,"EL, no glu 1",10.14797812,NA,0
433,21,EL,DeepHole,7/7/2014,10:45,point,0.5,0.5,1,"EL, no glu 2",8.992046501,NA,0
434,21,EL,DeepHole,7/7/2014,10:45,point,0.5,0.5,2,"EL, no glu 2",10.3011684,NA,0
435,21,EL,DeepHole,7/7/2014,10:45,point,0.5,0.5,1,"EL, no glu 3",12.73436511,NA,0
436,21,EL,DeepHole,7/7/2014,10:45,point,0.5,0.5,2,"EL, no glu 3",8.783261007,NA,0
437,21,EL,DeepHole,7/7/2014,10:45,point,0.5,0.5,1,"EL, .25 1",11.04320953,NA,0
438,21,EL,DeepHole,7/7/2014,10:45,point,0.5,0.5,2,"EL, .25 1",9.93659457,0.259011666,0
439,21,EL,DeepHole,7/7/2014,10:45,point,0.5,0.5,1,"EL, .25 2",10.21611396,NA,0
440,21,EL,DeepHole,7/7/2014,10:45,point,0.5,0.5,2,"EL, .25 2",9.916213943,NA,0
441,21,EL,DeepHole,7/7/2014,10:45,point,0.5,0.5,1,"EL, .25 3",10.21366654,NA,0
442,21,EL,DeepHole,7/7/2014,10:45,point,0.5,0.5,2,"EL, .25 3",10.25787732,NA,0
443,21,EL,DeepHole,7/7/2014,10:45,point,0.5,0.5,1,"EL, 1.0 1",12.92779092,NA,0
444,21,EL,DeepHole,7/7/2014,10:45,point,0.5,0.5,2,"EL, 1.0 1",12.48009691,0.367811681,0
445,21,EL,DeepHole,7/7/2014,10:45,point,0.5,0.5,1,"EL, 1.0 2",13.65187571,NA,0
446,21,EL,DeepHole,7/7/2014,10:45,point,0.5,0.5,2,"EL, 1.0 2",13.52554135,NA,0
447,21,EL,DeepHole,7/7/2014,10:45,point,0.5,0.5,1,"EL, 1.0 3",12.34526946,NA,0
448,21,EL,DeepHole,7/7/2014,10:45,point,0.5,0.5,2,"EL, 1.0 3",11.26485088,0.3330006,0
449,21,EL,DeepHole,7/7/2014,10:45,point,0.5,0.5,1,"EL, 2.25 1",23.68286724,0.4364154,0
450,21,EL,DeepHole,7/7/2014,10:45,point,0.5,0.5,2,"EL, 2.25 1",25.94991677,NA,0
451,21,EL,DeepHole,7/7/2014,10:45,point,0.5,0.5,1,"EL, 2.25 2",25.62138964,NA,0
452,21,EL,DeepHole,7/7/2014,10:45,point,0.5,0.5,2,"EL, 2.25 2",23.99876871,NA,0
453,21,EL,DeepHole,7/7/2014,10:45,point,0.5,0.5,1,"EL, 2.25 3",24.91928396,NA,0
454,21,EL,DeepHole,7/7/2014,10:45,point,0.5,0.5,2,"EL, 2.25 3",26.99262214,NA,0
455,21,EL,DeepHole,7/7/2014,10:45,point,0.5,0.5,1,"EL, 4.0 1",27.82003605,NA,0
456,21,EL,DeepHole,7/7/2014,10:45,point,0.5,0.5,2,"EL, 4.0 1",27.75992779,NA,0
457,21,EL,DeepHole,7/7/2014,10:45,point,0.5,0.5,1,"EL, 4.0 2",25.46911137,0.444068965,0
458,21,EL,DeepHole,7/7/2014,10:45,point,0.5,0.5,2,"EL, 4.0 2",29.22373576,NA,0
459,21,EL,DeepHole,7/7/2014,10:45,point,0.5,0.5,1,"EL, 4.0 3",24.1917241,0.491235478,0
460,21,EL,DeepHole,7/7/2014,10:45,point,0.5,0.5,2,"EL, 4.0 3",25.71231833,NA,0
461,21,WL,DeepHole,7/7/2014,10:45,point,0.5,0.5,1,"WL, no glu 1",6.613916107,0.293509615,0
462,21,WL,DeepHole,7/7/2014,10:45,point,0.5,0.5,2,"WL, no glu 1",4.7304975,NA,0
463,21,WL,DeepHole,7/7/2014,10:45,point,0.5,0.5,1,"WL, no glu 2",5.73672885,NA,0
464,21,WL,DeepHole,7/7/2014,10:45,point,0.5,0.5,2,"WL, no glu 2",10.05979748,NA,0
465,21,WL,DeepHole,7/7/2014,10:45,point,0.5,0.5,1,"WL, no glu 3",3.315798677,NA,0
466,21,WL,DeepHole,7/7/2014,10:45,point,0.5,0.5,2,"WL, no glu 3",6.17212833,NA,0
467,21,WL,DeepHole,7/7/2014,10:45,point,0.5,0.5,1,"WL, .25 1",6.205054883,NA,0
468,21,WL,DeepHole,7/7/2014,10:45,point,0.5,0.5,2,"WL, .25 1",8.047719887,NA,0
469,21,WL,DeepHole,7/7/2014,10:45,point,0.5,0.5,1,"WL, .25 2",6.638473785,NA,0
470,21,WL,DeepHole,7/7/2014,10:45,point,0.5,0.5,2,"WL, .25 2",6.183154977,NA,0
471,21,WL,DeepHole,7/7/2014,10:54,point,0.5,0.5,1,"WL, .25 3",5.951791335,NA,0
472,21,WL,DeepHole,7/7/2014,10:54,point,0.5,0.5,2,"WL, .25 3",6.443546188,NA,0
473,21,WL,DeepHole,7/7/2014,10:54,point,0.5,0.5,1,"WL, 1.0 1",6.96433459,NA,0
474,21,WL,DeepHole,7/7/2014,10:54,point,0.5,0.5,2,"WL, 1.0 1",7.628726077,NA,0
475,21,WL,DeepHole,7/7/2014,10:54,point,0.5,0.5,1,"WL, 1.0 2",7.565707826,NA,0
476,21,WL,DeepHole,7/7/2014,10:54,point,0.5,0.5,2,"WL, 1.0 2",7.460830249,0.284788684,0
477,21,WL,DeepHole,7/7/2014,10:54,point,0.5,0.5,1,"WL, 1.0 3",6.791016946,0.235451129,0
478,21,WL,DeepHole,7/7/2014,10:54,point,0.5,0.5,2,"WL, 1.0 3",7.688518432,NA,0
479,21,WL,DeepHole,7/7/2014,10:54,point,0.5,0.5,1,"WL, 2.25 1",13.80918244,NA,0
480,21,WL,DeepHole,7/7/2014,10:54,point,0.5,0.5,2,"WL, 2.25 1",14.92362608,NA,0
481,21,WL,DeepHole,7/7/2014,10:54,point,0.5,0.5,1,"WL, 2.25 2",8.261530932,NA,0
482,21,WL,DeepHole,7/7/2014,10:54,point,0.5,0.5,2,"WL, 2.25 2",8.751639571,NA,0
483,21,WL,DeepHole,7/7/2014,10:54,point,0.5,0.5,1,"WL, 2.25 3",10.7596855,NA,0
484,21,WL,DeepHole,7/7/2014,10:54,point,0.5,0.5,2,"WL, 2.25 3",10.61519459,0.293740402,0
485,21,WL,DeepHole,7/7/2014,10:54,point,0.5,0.5,1,"WL, 4.0 1",25.79336094,NA,0
486,21,WL,DeepHole,7/7/2014,10:54,point,0.5,0.5,2,"WL, 4.0 1",21.23483992,NA,0
487,21,WL,DeepHole,7/7/2014,10:54,point,0.5,0.5,1,"WL, 4.0 2",15.75866021,NA,0
488,21,WL,DeepHole,7/7/2014,10:54,point,0.5,0.5,2,"WL, 4.0 2",15.63033214,NA,0
489,21,WL,DeepHole,7/7/2014,10:54,point,0.5,0.5,1,"WL, 4.0 3",16.05900958,NA,0
490,21,WL,DeepHole,7/7/2014,10:57,point,0.5,0.5,2,"WL, 4.0 3",17.035637,NA,0
491,19,BV,DeepHole,7/7/2014,9:30,PML,0,6,1,,4.188756743,0.289308179,0
492,19,BV,DeepHole,7/7/2014,9:30,PML,0,6,2,,3.526354904,NA,0
493,21,HB,DeepHole,7/8/2014,10:30,point,0.5,0.5,1,no glu 1,12.40430204,0.67794688,0
494,21,HB,DeepHole,7/8/2014,10:30,point,0.5,0.5,2,no glu 1,26.70053302,NA,0
495,21,HB,DeepHole,7/8/2014,10:30,point,0.5,0.5,1,no glu 2,9.742960409,NA,0
496,21,HB,DeepHole,7/8/2014,10:30,point,0.5,0.5,2,no glu 2,13.53173665,0.416514457,0
497,21,HB,DeepHole,7/8/2014,10:30,point,0.5,0.5,1,no glu 3,12.4263419,NA,0
498,21,HB,DeepHole,7/8/2014,10:30,point,0.5,0.5,2,no glu 3,18.09523588,NA,0
499,21,HB,DeepHole,7/8/2014,10:30,point,0.5,0.5,1,0.25 1,14.24605129,NA,0
500,21,HB,DeepHole,7/8/2014,10:30,point,0.5,0.5,2,0.25 1,19.58056521,NA,0
501,21,HB,DeepHole,7/8/2014,10:30,point,0.5,0.5,1,0.25 2,17.05281867,NA,0
502,21,HB,DeepHole,7/8/2014,10:30,point,0.5,0.5,2,0.25 2,19.11917122,NA,0
503,21,HB,DeepHole,7/8/2014,10:30,point,0.5,0.5,1,0.25 3,14.06787872,NA,0
504,21,HB,DeepHole,7/8/2014,10:30,point,0.5,0.5,2,0.25 3,9.13025421,NA,0
505,21,HB,DeepHole,7/8/2014,10:30,point,0.5,0.5,1,1.0 1,15.00032876,NA,0
506,21,HB,DeepHole,7/8/2014,10:30,point,0.5,0.5,2,1.0 1,23.28529534,NA,0
507,21,HB,DeepHole,7/8/2014,10:30,point,0.5,0.5,1,1.0 2,23.11804892,NA,0
508,21,HB,DeepHole,7/8/2014,10:30,point,0.5,0.5,2,1.0 2,14.90508299,NA,0
509,21,HB,DeepHole,7/8/2014,10:30,point,0.5,0.5,1,1.0 3,16.19375453,0.445534437,0
510,21,HB,DeepHole,7/8/2014,10:30,point,0.5,0.5,2,1.0 3,18.30686136,NA,0
511,21,HB,DeepHole,7/8/2014,10:30,point,0.5,0.5,1,2.25 1,26.80708648,NA,0
512,21,HB,DeepHole,7/8/2014,10:30,point,0.5,0.5,2,2.25 1,27.11465099,0.605206939,0
513,21,HB,DeepHole,7/8/2014,10:30,point,0.5,0.5,1,2.25 2,21.47763218,NA,0
514,21,HB,DeepHole,7/8/2014,10:30,point,0.5,0.5,2,2.25 2,23.19365409,NA,0
515,21,HB,DeepHole,7/8/2014,10:30,point,0.5,0.5,1,2.25 3,24.96711482,NA,0
516,21,HB,DeepHole,7/8/2014,10:30,point,0.5,0.5,2,2.25 3,25.71408041,NA,0
517,21,HB,DeepHole,7/8/2014,10:30,point,0.5,0.5,1,4.0 1,33.68213923,NA,0
518,21,HB,DeepHole,7/8/2014,10:41,point,0.5,0.5,2,4.0 1,37.48413066,NA,0
519,21,HB,DeepHole,7/8/2014,10:41,point,0.5,0.5,1,4.0 2,19.89759522,NA,0
520,21,HB,DeepHole,7/8/2014,10:41,point,0.5,0.5,2,4.0 2,20.76470377,0.501982279,0
521,21,HB,DeepHole,7/8/2014,10:41,point,0.5,0.5,1,4.0 3,25.69527057,NA,0
522,21,HB,DeepHole,7/8/2014,10:41,point,0.5,0.5,2,4.0 3,29.39451858,NA,0
523,21,CR,DeepHole,7/8/2014,10:42,point,0.5,0.5,1,"CR, no glu 1",2.659169076,0.130005477,0
524,21,CR,DeepHole,7/8/2014,10:42,point,0.5,0.5,2,"CR, no glu 1",4.426013685,0.375624341,0
525,21,CR,DeepHole,7/8/2014,10:42,point,0.5,0.5,1,"CR, no glu 2",3.144158867,NA,0
526,21,CR,DeepHole,7/8/2014,10:42,point,0.5,0.5,2,"CR, no glu 2",4.408666691,NA,0
526,21,CR,DeepHole,7/8/2014,10:42,point,0.5,0.5,2,"CR, no glu 2",3.342858972,NA,0
528,21,CR,DeepHole,7/8/2014,10:42,point,0.5,0.5,2,"CR, no glu 3",4.660078547,0.314297222,0
529,21,CR,DeepHole,7/8/2014,10:42,point,0.5,0.5,1,CR 0.25 1,4.738486778,NA,0
530,21,CR,DeepHole,7/8/2014,10:42,point,0.5,0.5,2,CR 0.25 1,4.232738904,NA,0
531,21,CR,DeepHole,7/8/2014,10:42,point,0.5,0.5,1,CR 0.25 2,4.154646103,NA,0
532,21,CR,DeepHole,7/8/2014,10:42,point,0.5,0.5,2,0.25 2,4.290165775,NA,0
533,21,CR,DeepHole,7/8/2014,10:42,point,0.5,0.5,1,0.25 3 ,6.747992348,NA,0
535,21,CR,DeepHole,7/8/2014,10:42,point,0.5,0.5,1,1.0 1,5.695424686,NA,0
536,21,CR,DeepHole,7/8/2014,10:42,point,0.5,0.5,2,1.0 1,4.971176809,NA,0
537,21,CR,DeepHole,7/8/2014,10:42,point,0.5,0.5,1,1.0 2,7.933689185,NA,0
539,21,CR,DeepHole,7/8/2014,10:42,point,0.5,0.5,1,1.0 3,5.36435256,NA,0
540,21,CR,DeepHole,7/8/2014,10:42,point,0.5,0.5,2,1.0 3,6.997373948,NA,0
541,21,CR,DeepHole,7/8/2014,10:42,point,0.5,0.5,1,2.25 1,12.69555171,NA,0
543,21,CR,DeepHole,7/8/2014,10:42,point,0.5,0.5,1,2.25 2,10.67497111,NA,0
544,21,CR,DeepHole,7/8/2014,10:42,point,0.5,0.5,2,2.25 2,10.0122589,NA,0
545,21,CR,DeepHole,7/8/2014,10:42,point,0.5,0.5,1,2.25 3 ,13.69931308,NA,0
546,21,CR,DeepHole,7/8/2014,10:42,point,0.5,0.5,2,2.25 3,11.19921241,NA,0
547,21,CR,DeepHole,7/8/2014,10:42,point,0.5,0.5,1,4.0 1,19.91024086,NA,0
548,21,CR,DeepHole,7/8/2014,10:42,point,0.5,0.5,2,4.0 1,18.15515073,NA,0
549,21,CR,DeepHole,7/8/2014,10:42,point,0.5,0.5,1,4.0 2,18.22923455,NA,0
550,21,CR,DeepHole,7/8/2014,10:42,point,0.5,0.5,2,4.0 2,20.78144693,NA,0
551,21,CR,DeepHole,7/8/2014,10:42,point,0.5,0.5,1,4.0 3,17.95373673,NA,0
552,21,CR,DeepHole,7/8/2014,10:42,point,0.5,0.5,2,4.0 3,14.24543864,NA,0
553,15,CR,WC2,7/8/2014,2:45,Surface,0,0,1,,18.83612884,NA,0
554,15,CR,WC2,7/8/2014,2:45,Surface,0,0,2,,18.89091072,NA,0
555,15,CR,OWC2,7/8/2014,2:45,Surface,0,0,1,,4.913457226,NA,0
556,15,CR,OWC2,7/8/2014,2:45,Surface,0,0,2,,5.528297166,0.292318751,0
557,17,CB,DeepHole,7/9/2014,9:00,PML,0,2,1,,22.30679247,NA,0
558,17,CB,DeepHole,7/9/2014,9:00,PML,0,2,2,,23.96614718,NA,0
559,17,CB,DeepHole,7/9/2014,9:30,Hypo,4.5,4.5,1,,22.2083568,NA,0
560,17,CB,DeepHole,7/9/2014,9:30,Hypo,4.5,4.5,2,,22.40321017,0.81106028,0
561,3,WL,DeepHole,7/9/2014,9:10,PML,0,2,1,,6.663495217,NA,0
562,3,WL,DeepHole,7/9/2014,9:10,PML,0,2,2,,5.100688345,NA,0
563,3,WL,DeepHole,7/9/2014,9:10,Hypo,8,8,1,,6.648763442,0.408708995,0
564,3,WL,DeepHole,7/9/2014,9:10,Hypo,8,8,2,,6.22965716,0.411249611,0
565,3,EL,DeepHole,7/9/2014,10:20,PML,0,2,1,,11.03066498,NA,0
566,3,EL,DeepHole,7/9/2014,10:20,PML,0,2,2,,10.41516065,NA,0
567,3,EL,DeepHole,7/9/2014,10:20,Hypo,8,8,1,,9.816529396,0.521122235,0
568,3,EL,DeepHole,7/9/2014,10:20,Hypo,8,8,2,,12.61257905,0.633863378,0
569,3,EL,Outlet,7/9/2014,11:30,Surface,0,0,1,,10.06380327,0.354834331,0
570,3,EL,Outlet,7/9/2014,11:30,Surface,0,0,2,,9.097190915,NA,0
571,3,EL,Inlet1,7/9/2014,11:45,Surface,0,0,1,,79.30226966,NA,0
572,3,EL,Inlet1,7/9/2014,11:45,Surface,0,0,2,,76.32058195,NA,0
573,15,HB,DeepHole,7/10/2014,8:45,PML,0,0.5,1,,22.69508379,0.664740222,0
574,15,HB,DeepHole,7/10/2014,8:45,PML,0,0.5,2,,21.60835133,0.634164308,0
575,15,HB,DeepHole,7/10/2014,8:45,Hypo,5,5,1,,24.59190628,NA,0
575,15,HB,DeepHole,7/10/2014,8:45,Hypo,5,5,1,,25.66909081,NA,0
576,15,HB,DeepHole,7/10/2014,8:45,Hypo,5,5,2,,28.88600823,NA,0
578,15,HB,Outlet,7/10/2014,9:30,Surface,0,0,2,,24.9501665,NA,0
579,15,HB,WC1,7/10/2014,9:30,Surface,0,0,1,,18.5588,NA,0
580,15,HB,WC1,7/10/2014,9:30,Surface,0,0,2,,25.66285561,NA,0
581,15,HB,WC2,7/10/2014,9:30,Surface,0,0,1,,24.60495897,NA,0
582,15,HB,WC2,7/10/2014,9:30,Surface,0,0,2,,19.61186484,NA,0
583,15,CR,DeepHole,7/10/2014,10:25,PML,0,3,1,,5.057242693,0.35103423,0
584,15,CR,DeepHole,7/10/2014,10:25,PML,0,3,2,,5.276226192,0.279685381,0
585,15,CR,DeepHole,7/10/2014,10:25,Hypo,10,10,1,,4.524807998,NA,0
586,15,CR,DeepHole,7/10/2014,10:25,Hypo,10,10,2,,4.689824505,NA,0
587,15,CR,Outlet,7/10/2014,11:15,Surface,0,0,1,,4.52482385,NA,0
588,15,CR,Outlet,7/10/2014,11:15,Surface,0,0,2,,4.731002833,NA,0
589,15,CR,WC1,7/10/2014,10:00,Surface,0,0,1,,49.37722542,1.096602394,0
590,15,CR,WC1,7/10/2014,10:00,Surface,0,0,2,,67.57393415,NA,0
591,15,CR,WC2,7/10/2014,10:00,Surface,0,0,1,,13.9920039,0.431198317,0
592,15,CR,WC2,7/10/2014,10:00,Surface,0,0,2,,22.72696909,NA,0
593,17,NG,DeepHole,7/10/2014,8:55,PML,0,0.5,1,,26.69746969,NA,0
594,17,NG,DeepHole,7/10/2014,8:55,PML,0,0.5,2,,17.30465496,0.454599712,0
595,17,NG,DeepHole,7/10/2014,8:55,Hypo,3,3,1,,41.31369967,0.945103594,0
596,17,NG,DeepHole,7/10/2014,8:55,Hypo,3,3,2,,41.65340212,NA,0
597,17,WA,DeepHole,7/10/2014,9:45,PML,0,1,1,,10.94991129,NA,0
598,17,WA,DeepHole,7/10/2014,9:45,PML,0,1,2,,8.397177162,NA,0
599,17,WA,DeepHole,7/10/2014,9:45,Hypo,4.5,4.5,1,,7.688259386,NA,0
600,17,WA,DeepHole,7/10/2014,9:45,Hypo,4.5,4.5,2,,7.337220318,NA,0
601,17,BO,DeepHole,7/10/2014,10:36,PML,0,0.5,1,,21.47341664,NA,0
602,17,BO,DeepHole,7/10/2014,10:36,PML,0,0.5,2,,21.44000768,NA,0
603,17,BO,DeepHole,7/10/2014,10:36,Hypo,3,3,1,,8.401137635,NA,0
604,17,BO,DeepHole,7/10/2014,10:36,Hypo,3,3,2,,8.54831369,NA,0
605,15,MO,DeepHole,7/11/2014,8:50,PML,0,1,1,,17.43020893,NA,0
606,15,MO,DeepHole,7/11/2014,8:50,PML,0,1,2,,16.73795768,NA,0
607,15,MO,DeepHole,7/11/2014,8:50,Hypo,5,5,1,,16.34087614,NA,0
608,15,MO,DeepHole,7/11/2014,8:50,Hypo,5,5,2,,14.42367017,1.350982126,0
609,15,MO,Outlet,7/11/2014,9:30,Surface,0,0,1,,13.61598288,NA,0
610,15,MO,Outlet,7/11/2014,9:30,Surface,0,0,2,,18.77515864,0.793396513,0
611,15,MO,Inlet1,7/11/2014,10:05,Surface,0,0,1,,14.71233102,0.55747143,0
612,15,MO,Inlet1,7/11/2014,10:05,Surface,0,0,2,,11.05520474,NA,0
613,15,MO,Inlet2,7/11/2014,10:15,Surface,0,0,1,,25.30528825,NA,0
614,15,MO,Inlet2,7/11/2014,10:15,Surface,0,0,2,,28.4661923,NA,0
615,15,MO,Inlet3,7/11/2014,9:50,Surface,0,0,1,,55.83089097,1.400371387,0
616,15,MO,Inlet3,7/11/2014,9:50,Surface,0,0,2,,68.90804748,NA,0
617,17,BA,DeepHole,7/11/2014,9:00,PML,0,4,1,,6.391572571,NA,0
618,17,BA,DeepHole,7/11/2014,9:00,PML,0,4,2,,9.43436503,NA,0
619,17,BA,DeepHole,7/11/2014,9:00,Hypo,6.5,6.5,1,,9.785181565,NA,0
620,17,BA,DeepHole,7/11/2014,9:00,Hypo,6.5,6.5,2,,5.746538269,NA,0
621,17,BR,DeepHole,7/11/2014,10:15,PML,0,2,1,,10.29105224,NA,0
622,17,BR,DeepHole,7/11/2014,10:15,PML,0,2,2,,13.77075705,NA,0
623,17,BR,DeepHole,7/11/2014,10:15,Hypo,4.5,4.5,1,,9.874112927,0.582114192,0
624,17,BR,DeepHole,7/11/2014,10:15,Hypo,4.5,4.5,2,,16.42635592,NA,0
625,15,CR,DeepHole,7/15/2014,10:15,PML,0,3.5,1,,7.92057855,NA,0
626,15,CR,DeepHole,7/15/2014,10:15,PML,0,3.5,2,,5.092985549,NA,0
627,15,CR,DeepHole,7/15/2014,10:15,Hypo,10,10,1,,4.4587179,NA,0
628,15,CR,DeepHole,7/15/2014,10:15,Hypo,10,10,2,,5.309997809,NA,0
629,15,CR,Outlet,7/15/2014,11:45,Surface,0,0,1,,4.826242171,0.408506087,0
630,15,CR,Outlet,7/15/2014,11:45,Surface,0,0,2,,5.496588888,NA,0
631,15,CR,WC1,7/15/2014,10:00,Surface,0,0,1,,54.20663672,NA,0
632,15,CR,WC1,7/15/2014,10:00,Surface,0,0,2,,59.57739066,NA,0
633,15,CR,WC2,7/15/2014,10:00,Surface,0,0,1,,19.38722271,0.618424044,0
634,15,CR,WC2,7/15/2014,10:00,Surface,0,0,2,,20.3923191,NA,0
635,15,HB,DeepHole,7/15/2014,14:30,PML,0,0.5,1,,25.23485163,NA,0
636,15,HB,DeepHole,7/15/2014,14:30,PML,0,0.5,2,,25.13709003,0.684811996,0
637,15,HB,DeepHole,7/15/2014,14:30,Hypo,5,5,1,,29.42966687,NA,0
638,15,HB,DeepHole,7/15/2014,14:30,Hypo,5,5,2,,30.04385894,NA,0
639,15,HB,Outlet,7/15/2014,15:30,Surface,0,0,1,,25.69386636,0.867577161,0
640,15,HB,Outlet,7/15/2014,15:30,Surface,0,0,2,,24.71526409,NA,0
641,15,HB,WC1,7/15/2014,15:30,Surface,0,0,1,,32.49765068,NA,0
642,15,HB,WC1,7/15/2014,15:30,Surface,0,0,2,,26.70387164,NA,0
643,15,HB,WC2,7/15/2014,15:30,Surface,0,0,1,,30.95249985,NA,0
644,15,HB,WC2,7/15/2014,15:30,Surface,0,0,2,,28.65989292,NA,0
645,3,WL,DeepHole,7/16/2014,8:45,PML,0,2.5,1,,6.648053287,NA,0
646,3,WL,DeepHole,7/16/2014,8:45,PML,0,2.5,2,,6.172402658,NA,0
647,3,WL,DeepHole,7/16/2014,8:45,Hypo,8,8,1,,7.507740145,NA,0
648,3,WL,DeepHole,7/16/2014,8:45,Hypo,8,8,2,,7.828417322,NA,0
649,3,EL,DeepHole,7/16/2014,10:00,PML,0,2,1,,9.576408252,NA,0
650,3,EL,DeepHole,7/16/2014,10:00,PML,0,2,2,,10.91567977,NA,0
651,3,EL,DeepHole,7/16/2014,10:00,Hypo,8,8,1,,13.7710135,NA,0
652,3,EL,DeepHole,7/16/2014,10:00,Hypo,8,8,2,,12.25012166,NA,0
653,3,EL,Outlet,7/16/2014,11:00,Surface,0,0,1,,10.45905697,0.389539685,0
654,3,EL,Outlet,7/16/2014,11:00,Surface,0,0,2,,10.13683846,0.379079147,0
655,3,EL,Inlet1,7/16/2014,11:25,Surface,0,0,1,,80.27007379,NA,0
656,3,EL,Inlet1,7/16/2014,11:25,Surface,0,0,2,,78.79258212,NA,0
657,15,MO,DeepHole,7/17/2014,8:45,PML,0,1,1,,21.15918704,NA,0
658,15,MO,DeepHole,7/17/2014,8:45,PML,0,1,2,,18.53789355,NA,0
659,15,MO,DeepHole,7/17/2014,8:45,Hypo,5,5,1,,13.84794023,NA,0
660,15,MO,DeepHole,7/17/2014,8:45,Hypo,5,5,2,,19.13074768,NA,0
661,15,MO,Outlet,7/17/2014,9:50,Surface,0,0,1,,18.24344697,NA,0
661,15,MO,Outlet,7/17/2014,9:50,Surface,0,0,1,,18.10175357,NA,0
663,15,MO,Inlet1,7/17/2014,10:05,Surface,0,0,1,,10.06354654,NA,0
664,15,MO,Inlet1,7/17/2014,10:05,Surface,0,0,2,,10.17234671,0.526188834,0
665,15,MO,Inlet2,7/17/2014,10:20,Surface,0,0,1,,29.77355038,0.885322448,0
666,15,MO,Inlet2,7/17/2014,10:20,Surface,0,0,2,,31.2226205,NA,0
667,15,MO,Inlet3,7/17/2014,9:55,Surface,0,0,1,,60.03482969,1.573695208,0
668,15,MO,Inlet3,7/17/2014,9:55,Surface,0,0,2,,60.95473918,1.611688947,0
669,15,HB,DeepHole,7/21/2014,8:50,PML,0,0.5,1,,25.11809045,0.615598959,0
670,15,HB,DeepHole,7/21/2014,8:50,PML,0,0.5,2,,24.27273661,NA,0
671,15,HB,DeepHole,7/21/2014,8:50,Hypo,5,5,1,,31.08062505,NA,0
672,15,HB,DeepHole,7/21/2014,8:50,Hypo,5,5,2,,32.54549712,NA,0
673,15,HB,Outlet,7/21/2014,9:35,Surface,0,0,1,,27.79365865,NA,0
674,15,HB,Outlet,7/21/2014,9:35,Surface,0,0,2,,30.77726285,NA,0
675,15,HB,WC1,7/21/2014,9:35,Surface,0,0,1,,20.73197413,NA,0
676,15,HB,WC1,7/21/2014,9:35,Surface,0,0,2,,27.02812316,0.620546664,0
677,15,HB,WC2,7/21/2014,9:35,Surface,0,0,1,,23.02707595,NA,0
678,15,HB,WC2,7/21/2014,9:35,Surface,0,0,2,,25.46978983,NA,0
679,15,HB,Wetland,7/21/2014,9:35,Surface,0,0,1,* near WC1,44.30848559,NA,0
680,15,HB,Wetland,7/21/2014,9:35,Surface,0,0,2,* near WC1,47.34134115,NA,0
681,15,CR,DeepHole,7/21/2014,11:45,PML,0,2.5,1,,5.365990839,0.302985545,0
682,15,CR,DeepHole,7/21/2014,11:45,PML,0,2.5,2,,5.308354715,NA,0
683,15,CR,DeepHole,7/21/2014,11:45,Hypo,10,10,1,,4.579654222,NA,0
683,15,CR,DeepHole,7/21/2014,11:45,Hypo,10,10,1,,3.74780727,NA,0
685,15,CR,Outlet,7/21/2014,12:45,Surface,0,0,1,,4.463436506,NA,0
686,15,CR,Outlet,7/21/2014,12:45,Surface,0,0,2,,4.123548705,0.239579053,0
687,15,CR,WC1,7/21/2014,11:30,Surface,0,0,1,,26.53338334,NA,0
688,15,CR,WC1,7/21/2014,11:30,Surface,0,0,2,,19.97953437,NA,0
689,15,CR,WC2,7/21/2014,11:30,Surface,0,0,1,,15.20969651,NA,0
690,15,CR,WC2,7/21/2014,11:30,Surface,0,0,2,,15.15853622,NA,0
691,15,CR,Wetland,7/21/2014,11:30,Surface,0,0,1,* near WC1,27.07019476,0.735919821,0
692,15,CR,Wetland,7/21/2014,11:30,Surface,0,0,2,* near WC1,27.74288173,NA,0
693,3,WL,DeepHole,7/23/2014,9:15,PML,0,2.5,1,,6.839334211,NA,0
694,3,WL,DeepHole,7/23/2014,9:15,PML,0,2.5,2,,6.722023225,0.337017081,0
695,3,WL,DeepHole,7/23/2014,9:15,Hypo,8,8,1,,8.494849691,NA,0
696,3,WL,DeepHole,7/23/2014,9:15,Hypo,8,8,2,,6.819219431,NA,0
697,3,EL,DeepHole,7/23/2014,10:20,PML,0,1.5,1,,9.452550281,0.338204237,0
698,3,EL,DeepHole,7/23/2014,10:20,PML,0,1.5,2,,8.649656754,0.352014561,0
699,3,EL,DeepHole,7/23/2014,10:20,Hypo,8,8,1,,13.30193739,NA,0
700,3,EL,DeepHole,7/23/2014,10:20,Hypo,8,8,2,,11.56963098,NA,0
701,3,EL,Outlet,7/23/2014,12:50,Surface,0,0,1,,9.453814668,NA,0
702,3,EL,Outlet,7/23/2014,12:50,Surface,0,0,2,,10.28357828,NA,0
703,3,EL,Inlet1,7/23/2014,13:05,Surface,0,0,1,,69.88890052,NA,0
704,3,EL,Inlet1,7/23/2014,13:05,Surface,0,0,2,,78.85722649,1.714995734,0
705,15,MO,DeepHole,7/24/2014,10:05,PML,0,1,1,,19.48835012,NA,0
706,15,MO,DeepHole,7/24/2014,10:05,PML,0,1,2,,18.375518,0.595724604,0
707,15,MO,DeepHole,7/24/2014,10:05,Hypo,5,5,1,,15.57044097,NA,0
708,15,MO,DeepHole,7/24/2014,10:05,Hypo,5,5,2,,15.65045255,NA,0
709,15,MO,Outlet,7/24/2014,10:45,Surface,0,0,1,,18.09606824,NA,0
710,15,MO,Outlet,7/24/2014,10:45,Surface,0,0,2,,18.48793548,NA,0
711,15,MO,Inlet1,7/24/2014,11:05,Surface,0,0,1,,11.80708838,NA,0
712,15,MO,Inlet1,7/24/2014,11:05,Surface,0,0,2,,9.930870662,NA,0
713,15,MO,Inlet2,7/24/2014,11:20,Surface,0,0,1,,35.68098603,NA,0
714,15,MO,Inlet2,7/24/2014,11:20,Surface,0,0,2,,35.24907441,NA,0
715,15,MO,Inlet3,7/24/2014,10:55,Surface,0,0,1,,63.79886169,1.490528692,0
716,15,MO,Inlet3,7/24/2014,10:55,Surface,0,0,2,,63.47708668,NA,0
717,22,EL,Inlet1,7/28/2014,14:00,Surface,0,0,1,No glucose control 1,67.95551857,NA,0
718,22,EL,Inlet1,7/28/2014,14:00,Surface,0,0,2,No glucose control 1,61.27500763,NA,0
719,22,EL,Inlet1,7/28/2014,14:00,Surface,0,0,1,No glucose control 2,68.56766631,NA,0
720,22,EL,Inlet1,7/28/2014,14:00,Surface,0,0,2,No glucose control 2,69.10962923,NA,0
721,22,EL,Inlet1,7/28/2014,14:00,Surface,0,0,1,No glucose control 3,71.78402563,NA,0
722,22,EL,Inlet1,7/28/2014,14:00,Surface,0,0,2,No glucose control 3,71.60807861,NA,0
723,22,EL,Inlet1,7/28/2014,14:00,Surface,0,0,1,0.25 mg glucose 1,48.81262415,0.975366105,0
724,22,EL,Inlet1,7/28/2014,14:00,Surface,0,0,2,0.25 mg glucose 1,69.11238825,1.313354149,0
725,22,EL,Inlet1,7/28/2014,14:00,Surface,0,0,1,0.25 mg glucose 2,61.94704729,NA,0
726,22,EL,Inlet1,7/28/2014,14:00,Surface,0,0,2,0.25 mg glucose 2,74.04383754,NA,0
727,22,EL,Inlet1,7/28/2014,14:00,Surface,0,0,1,0.25 mg glucose 3,58.06571991,NA,0
728,22,EL,Inlet1,7/28/2014,14:00,Surface,0,0,2,0.25 mg glucose 3,76.62864102,NA,0
729,22,EL,Inlet1,7/28/2014,14:00,Surface,0,0,1,1.0 mg glucose 1,67.73251792,1.589978239,0
730,22,EL,Inlet1,7/28/2014,14:00,Surface,0,0,2,1.0 mg glucose 1,70.59049878,NA,0
731,22,EL,Inlet1,7/28/2014,14:00,Surface,0,0,1,1.0 mg glucose 2,67.05986752,NA,0
732,22,EL,Inlet1,7/28/2014,14:00,Surface,0,0,2,1.0 mg glucose 2,69.72610491,NA,0
733,22,EL,Inlet1,7/28/2014,14:00,Surface,0,0,1,1.0 mg glucose 3,69.33650568,NA,0
734,22,EL,Inlet1,7/28/2014,14:00,Surface,0,0,2,1.0 mg glucose 3,70.53160203,NA,0
735,22,EL,Inlet1,7/28/2014,14:00,Surface,0,0,1,2.25 mg glucose 1,63.2222901,NA,0
736,22,EL,Inlet1,7/28/2014,14:00,Surface,0,0,2,2.25 mg glucose 1,75.14007206,NA,0
737,22,EL,Inlet1,7/28/2014,14:00,Surface,0,0,1,2.25 mg glucose 2,59.05963255,1.289062492,0
738,22,EL,Inlet1,7/28/2014,14:00,Surface,0,0,2,2.25 mg glucose 2,74.19359928,1.431513953,0
739,22,EL,Inlet1,7/28/2014,14:00,Surface,0,0,1,2.25 mg glucose 3,67.50997714,NA,0
740,22,EL,Inlet1,7/28/2014,14:00,Surface,0,0,2,2.25 mg glucose 3,57.37591928,NA,0
741,22,EL,Inlet1,7/28/2014,14:00,Surface,0,0,1,4.0 mg glucose 1,79.57456889,NA,0
742,22,EL,Inlet1,7/28/2014,14:00,Surface,0,0,2,4.0 mg glucose 1,69.42313449,1.642251612,0
743,22,EL,Inlet1,7/28/2014,14:00,Surface,0,0,1,4.0 mg glucose 2,61.7410766,NA,0
744,22,EL,Inlet1,7/28/2014,14:00,Surface,0,0,2,4.0 mg glucose 2,66.98044043,1.862065416,0
745,22,EL,Inlet1,7/28/2014,14:00,Surface,0,0,1,4.0 mg glucose 3,70.4787448,NA,0
746,22,EL,Inlet1,7/28/2014,14:00,Surface,0,0,2,4.0 mg glucose 3,74.92435077,1.394239959,0
747,22,HB,Wetland,7/28/2014,14:00,Surface,0,0,1,No glucose control 1,19.20149872,NA,0
748,22,HB,Wetland,7/28/2014,14:00,Surface,0,0,2,No glucose control 1,18.50925703,NA,0
749,22,HB,Wetland,7/28/2014,14:00,Surface,0,0,1,No glucose control 2,18.69654219,0.657439725,0
750,22,HB,Wetland,7/28/2014,14:00,Surface,0,0,2,No glucose control 2,18.9406087,0.675839497,0
751,22,HB,Wetland,7/28/2014,14:00,Surface,0,0,1,No glucose control 3,19.86598959,NA,0
752,22,HB,Wetland,7/28/2014,14:00,Surface,0,0,2,No glucose control 3,20.05993357,NA,0
753,22,HB,Wetland,7/28/2014,14:00,Surface,0,0,1,0.25 mg glucose 1,20.25802539,NA,0
754,22,HB,Wetland,7/28/2014,14:00,Surface,0,0,2,0.25 mg glucose 1,16.72105646,NA,0
755,22,HB,Wetland,7/28/2014,14:00,Surface,0,0,1,0.25 mg glucose 2,16.2170228,NA,0
756,22,HB,Wetland,7/28/2014,14:00,Surface,0,0,2,0.25 mg glucose 2,19.14750003,0.533134336,0
757,22,HB,Wetland,7/28/2014,14:00,Surface,0,0,1,0.25 mg glucose 3,20.89222633,NA,0
758,22,HB,Wetland,7/28/2014,14:00,Surface,0,0,2,0.25 mg glucose 3,21.09310555,NA,0
759,22,HB,Wetland,7/28/2014,14:00,Surface,0,0,1,1.0 mg glucose 1,18.80857389,0.628396966,0
760,22,HB,Wetland,7/28/2014,14:00,Surface,0,0,2,1.0 mg glucose 1,19.36175788,NA,0
761,22,HB,Wetland,7/28/2014,14:00,Surface,0,0,1,1.0 mg glucose 2,18.66536567,0.624893437,0
762,22,HB,Wetland,7/28/2014,14:00,Surface,0,0,2,1.0 mg glucose 2,19.41479749,NA,0
763,22,HB,Wetland,7/28/2014,14:00,Surface,0,0,1,1.0 mg glucose 3,24.73079379,0.566312164,0
764,22,HB,Wetland,7/28/2014,14:00,Surface,0,0,2,1.0 mg glucose 3,20.72019156,NA,0
765,22,HB,Wetland,7/28/2014,14:00,Surface,0,0,1,2.25 mg glucose 1,27.58368209,NA,0
766,22,HB,Wetland,7/28/2014,14:00,Surface,0,0,2,2.25 mg glucose 1,25.22481828,NA,0
767,22,HB,Wetland,7/28/2014,14:00,Surface,0,0,1,2.25 mg glucose 2,20.97906973,NA,0
768,22,HB,Wetland,7/28/2014,14:00,Surface,0,0,2,2.25 mg glucose 2,20.68662167,NA,0
769,22,HB,Wetland,7/28/2014,14:00,Surface,0,0,1,2.25 mg glucose 3,22.73444969,NA,0
770,22,HB,Wetland,7/28/2014,14:00,Surface,0,0,2,2.25 mg glucose 3,19.69396493,NA,0
771,22,HB,Wetland,7/28/2014,14:00,Surface,0,0,1,4.0 mg glucose 1,27.07576198,NA,0
772,22,HB,Wetland,7/28/2014,14:00,Surface,0,0,2,4.0 mg glucose 1,23.65350767,NA,0
773,22,HB,Wetland,7/28/2014,14:00,Surface,0,0,1,4.0 mg glucose 2,32.87128464,0.592009349,0
774,22,HB,Wetland,7/28/2014,14:00,Surface,0,0,2,4.0 mg glucose 2,29.18627844,NA,0
775,22,HB,Wetland,7/28/2014,14:00,Surface,0,0,1,4.0 mg glucose 3,36.98054636,NA,0
776,22,HB,Wetland,7/28/2014,14:00,Surface,0,0,2,4.0 mg glucose 3,35.5690503,0.801155839,0
777,22,MO,Inlet3,7/28/2014,14:00,Surface,0,0,1,No glucose control 1,46.43619035,NA,0
778,22,MO,Inlet3,7/28/2014,14:00,Surface,0,0,2,No glucose control 1,47.36923001,NA,0
779,22,MO,Inlet3,7/28/2014,14:00,Surface,0,0,1,No glucose control 2,45.96562711,1.506114474,0
780,22,MO,Inlet3,7/28/2014,14:00,Surface,0,0,2,No glucose control 2,46.32515158,NA,0
781,22,MO,Inlet3,7/28/2014,14:00,Surface,0,0,1,No glucose control 3,46.55100778,NA,0
782,22,MO,Inlet3,7/28/2014,14:00,Surface,0,0,2,No glucose control 3,45.21077176,NA,0
783,22,MO,Inlet3,7/28/2014,14:00,Surface,0,0,1,0.25 mg glucose 1,39.95836514,NA,0
784,22,MO,Inlet3,7/28/2014,14:00,Surface,0,0,2,0.25 mg glucose 1,33.8729839,NA,0
785,22,MO,Inlet3,7/28/2014,14:00,Surface,0,0,1,0.25 mg glucose 2,41.39749336,NA,0
786,22,MO,Inlet3,7/28/2014,14:00,Surface,0,0,2,0.25 mg glucose 2,46.45742892,NA,0
787,22,MO,Inlet3,7/28/2014,14:00,Surface,0,0,1,0.25 mg glucose 3,46.5375305,NA,0
788,22,MO,Inlet3,7/28/2014,14:00,Surface,0,0,2,0.25 mg glucose 3,43.57655261,1.272097285,0
789,22,MO,Inlet3,7/28/2014,14:00,Surface,0,0,1,1.0 mg glucose 1,40.56843446,NA,0
790,22,MO,Inlet3,7/28/2014,14:00,Surface,0,0,2,1.0 mg glucose 1,49.38444849,1.255889381,0
791,22,MO,Inlet3,7/28/2014,14:00,Surface,0,0,1,1.0 mg glucose 2,42.25425,NA,0
792,22,MO,Inlet3,7/28/2014,14:00,Surface,0,0,2,1.0 mg glucose 2,48.13152731,NA,0
793,22,MO,Inlet3,7/28/2014,14:00,Surface,0,0,1,1.0 mg glucose 3,48.04251056,NA,0
794,22,MO,Inlet3,7/28/2014,14:00,Surface,0,0,2,1.0 mg glucose 3,47.66920355,NA,0
795,22,MO,Inlet3,7/28/2014,14:00,Surface,0,0,1,2.25 mg glucose 1,41.98949067,1.059712715,0
796,22,MO,Inlet3,7/28/2014,14:00,Surface,0,0,2,2.25 mg glucose 1,46.62915855,1.154093196,0
797,22,MO,Inlet3,7/28/2014,14:00,Surface,0,0,1,2.25 mg glucose 2,49.98429181,NA,0
798,22,MO,Inlet3,7/28/2014,14:00,Surface,0,0,2,2.25 mg glucose 2,48.23699555,NA,0
799,22,MO,Inlet3,7/28/2014,14:00,Surface,0,0,1,2.25 mg glucose 3,48.19568861,NA,0
800,22,MO,Inlet3,7/28/2014,14:00,Surface,0,0,2,2.25 mg glucose 3,47.35951875,NA,0
801,22,MO,Inlet3,7/28/2014,14:00,Surface,0,0,1,4.0 mg glucose 1,37.18872214,NA,0
802,22,MO,Inlet3,7/28/2014,14:00,Surface,0,0,2,4.0 mg glucose 1,41.29793103,NA,0
803,22,MO,Inlet3,7/28/2014,14:00,Surface,0,0,1,4.0 mg glucose 2,32.51349235,NA,0
804,22,MO,Inlet3,7/28/2014,14:00,Surface,0,0,2,4.0 mg glucose 2,40.76294755,NA,0
805,22,MO,Inlet3,7/28/2014,14:00,Surface,0,0,1,4.0 mg glucose 3,51.93606816,NA,0
806,22,MO,Inlet3,7/28/2014,14:00,Surface,0,0,2,4.0 mg glucose 3,53.82165756,NA,0
807,22,MO,Inlet1,7/28/2014,14:00,Surface,0,0,1,No glucose control 1,6.722572435,NA,0
808,22,MO,Inlet1,7/28/2014,14:00,Surface,0,0,2,No glucose control 1,5.633753494,NA,0
809,22,MO,Inlet1,7/28/2014,14:00,Surface,0,0,1,No glucose control 2,10.93770486,NA,0
810,22,MO,Inlet1,7/28/2014,14:00,Surface,0,0,2,No glucose control 2,8.977794461,NA,0
811,22,MO,Inlet1,7/28/2014,14:00,Surface,0,0,1,No glucose control 3,8.545732524,NA,0
812,22,MO,Inlet1,7/28/2014,14:00,Surface,0,0,2,No glucose control 3,8.772432059,NA,0
813,22,MO,Inlet1,7/28/2014,14:00,Surface,0,0,1,0.25 mg glucose 1,10.38242396,NA,0
814,22,MO,Inlet1,7/28/2014,14:00,Surface,0,0,2,0.25 mg glucose 1,10.78588726,NA,0
815,22,MO,Inlet1,7/28/2014,14:00,Surface,0,0,1,0.25 mg glucose 2,9.34040383,NA,0
816,22,MO,Inlet1,7/28/2014,14:00,Surface,0,0,2,0.25 mg glucose 2,11.19927013,NA,0
817,22,MO,Inlet1,7/28/2014,14:00,Surface,0,0,1,0.25 mg glucose 3,9.307086195,0.500686718,0
818,22,MO,Inlet1,7/28/2014,14:00,Surface,0,0,2,0.25 mg glucose 3,9.820036439,NA,0
819,22,MO,Inlet1,7/28/2014,14:00,Surface,0,0,1,1.0 mg glucose 1,9.639728627,NA,0
820,22,MO,Inlet1,7/28/2014,14:00,Surface,0,0,2,1.0 mg glucose 1,18.5621147,NA,0
821,22,MO,Inlet1,7/28/2014,14:00,Surface,0,0,1,1.0 mg glucose 2,6.794948692,0.311470814,0
822,22,MO,Inlet1,7/28/2014,14:00,Surface,0,0,2,1.0 mg glucose 2,12.68824299,NA,0
823,22,MO,Inlet1,7/28/2014,14:00,Surface,0,0,1,1.0 mg glucose 3,13.85131203,NA,0
824,22,MO,Inlet1,7/28/2014,14:00,Surface,0,0,2,1.0 mg glucose 3,17.95332441,NA,0
825,22,MO,Inlet1,7/28/2014,14:00,Surface,0,0,1,2.25 mg glucose 1,8.898591443,NA,0
826,22,MO,Inlet1,7/28/2014,14:00,Surface,0,0,2,2.25 mg glucose 1,6.730867059,0.233288531,0
827,22,MO,Inlet1,7/28/2014,14:00,Surface,0,0,1,2.25 mg glucose 2,11.58313973,NA,0
828,22,MO,Inlet1,7/28/2014,14:00,Surface,0,0,2,2.25 mg glucose 2,12.28253356,NA,0
829,22,MO,Inlet1,7/28/2014,14:00,Surface,0,0,1,2.25 mg glucose 3,10.6176075,NA,0
830,22,MO,Inlet1,7/28/2014,14:00,Surface,0,0,2,2.25 mg glucose 3,8.013748038,NA,0
831,22,MO,Inlet1,7/28/2014,14:00,Surface,0,0,1,4.0 mg glucose 1,14.14638451,NA,0
832,22,MO,Inlet1,7/28/2014,14:00,Surface,0,0,2,4.0 mg glucose 1,15.07401397,NA,0
833,22,MO,Inlet1,7/28/2014,14:00,Surface,0,0,1,4.0 mg glucose 2,12.80737128,NA,0
834,22,MO,Inlet1,7/28/2014,14:00,Surface,0,0,2,4.0 mg glucose 2,10.56716834,NA,0
835,22,MO,Inlet1,7/28/2014,14:00,Surface,0,0,1,4.0 mg glucose 3,12.61790992,NA,0
836,22,MO,Inlet1,7/28/2014,14:00,Surface,0,0,2,4.0 mg glucose 3,11.56894531,0.383224705,0
837,22,MO,Inlet2,7/28/2014,14:00,Surface,0,0,1,No glucose control 1,12.64287637,NA,0
838,22,MO,Inlet2,7/28/2014,14:00,Surface,0,0,2,No glucose control 1,22.64026842,NA,0
839,22,MO,Inlet2,7/28/2014,14:00,Surface,0,0,1,No glucose control 2,24.61403995,NA,0
840,22,MO,Inlet2,7/28/2014,14:00,Surface,0,0,2,No glucose control 2,23.94377358,NA,0
841,22,MO,Inlet2,7/28/2014,14:00,Surface,0,0,1,No glucose control 3,22.02463125,NA,0
842,22,MO,Inlet2,7/28/2014,14:00,Surface,0,0,2,No glucose control 3,23.00833398,NA,0
842,22,MO,Inlet2,7/28/2014,14:00,Surface,0,0,2,No glucose control 3,13.10109426,NA,0
843,22,MO,Inlet2,7/28/2014,14:00,Surface,0,0,1,0.25 mg glucose 1,16.70303641,NA,0
844,22,MO,Inlet2,7/28/2014,14:00,Surface,0,0,2,0.25 mg glucose 1,18.03146387,NA,0
845,22,MO,Inlet2,7/28/2014,14:00,Surface,0,0,1,0.25 mg glucose 2,14.45259924,NA,0
846,22,MO,Inlet2,7/28/2014,14:00,Surface,0,0,2,0.25 mg glucose 2,20.4839288,NA,0
847,22,MO,Inlet2,7/28/2014,14:00,Surface,0,0,1,0.25 mg glucose 3,17.2337729,NA,0
848,22,MO,Inlet2,7/28/2014,14:00,Surface,0,0,2,0.25 mg glucose 3,13.21756396,NA,0
849,22,MO,Inlet2,7/28/2014,14:00,Surface,0,0,1,1.0 mg glucose 1,21.72123222,NA,0
850,22,MO,Inlet2,7/28/2014,14:00,Surface,0,0,2,1.0 mg glucose 1,13.62847228,NA,0
851,22,MO,Inlet2,7/28/2014,14:00,Surface,0,0,1,1.0 mg glucose 2,18.30297252,NA,0
852,22,MO,Inlet2,7/28/2014,14:00,Surface,0,0,2,1.0 mg glucose 2,25.75441481,NA,0
853,22,MO,Inlet2,7/28/2014,14:00,Surface,0,0,1,1.0 mg glucose 3,18.28443851,NA,0
854,22,MO,Inlet2,7/28/2014,14:00,Surface,0,0,2,1.0 mg glucose 3,23.70474605,NA,0
855,22,MO,Inlet2,7/28/2014,14:00,Surface,0,0,1,2.25 mg glucose 1,24.71294875,NA,0
856,22,MO,Inlet2,7/28/2014,14:00,Surface,0,0,2,2.25 mg glucose 1,25.18332787,0.674077141,0
857,22,MO,Inlet2,7/28/2014,14:00,Surface,0,0,1,2.25 mg glucose 2,23.65528811,NA,0
858,22,MO,Inlet2,7/28/2014,14:00,Surface,0,0,2,2.25 mg glucose 2,23.16790776,NA,0
859,22,MO,Inlet2,7/28/2014,14:00,Surface,0,0,1,2.25 mg glucose 3,23.66218736,NA,0
860,22,MO,Inlet2,7/28/2014,14:00,Surface,0,0,2,2.25 mg glucose 3,24.57842517,NA,0
861,22,MO,Inlet2,7/28/2014,14:00,Surface,0,0,1,4.0 mg glucose 1,25.70882613,NA,0
862,22,MO,Inlet2,7/28/2014,14:00,Surface,0,0,2,4.0 mg glucose 1,26.45582852,NA,0
863,22,MO,Inlet2,7/28/2014,14:00,Surface,0,0,1,4.0 mg glucose 2,19.79590642,NA,0
864,22,MO,Inlet2,7/28/2014,14:00,Surface,0,0,2,4.0 mg glucose 2,19.55887361,NA,0
865,22,MO,Inlet2,7/28/2014,14:00,Surface,0,0,1,4.0 mg glucose 3,28.2925825,NA,0
866,22,MO,Inlet2,7/28/2014,14:00,Surface,0,0,2,4.0 mg glucose 3,24.6327999,NA,0
867,17,BO,DeepHole,7/28/2014,9:00,PML,0,1,1,,23.45076791,NA,0
868,17,BO,DeepHole,7/28/2014,9:00,PML,0,1,2,,23.32631295,0.699603223,0
869,17,BO,DeepHole,7/28/2014,9:00,Hypo,3,3,1,,6.367434311,NA,0
870,17,BO,DeepHole,7/28/2014,9:00,Hypo,3,3,2,,7.921502679,NA,0
871,15,HB,DeepHole,7/29/2014,8:50,PML,0,0.5,1,,24.11411008,NA,0
872,15,HB,DeepHole,7/29/2014,8:50,PML,0,0.5,2,,23.89320049,NA,0
873,15,HB,DeepHole,7/29/2014,8:50,Hypo,5,5,1,,29.99081655,NA,0
874,15,HB,DeepHole,7/29/2014,8:50,Hypo,5,5,2,,23.31568441,NA,0
875,15,HB,Outlet,7/29/2014,10:00,Surface,0,0,1,,24.30213486,NA,0
876,15,HB,Outlet,7/29/2014,10:00,Surface,0,0,2,,14.60683677,0.461424837,0
877,15,HB,WC1,7/29/2014,10:00,Surface,0,0,1,,25.71688538,NA,0
878,15,HB,WC1,7/29/2014,10:00,Surface,0,0,2,,25.8384233,NA,0
879,15,HB,WC2,7/29/2014,10:00,Surface,0,0,1,,25.21934427,NA,0
880,15,HB,WC2,7/29/2014,10:00,Surface,0,0,2,,25.5578735,NA,0
881,15,CR,DeepHole,7/29/2014,11:35,PML,0,3,1,,5.338347765,NA,0
882,15,CR,DeepHole,7/29/2014,11:35,PML,0,3,2,,3.088535205,NA,0
883,15,CR,DeepHole,7/29/2014,11:35,Hypo,10,10,1,,3.264513885,NA,0
884,15,CR,DeepHole,7/29/2014,11:35,Hypo,10,10,2,,4.374872255,NA,0
885,15,CR,Outlet,7/29/2014,12:20,Surface,0,0,1,,4.812833988,0.290656741,0
886,15,CR,Outlet,7/29/2014,12:20,Surface,0,0,2,,5.003879821,NA,0
887,15,CR,WC1,7/29/2014,11:00,Surface,0,0,1,,10.24764618,NA,0
888,15,CR,WC1,7/29/2014,11:00,Surface,0,0,2,,10.48968587,NA,0
889,15,CR,WC2,7/29/2014,11:00,Surface,0,0,1,,6.861527024,NA,0
890,15,CR,WC2,7/29/2014,11:00,Surface,0,0,2,,8.802908765,NA,0
891,17,NG,DeepHole,7/29/2014,9:15,PML,0,0.5,1,,25.49065211,NA,0
892,17,NG,DeepHole,7/29/2014,9:15,PML,0,0.5,2,,24.82038635,NA,0
893,17,NG,DeepHole,7/29/2014,9:15,Hypo,3.5,3.5,1,,41.09104467,NA,0
894,17,NG,DeepHole,7/29/2014,9:15,Hypo,3.5,3.5,2,,40.30389756,NA,0
895,17,WA,DeepHole,7/29/2014,10:45,PML,0,1,1,,11.7203267,NA,0
896,17,WA,DeepHole,7/29/2014,10:45,PML,0,1,2,,11.96841836,NA,0
897,17,WA,DeepHole,7/29/2014,10:45,Hypo,4,4,1,,6.398382579,NA,0
898,17,WA,DeepHole,7/29/2014,10:45,Hypo,4,4,2,,5.996777799,NA,0
899,19,RS,DeepHole,7/29/2014,15:10,PML,0,1,1,,14.13302804,NA,0
900,19,RS,DeepHole,7/29/2014,15:10,PML,0,1,2,,17.29103236,NA,0
901,19,HE,DeepHole,7/29/2014,16:10,PML,0,0.5,1,,30.41883013,NA,0
902,19,HE,DeepHole,7/29/2014,16:10,PML,0,0.5,2,,32.10670376,NA,0
903,3,WL,DeepHole,7/30/2014,9:05,PML,0,2,1,Rep 1,7.111169576,NA,0
904,3,WL,DeepHole,7/30/2014,9:05,PML,0,2,2,Rep 1,5.728239618,NA,0
905,3,WL,DeepHole,7/30/2014,9:05,Hypo,8,8,1,Rep 1,8.059466766,0.536647043,0
906,3,WL,DeepHole,7/30/2014,9:05,Hypo,8,8,2,Rep 1,7.926144382,NA,0
907,3,WL,DeepHole,7/30/2014,9:05,PML,0,2,1,Rep 2,6.654802199,NA,0
908,3,WL,DeepHole,7/30/2014,9:05,PML,0,2,2,Rep 2,6.8670844,NA,0
909,3,WL,DeepHole,7/30/2014,9:05,Hypo,8,8,1,Rep 2,6.633010537,0.549484139,0
910,3,WL,DeepHole,7/30/2014,9:05,Hypo,8,8,2,Rep 2,6.876464521,0.503270919,0
911,3,WL,DeepHole,7/30/2014,9:05,PML,0,2,1,Rep 3,8.972892801,NA,0
912,3,WL,DeepHole,7/30/2014,9:05,PML,0,2,2,Rep 3,6.806187505,NA,0
913,3,WL,DeepHole,7/30/2014,9:05,Hypo,8,8,1,Rep 3,3.328290665,0.254764543,1
914,3,WL,DeepHole,7/30/2014,9:05,Hypo,8,8,2,Rep 3,6.569252608,NA,0
915,3,WL,DeepHole,7/30/2014,9:05,PML,0,2,1,Rep 4,6.797773513,NA,0
916,3,WL,DeepHole,7/30/2014,9:05,PML,0,2,2,Rep 4,6.537160858,NA,0
917,3,WL,DeepHole,7/30/2014,9:05,Hypo,8,8,1,Rep 4,11.08786714,NA,1
918,3,WL,DeepHole,7/30/2014,9:05,Hypo,8,8,2,Rep 4,6.109798326,NA,0
919,3,EL,DeepHole,7/30/2014,11:00,PML,0,1.5,1,,10.33317814,NA,0
920,3,EL,DeepHole,7/30/2014,11:00,PML,0,1.5,2,,8.858572366,NA,0
921,3,EL,DeepHole,7/30/2014,11:00,Hypo,8,8,1,,10.75464922,NA,0
922,3,EL,DeepHole,7/30/2014,11:00,Hypo,8,8,2,,12.62869797,NA,0
923,3,EL,Outlet,7/30/2014,12:10,Surface,0,0,1,,8.036633402,NA,0
924,3,EL,Outlet,7/30/2014,12:10,Surface,0,0,2,,8.73975815,NA,0
925,3,EL,Inlet1,7/30/2014,12:25,Surface,0,0,1,,79.20902991,1.64391996,0
926,3,EL,Inlet1,7/30/2014,12:25,Surface,0,0,2,,71.03314698,NA,0
927,17,CB,DeepHole,7/30/2014,10:00,PML,0,1,1,,19.83761327,NA,0
928,17,CB,DeepHole,7/30/2014,10:00,PML,0,1,2,,18.54321811,NA,0
929,17,CB,DeepHole,7/30/2014,10:00,Hypo,4,4,1,,25.55803179,NA,0
930,17,CB,DeepHole,7/30/2014,10:00,Hypo,4,4,2,,25.62834451,NA,0
931,15,MO,DeepHole,7/31/2014,8:40,PML,0,1,1,,19.91259071,NA,0
932,15,MO,DeepHole,7/31/2014,8:40,PML,0,1,2,,16.93201694,NA,0
933,15,MO,DeepHole,7/31/2014,8:40,Hypo,5,5,1,,14.1872062,NA,0
933,15,MO,DeepHole,7/31/2014,8:40,Hypo,5,5,1,,5.285413236,0.26319181,1
934,15,MO,DeepHole,7/31/2014,8:40,Hypo,5,5,2,,21.54533473,NA,0
935,15,MO,Outlet,7/31/2014,9:20,Surface,0,0,1,,16.89848918,NA,0
936,15,MO,Outlet,7/31/2014,9:20,Surface,0,0,2,,9.602412962,NA,0
937,15,MO,Inlet1,7/31/2014,9:40,Surface,0,0,1,,9.831577743,NA,0
938,15,MO,Inlet1,7/31/2014,9:40,Surface,0,0,2,,7.047645696,NA,0
939,15,MO,Inlet2,7/31/2014,9:55,Surface,0,0,1,,28.36490662,0.881554527,0
940,15,MO,Inlet2,7/31/2014,9:55,Surface,0,0,2,,28.6428355,NA,0
941,15,MO,Inlet3,7/31/2014,9:30,Surface,0,0,1,,53.57727277,NA,0
942,15,MO,Inlet3,7/31/2014,9:30,Surface,0,0,2,,55.64331038,NA,0
943,17,BA,DeepHole,7/31/2014,9:45,PML,0,3.5,1,,7.478684854,NA,0
944,17,BA,DeepHole,7/31/2014,9:45,PML,0,3.5,2,,6.652008956,NA,0
945,17,BA,DeepHole,7/31/2014,9:45,Hypo,6.5,6.5,1,,6.098053336,NA,0
946,17,BA,DeepHole,7/31/2014,9:45,Hypo,6.5,6.5,2,,6.473539238,NA,0
947,19,TF,DeepHole,7/31/2014,13:45,PML,0,4.5,1,,11.56476573,0.584837833,0
948,19,TF,DeepHole,7/31/2014,13:45,PML,0,4.5,2,,11.96799431,1.263536778,0
949,24,FT,T4,7/31/2014,15:30,point,0.3,0.3,1,,5.374210233,0.276792775,0
950,24,FT,T4,7/31/2014,15:30,point,0.3,0.3,2,,4.622522705,NA,0
951,24,FT,T7,7/31/2014,15:30,point,0.3,0.3,1,,8.736818668,NA,0
952,24,FT,T7,7/31/2014,15:30,point,0.3,0.3,2,,23.97664214,NA,1
953,24,FT,T10,7/31/2014,15:30,point,0.3,0.3,1,,11.00372559,0.557325372,0
954,24,FT,T10,7/31/2014,15:30,point,0.3,0.3,2,,10.10663188,NA,0
955,24,FT,T13,7/31/2014,15:30,point,0.3,0.3,1,,17.99215699,0.583395905,0
956,24,FT,T13,7/31/2014,15:30,point,0.3,0.3,2,,11.32061741,0.446583788,0
957,24,FT,T16,7/31/2014,15:30,point,0.3,0.3,1,,11.99783451,NA,0
958,24,FT,T16,7/31/2014,15:30,point,0.3,0.3,2,,13.08078299,0.478824099,0
959,24,FT,T19,7/31/2014,15:30,point,0.3,0.3,1,,12.40722354,NA,0
960,24,FT,T19,7/31/2014,15:30,point,0.3,0.3,2,,11.89046572,NA,0
961,24,FT,T22,7/31/2014,15:30,point,0.3,0.3,1,,10.58484168,NA,0
962,24,FT,T22,7/31/2014,15:30,point,0.3,0.3,2,,9.91452987,NA,0
963,24,FT,T25,7/31/2014,15:30,point,0.3,0.3,1,,10.68683721,NA,0
964,24,FT,T25,7/31/2014,15:30,point,0.3,0.3,2,,12.55864763,NA,0
965,24,FT,T28,7/31/2014,15:30,point,0.3,0.3,1,,12.61389214,NA,0
966,24,FT,T28,7/31/2014,15:30,point,0.3,0.3,2,,18.64900167,NA,0
967,17,BR,DeepHole,8/1/2014,9:15,PML,0,2.5,1,,10.04423204,0.331555208,0
968,17,BR,DeepHole,8/1/2014,9:15,PML,0,2.5,2,,10.1159932,0.383865144,0
969,17,BR,DeepHole,8/1/2014,9:15,Hypo,4,4,1,,9.175410274,NA,0
970,17,BR,DeepHole,8/1/2014,9:15,Hypo,4,4,2,,10.50297416,1.115888043,0
971,19,BH,DeepHole,8/1/2014,9:30,PML,0,5,1,,14.38261282,NA,0
972,19,BH,DeepHole,8/1/2014,9:30,PML,0,5,2,,11.96126368,NA,0
973,19,BV,DeepHole,8/1/2014,11:15,PML,0,5,1,,3.54825283,NA,0
974,19,BV,DeepHole,8/1/2014,11:15,PML,0,5,2,,7.710126499,NA,0
975,19,ER,DeepHole,8/1/2014,12:15,PML,0,4.5,1,,6.709226206,NA,0
976,19,ER,DeepHole,8/1/2014,12:15,PML,0,4.5,2,,6.776439195,NA,0
977,19,AQ,DeepHole,8/1/2014,13:15,PML,0,4,1,,6.341123627,0.231384373,0
978,19,AQ,DeepHole,8/1/2014,13:15,PML,0,4,2,,4.102902677,0.185241138,0
979,19,MC,DeepHole,8/4/2014,9:15,PML,0,2,1,,14.91598074,0.417073781,0
980,19,MC,DeepHole,8/4/2014,9:15,PML,0,2,2,,16.21569189,0.456410132,0
981,19,DW,DeepHole,8/4/2014,10:20,PML,0,1,1,,15.93466916,0.392917246,0
982,19,DW,DeepHole,8/4/2014,10:20,PML,0,1,2,,12.34307107,NA,0
983,15,HB,DeepHole,8/5/2014,10:25,PML,0,0.5,1,,24.04360138,0.561891797,0
984,15,HB,DeepHole,8/5/2014,10:25,PML,0,0.5,2,,24.40648716,NA,0
985,15,HB,DeepHole,8/5/2014,10:25,Hypo,5,5,1,,28.61506065,NA,0
986,15,HB,DeepHole,8/5/2014,10:25,Hypo,5,5,2,,29.69348563,NA,0
987,15,HB,Outlet,8/5/2014,10:25,Surface,0,0,1,,19.78823972,NA,0
988,15,HB,Outlet,8/5/2014,10:25,Surface,0,0,2,,17.8901418,NA,0
989,15,HB,WC1,8/5/2014,10:25,Surface,0,0,1,,26.45409276,NA,0
990,15,HB,WC1,8/5/2014,10:25,Surface,0,0,2,,24.52224646,NA,0
991,15,HB,WC2,8/5/2014,10:25,Surface,0,0,1,,21.55387131,NA,0
992,15,HB,WC2,8/5/2014,10:25,Surface,0,0,2,,24.93563675,NA,0
994,15,CR,DeepHole,8/5/2014,13:10,PML,0,3,2,,4.439309128,NA,0
995,15,CR,DeepHole,8/5/2014,13:10,Hypo,10,10,1,,4.370075964,NA,0
996,15,CR,DeepHole,8/5/2014,13:10,Hypo,10,10,2,,3.916370809,NA,0
997,15,CR,Outlet,8/5/2014,13:10,Surface,0,0,1,,4.815733598,NA,0
998,15,CR,Outlet,8/5/2014,13:10,Surface,0,0,2,,4.474869197,NA,0
999,15,CR,WC1,8/5/2014,13:10,Surface,0,0,1,,6.473716001,NA,0
1000,15,CR,WC1,8/5/2014,13:10,Surface,0,0,2,,7.655703049,NA,0
1001,15,CR,WC2,8/5/2014,13:10,Surface,0,0,1,,8.011729151,NA,0
1002,15,CR,WC2,8/5/2014,13:10,Surface,0,0,2,,7.90762136,0.294884642,0
1003,3,WL,DeepHole,8/6/2014,10:10,PML,0,2,1,,6.859294693,0.28482092,0
1004,3,WL,DeepHole,8/6/2014,10:10,PML,0,2,2,,7.491034079,NA,0
1005,3,WL,DeepHole,8/6/2014,10:10,Hypo,8,8,1,,6.707956176,0.55198666,0
1006,3,WL,DeepHole,8/6/2014,10:10,Hypo,8,8,2,,8.573603432,NA,0
1007,3,EL,DeepHole,8/6/2014,11:40,PML,0,1.5,1,,9.29578517,NA,0
1008,3,EL,DeepHole,8/6/2014,11:40,PML,0,1.5,2,,16.24895395,NA,1
1009,3,EL,DeepHole,8/6/2014,11:40,Hypo,8,8,1,,10.7254401,NA,0
1010,3,EL,DeepHole,8/6/2014,11:40,Hypo,8,8,2,,9.483181611,0.47008563,0
1011,3,EL,Outlet,8/6/2014,12:45,Surface,0,0,1,,8.802543915,0.366778843,0
1012,3,EL,Outlet,8/6/2014,12:45,Surface,0,0,2,,9.014643322,NA,0
1013,15,MO,DeepHole,8/7/2014,9:00,PML,0,1,1,,16.57887488,NA,0
1014,15,MO,DeepHole,8/7/2014,9:00,PML,0,1,2,,15.3616111,NA,0
1015,15,MO,DeepHole,8/7/2014,9:00,Hypo,5,5,1,,17.6747645,NA,0
1016,15,MO,DeepHole,8/7/2014,9:00,Hypo,5,5,2,,16.18665297,NA,0
1017,15,MO,Outlet,8/7/2014,9:00,Surface,0,0,1,,16.96317819,NA,0
1018,15,MO,Outlet,8/7/2014,9:00,Surface,0,0,2,,13.13208497,NA,0
1019,15,MO,Inlet1,8/7/2014,10:35,Surface,0,0,1,,10.37250438,NA,0
1020,15,MO,Inlet1,8/7/2014,10:35,Surface,0,0,2,,9.027631875,NA,0
1021,15,MO,Inlet2,8/7/2014,10:50,Surface,0,0,1,,26.05445605,NA,0
1022,15,MO,Inlet2,8/7/2014,10:50,Surface,0,0,2,,28.26352909,NA,0
1023,15,MO,Inlet3,8/7/2014,10:20,Surface,0,0,1,,54.86556125,NA,0
1024,15,MO,Inlet3,8/7/2014,10:20,Surface,0,0,2,,44.41543381,1.283857252,0
1025,15,CR,DeepHole,8/11/2014,9:10,PML,0,3,1,,5.324794099,NA,0
1026,15,CR,DeepHole,8/11/2014,9:10,PML,0,3,2,,5.399761971,NA,0
1027,15,CR,DeepHole,8/11/2014,9:10,Hypo,10,10,1,,4.196481367,NA,0
1028,15,CR,DeepHole,8/11/2014,9:10,Hypo,10,10,2,,4.322201405,NA,0
1029,15,CR,Outlet,8/11/2014,9:55,Surface,0,0,1,,4.84585072,NA,0
1030,15,CR,Outlet,8/11/2014,9:55,Surface,0,0,2,,5.315880675,NA,0
1031,15,CR,WC1,8/11/2014,9:00,Surface,0,0,1,,6.55778547,NA,0
1032,15,CR,WC1,8/11/2014,9:00,Surface,0,0,2,,6.591743067,NA,0
1033,15,CR,WC2,8/11/2014,9:00,Surface,0,0,1,,7.411071047,NA,0
1034,15,CR,WC2,8/11/2014,9:00,Surface,0,0,2,,7.249298272,NA,0
1035,15,HB,DeepHole,8/11/2014,13:30,PML,0,0.5,1,,22.07899117,NA,0
1036,15,HB,DeepHole,8/11/2014,13:30,PML,0,0.5,2,,23.33603491,NA,0
1037,15,HB,DeepHole,8/11/2014,13:30,Hypo,5,5,1,,29.5441653,NA,0
1038,15,HB,DeepHole,8/11/2014,13:30,Hypo,5,5,2,,30.51943216,NA,0
1039,15,HB,Outlet,8/11/2014,14:15,Surface,0,0,1,,22.57653026,NA,0
1040,15,HB,Outlet,8/11/2014,14:15,Surface,0,0,2,,22.99440053,NA,0
1041,15,HB,WC1,8/11/2014,14:15,Surface,0,0,1,,24.0539385,NA,0
1042,15,HB,WC1,8/11/2014,14:15,Surface,0,0,2,,24.42397402,NA,0
1043,15,HB,WC2,8/11/2014,14:15,Surface,0,0,1,,24.95160669,NA,0
1044,15,HB,WC2,8/11/2014,14:15,Surface,0,0,2,,23.03321655,0.574509349,0
1045,3,WL,DeepHole,8/12/2014,8:50,PML,0,2,1,,6.584422632,NA,0
1046,3,WL,DeepHole,8/12/2014,8:50,PML,0,2,2,,6.321684554,NA,0
1047,3,WL,DeepHole,8/12/2014,8:50,Hypo,8,8,1,,6.903674084,0.554322346,0
1048,3,WL,DeepHole,8/12/2014,8:50,Hypo,8,8,2,,7.039438441,NA,0
1049,3,EL,DeepHole,8/12/2014,10:25,PML,0,2,1,,9.78278054,0.371448543,0
1050,3,EL,DeepHole,8/12/2014,10:25,PML,0,2,2,,9.668861032,NA,0
1051,3,EL,DeepHole,8/12/2014,10:25,Hypo,8,8,1,,13.21321609,NA,0
1052,3,EL,DeepHole,8/12/2014,10:25,Hypo,8,8,2,,11.63251228,0.766841161,0
1053,3,EL,Outlet,8/12/2014,12:30,Surface,0,0,1,,9.571359464,0.478607083,0
1054,3,EL,Outlet,8/12/2014,12:30,Surface,0,0,2,,10.22362277,NA,0
1055,15,MO,DeepHole,8/14/2014,9:15,PML,0,1.5,1,,16.79471553,NA,0
1056,15,MO,DeepHole,8/14/2014,9:15,PML,0,1.5,2,,16.94934059,NA,0
1057,15,MO,DeepHole,8/14/2014,9:15,Hypo,5,5,1,,18.31306187,NA,0
1058,15,MO,DeepHole,8/14/2014,9:15,Hypo,5,5,2,,17.13113148,NA,0
1059,15,MO,Inlet1,8/14/2014,10:25,Surface,0,0,1,,9.808686494,0.397029118,0
1060,15,MO,Inlet1,8/14/2014,10:25,Surface,0,0,2,,10.41641165,NA,0
1061,15,MO,Inlet2,8/14/2014,10:35,Surface,0,0,1,,28.08691573,NA,0
1062,15,MO,Inlet2,8/14/2014,10:35,Surface,0,0,2,,28.33643048,NA,0
1063,15,MO,Inlet3,8/14/2014,10:15,Surface,0,0,1,,51.39344233,NA,0
1064,15,MO,Inlet3,8/14/2014,10:15,Surface,0,0,2,,51.42064906,NA,0
1065,15,MO,Outlet,8/14/2014,9:15,Surface,0,0,1,,15.93486216,0.592861169,0
1066,15,MO,Outlet,8/14/2014,9:15,Surface,0,0,2,,16.72754112,NA,0
1067,3,WL,DeepHole,8/20/2014,9:00,PML,0,3,1,,6.82946843,NA,0
1068,3,WL,DeepHole,8/20/2014,9:00,PML,0,3,2,,5.616924516,NA,0
1069,3,WL,DeepHole,8/20/2014,9:00,Hypo,8,8,1,,6.784307311,NA,0
1070,3,WL,DeepHole,8/20/2014,9:00,Hypo,8,8,2,,5.937722898,NA,0
1071,3,EL,DeepHole,8/20/2014,10:30,PML,0,2,1,,12.68462254,NA,0
1072,3,EL,DeepHole,8/20/2014,10:30,PML,0,2,2,,8.430751132,0.327410432,0
1073,3,EL,DeepHole,8/20/2014,10:30,Hypo,8,8,1,,12.93867236,0.517688129,0
1074,3,EL,DeepHole,8/20/2014,10:30,Hypo,8,8,2,,11.19147571,NA,0
1075,3,EL,Outlet,8/20/2014,10:30,Surface,0,0,1,,8.506316829,NA,0
1076,3,EL,Outlet,8/20/2014,10:30,Surface,0,0,2,,10.0367387,NA,0
1077,15,MO,DeepHole,8/23/2014,11:45,PML,0,0.5,1,,16.73712076,0.673605428,0
1078,15,MO,DeepHole,8/23/2014,11:45,PML,0,0.5,2,,17.52000826,NA,0
1079,15,MO,DeepHole,8/23/2014,11:45,Hypo,5,5,1,,12.65567777,1.73164061,0
1080,15,MO,DeepHole,8/23/2014,11:45,Hypo,5,5,2,,15.93355259,NA,0
1081,15,MO,Inlet1,8/23/2014,13:10,Surface,0,0,1,,10.52747972,0.409372142,0
1082,15,MO,Inlet1,8/23/2014,13:10,Surface,0,0,2,,10.66438622,NA,0
1083,15,MO,Inlet2,8/23/2014,13:30,Surface,0,0,1,,26.34610018,0.77037332,0
1084,15,MO,Inlet2,8/23/2014,13:30,Surface,0,0,2,,27.22154494,NA,0
1085,15,MO,Inlet3,8/23/2014,13:05,Surface,0,0,1,,50.74553397,NA,0
1086,15,MO,Inlet3,8/23/2014,13:05,Surface,0,0,2,,50.97868544,NA,0
1087,15,MO,Outlet,8/23/2014,11:45,Surface,0,0,1,,15.19632065,NA,0
1088,15,MO,Outlet,8/23/2014,11:45,Surface,0,0,2,,16.13336466,0.523468609,0
1089,15,HB,DeepHole,8/24/2014,11:00,PML,0,0.5,1,,21.40541024,NA,0
1090,15,HB,DeepHole,8/24/2014,11:00,PML,0,0.5,2,,24.01210034,NA,0
1091,15,HB,DeepHole,8/24/2014,11:00,Hypo,5,5,1,,29.56690003,NA,0
1092,15,HB,DeepHole,8/24/2014,11:00,Hypo,5,5,2,,29.18075383,NA,0
1093,15,HB,WC1,8/24/2014,11:00,Surface,0,0,1,,27.81344874,NA,0
1094,15,HB,WC1,8/24/2014,11:00,Surface,0,0,2,,26.53503619,NA,0
1095,15,HB,WC2,8/24/2014,11:00,Surface,0,0,1,,24.46161802,NA,0
1096,15,HB,WC2,8/24/2014,11:00,Surface,0,0,2,,26.472195,NA,0
1097,15,HB,Outlet,8/24/2014,11:00,Surface,0,0,1,,23.92430447,NA,0
1098,15,HB,Outlet,8/24/2014,11:00,Surface,0,0,2,,22.32042959,NA,0
1099,15,CR,DeepHole,8/24/2014,13:00,PML,0,2.5,1,,5.016615887,0.257175951,0
1100,15,CR,DeepHole,8/24/2014,13:00,PML,0,2.5,2,,4.760916527,NA,0
1101,15,CR,DeepHole,8/24/2014,13:00,Hypo,10,10,1,,4.523082151,NA,0
1102,15,CR,DeepHole,8/24/2014,13:00,Hypo,10,10,2,,4.649603667,NA,0
1103,15,CR,WC1,8/24/2014,13:00,Surface,0,0,1,,6.941060694,NA,0
1104,15,CR,WC1,8/24/2014,13:00,Surface,0,0,2,,7.223968235,0.331475101,0
1105,15,CR,WC2,8/24/2014,13:00,Surface,0,0,1,,8.580038488,NA,0
1106,15,CR,WC2,8/24/2014,13:00,Surface,0,0,2,,9.287831617,NA,0
1107,15,CR,DeepHole,9/25/2014,9:30,PML,0,6,1,,5.767668311,0.289226617,0
1108,15,CR,DeepHole,9/25/2014,9:30,PML,0,6,2,,7.018785631,0.247059674,0
1109,15,CR,DeepHole,9/25/2014,9:30,Hypo,10,10,1,,6.546144156,0.514827781,0
1110,15,CR,DeepHole,9/25/2014,9:30,Hypo,10,10,2,,5.092090028,0.346412908,0
1111,15,CR,Outlet,9/25/2014,9:30,Surface,0,0,1,,4.631436902,0.312044953,0
1112,15,CR,Outlet,9/25/2014,9:30,Surface,0,0,2,,3.620864189,0.15782293,0
1113,15,CR,WC1,9/25/2014,9:30,Surface,0,0,1,,40.59961875,NA,0
1114,15,CR,WC1,9/25/2014,9:30,Surface,0,0,2,,26.30284289,NA,0
1115,15,CR,WC2,9/25/2014,9:30,Surface,0,0,1,,8.485559554,0.383080094,0
1116,15,CR,WC2,9/25/2014,9:30,Surface,0,0,2,,7.259162466,NA,0
1117,15,HB,DeepHole,9/25/2014,11:20,PML,0,0.5,1,,19.45301091,0.523457922,0
1118,15,HB,DeepHole,9/25/2014,11:20,PML,0,0.5,2,,24.57509178,0.749352144,0
1120,15,HB,DeepHole,9/25/2014,11:20,Hypo,5,5,2,,23.443243,NA,0
1120,15,HB,DeepHole,9/25/2014,11:20,Hypo,5,5,2,,22.49857251,1.258364902,0
1121,15,HB,WC1,9/25/2014,11:20,Surface,0,0,1,,24.56648453,NA,0
1122,15,HB,WC1,9/25/2014,11:20,Surface,0,0,2,,21.36266336,NA,0
1123,15,HB,WC2,9/25/2014,11:20,Surface,0,0,1,,11.87363224,NA,0
1124,15,HB,WC2,9/25/2014,11:20,Surface,0,0,2,,18.56332557,NA,0
1125,15,MO,DeepHole,9/25/2014,13:55,PML,0,1,1,,15.61356527,NA,0
1126,15,MO,DeepHole,9/25/2014,13:55,PML,0,1,2,,11.03189027,NA,0
1127,15,MO,DeepHole,9/25/2014,13:55,Hypo,5,5,1,,12.61768229,1.758034914,0
1128,15,MO,DeepHole,9/25/2014,13:55,Hypo,5,5,2,,16.94334002,1.894909326,0
1129,15,MO,Outlet,9/25/2014,13:55,Surface,0,0,1,,17.03893111,NA,0
1130,15,MO,Outlet,9/25/2014,13:55,Surface,0,0,2,,17.74350162,0.538939892,0
1131,15,MO,Inlet1,9/25/2014,13:55,Surface,0,0,1,,10.83591907,NA,0
1132,15,MO,Inlet1,9/25/2014,13:55,Surface,0,0,2,,27.49481881,0.288059434,1
1133,15,MO,Inlet2,9/25/2014,13:55,Surface,0,0,1,,31.99066868,NA,0
1134,15,MO,Inlet2,9/25/2014,13:55,Surface,0,0,2,,35.06170873,NA,0
1135,15,MO,Inlet3,9/25/2014,13:55,Surface,0,0,1,,61.22165592,1.536606081,0
1136,15,MO,Inlet3,9/25/2014,13:55,Surface,0,0,2,,49.45513421,1.164270115,0
1137,3,EL,DeepHole,9/26/2014,10:35,PML,0,1,1,,12.01225568,NA,0
1138,3,EL,DeepHole,9/26/2014,10:35,PML,0,1,2,,5.038830739,NA,1
1139,3,EL,DeepHole,9/26/2014,10:35,Hypo,8,8,1,,12.33222056,0.747183293,0
1140,3,EL,DeepHole,9/26/2014,10:35,Hypo,8,8,2,,12.54280317,NA,0
1141,3,EL,Inlet1,9/26/2014,11:45,Surface,0,0,1,,75.63039371,1.453019854,0
1142,3,EL,Inlet1,9/26/2014,11:45,Surface,0,0,2,,48.50021326,1.246768126,0
1143,3,EL,Outlet,9/26/2014,10:55,Surface,0,0,1,,7.159062087,0.282865559,0
1144,3,EL,Outlet,9/26/2014,10:55,Surface,0,0,2,,7.619702789,0.338034222,0
1145,3,WL,DeepHole,9/26/2014,9:45,PML,0,2,1,,5.599848303,NA,0
1146,3,WL,DeepHole,9/26/2014,9:45,PML,0,2,2,,5.865346757,NA,0
1147,3,WL,DeepHole,9/26/2014,9:45,Hypo,8,8,1,,2.247831308,0.254064083,1
1148,3,WL,DeepHole,9/26/2014,9:45,Hypo,8,8,2,,4.094799847,0.537008888,0
