"datetime","NLL","iota","R","GPP","DO0","convergence","sd_iota","sd_R","sd_GPP","GPP.weighted","R.weighted","thermo.depth","GPP.weighted.areal","R.weighted.areal"
2011-05-12,"Error in FUN(X[[i]], ...) : too many NAs",NA,NA,NA,NA,NA,NA,NA,NA,NA,NA,NA,NA,NA
2011-05-13,"-106.6601925",0.75450096,0.439044045,0.087627427,10.03899412,0,0.798122648,0.124390274,0.092693632,NA,NA,2,NA,NA
2011-05-14,"-74.95698018",2.070598938,0.787245311,0.467544116,9.994546777,0,1.187441654,0.372178113,0.268125975,NA,NA,2,NA,NA
2011-05-15,"-265.2757773",0.430827821,0.477422236,0.301176472,9.80685015,0,0.05215693,0.048418966,0.036461063,NA,NA,2,NA,NA
2011-05-16,"-254.2875617",0.781880911,0.538362531,0.48532597,9.867716156,0,0.066283957,0.055176269,0.041143511,NA,NA,2,NA,NA
2011-05-17,"-196.0247658",1.406282765,1.0367586,0.990211547,10.0473014,0,0.098242856,0.089987254,0.069176138,0.783284951928755,1.04062421848223,NA,NA,NA
2011-05-18,"-122.0590028",2.449474051,1.055136282,0.960933773,10.12767299,0,0.384553473,0.195081123,0.150861129,0.778345988668473,1.07959144558548,2,1556.69197733695,2159.18289117096
2011-05-19,"-52.08999262",4.644231764,1.333486643,1.293179884,10.02132765,0,1.076366622,0.404327546,0.299712791,0.763472836141562,1.05070363548237,2,1526.94567228312,2101.40727096475
2011-05-20,"-26.09399479",2.078721012,0.920594375,1.064175238,9.845653638,0,0.444713781,0.286426421,0.227665661,0.81924026569407,1.13231965609149,2.13888888888889,1752.26390162343,2421.90593108459
2011-05-21,"-54.27390646",4.531671725,2.095535326,0.95650058,10.21779072,0,0.714485956,0.176859977,0.15080665,0.867922844840128,1.19755234368167,2,1735.84568968026,2395.10468736333
2011-05-22,"-117.7810172",1.187455451,1.094092664,0.580587376,8.962615686,0,0.248975142,0.160721673,0.121732419,0.767418851064766,1.16677540772507,2,1534.83770212953,2333.55081545013
2011-05-23,"-209.7561506",1.09920946,0.335796732,0.216419076,8.31113545,0,0.415608243,0.099976385,0.081827491,0.671410106567359,1.08281176367535,2,1342.82021313472,2165.62352735069
2011-05-24,"-155.4575803",0.956237099,0.535907203,0.526862071,8.412580257,0,0.378390294,0.278815431,0.20848333,0.55740490834845,1.00860509974808,2,1114.8098166969,2017.21019949616
2011-05-25,"-175.8749584",0.510663854,0.488365617,0.250984546,8.585419469,0,0.185155877,0.12805308,0.091001671,0.440655307077622,0.944100643014685,NA,NA,NA
2011-05-26,"-207.339552",0.335158771,0.38956222,0.241134633,8.67996333,0,0.103337961,0.098510935,0.074347931,0.301274054923186,0.537639709962662,3,903.822164769558,1612.91912988799
2011-05-27,"-253.6817096",0.382940853,0.511749588,0.242456608,8.84318735,0,0.092805623,0.076649805,0.0587593,0.328455961634636,0.526603949299801,3,985.367884903908,1579.8118478994
2011-05-28,"-321.3993499",0.214951873,0.328960136,0.097811163,8.719881314,0,0.114716427,0.098930305,0.052200276,0.357253920032832,0.549149397129874,3,1071.7617600985,1647.44819138962
2011-05-29,"-330.3871064",0.449966468,0.275665779,0.146321908,8.646925902,0,0.141874632,0.061976432,0.046135364,0.382737739196582,0.551779273595012,3,1148.21321758974,1655.33782078504
2011-05-30,"-284.1016902",1.800073156,0.491577058,0.251936489,8.60776139,0,0.388367752,0.075169399,0.054355573,0.404846301284312,0.62213732330021,3,1214.53890385294,1866.41196990063
2011-05-31,"-382.7522765",0.800016651,0.668352119,0.427705013,8.559682132,0,0.039480342,0.027763216,0.021106986,0.404458005333053,0.630110802728588,3,1213.37401599916,1890.33240818577
2011-06-01,"-377.4264242",0.693326228,0.586868586,0.419536034,8.51304579,0,0.046410176,0.037294553,0.028083088,0.408066673929953,0.633973570803147,NA,NA,NA
2011-06-02,"-235.6322117",0.80466556,0.571756806,0.564119732,8.552232348,0,0.079733204,0.073754309,0.055897849,0.416588539917987,0.661642187449379,3,1249.76561975396,1984.92656234814
2011-06-03,"-231.7128171",1.452775072,1.013456483,0.524414473,8.577595773,0,0.171143205,0.081610632,0.061778299,0.42703429836821,0.673011069414304,3,1281.10289510463,2019.03320824291
2011-06-04,"-300.1085226",0.424462753,0.585541238,0.293937803,8.276554157,0,0.08418955,0.095205196,0.058300737,0.433832843077924,0.687923431275657,3,1301.49852923377,2063.77029382697
2011-06-05,"-146.0329301",0.199802446,0.525227051,0.142531295,8.112308435,0,0.125946389,0.119116327,0.089845256,0.423795126507913,0.689896114703403,3,1271.38537952374,2069.68834411021
2011-06-06,"-236.7437874",1.32e-07,0.745903724,8.78e-08,7.890203764,0,0.053177492,0.050624459,0.035424039,0.425974183736528,0.718039662761131,3,1277.92255120958,2154.11898828339
2011-06-07,"-171.4456399",0.038795145,0.576858614,0.024879515,7.406945741,0,0.087792089,0.082419293,0.056301494,0.342914622871674,0.729619497194642,3,1028.74386861502,2188.85849158393
2011-06-08,"-184.2082566",0.303487746,0.728745156,0.205170994,7.171477633,0,0.174424097,0.156987361,0.117918321,0.236807805987489,0.607768564990425,NA,NA,NA
2011-06-09,"-231.9806233",0.29959969,0.036363635,0.120225194,7.036172014,0,0.1656439,0.072574693,0.066470596,0.208234644996022,0.595935021369482,3,624.703934988065,1787.80506410845
2011-06-10,"-178.5001511",1.56e-09,3.02e-11,2.44e-10,7.389932912,0,0.697095273,0.143553729,0.109079919,0.212909205417315,0.590341871586811,3,638.727616251946,1771.02561476043
2011-06-11,"-171.3268765",0.401037197,0.547420928,0.240536541,7.717390556,0,0.212857723,0.179158791,0.127669106,0.212909208762658,0.481681895131927,3,638.727626287973,1445.04568539578
2011-06-12,"-253.5021884",0.383726443,0.401281428,0.271214119,7.674329078,0,0.061676919,0.058799961,0.043592647,0.328780173787628,0.71553755582087,3,986.340521362884,2146.61266746261
2011-06-13,"-160.8272131",0.190205152,0.37872054,0.135107078,7.801411965,0,0.135147492,0.131866438,0.095998361,0.32609459606658,0.826815809287055,3,978.283788199739,2480.44742786117
2011-06-14,"-161.4009972",0.276620618,0.425147893,0.191838896,7.657941295,0,0.141780423,0.131662397,0.098326003,0.342027279663243,0.925908658487874,3,1026.08183898973,2777.72597546362
2011-06-15,"-247.3058006",1.43e-07,0.396437685,5.6e-08,7.664005927,0,0.064084023,0.044243516,0.025047953,0.335841474890354,0.953780915630649,NA,NA,NA
2011-06-16,"-199.1481272",3.946989821,1.704152623,0.710227927,7.719128709,0,0.908916092,0.218753471,0.163551876,0.322304709891646,1.17281101208989,NA,NA,NA
2011-06-17,"-164.3391004",0.383997932,1.206266077,0.211422861,7.381585604,0,0.167824206,0.12175299,0.092401211,0.349798526019333,1.47511715980362,4.05077624656531,1416.95556028267,5975.3695518334
2011-06-18,"-179.8983259",1.663340263,1.237550282,0.321278792,7.318296926,0,0.410568086,0.100719098,0.079302366,0.351567105420058,1.46857365679254,4.10911294965817,1444.6289455554,6034.53503065308
2011-06-19,"-128.5284238",0.665978412,1.193511244,0.069496235,7.183659227,0,1.294832827,0.186894438,0.135118503,0.415001035206711,1.47323265979535,4.15159839238436,1722.91763060203,6116.27034201454
2011-06-20,"-244.0269787",0.726721026,1.6844599,0.175751424,7.253552382,0,0.231125125,0.074824088,0.055895686,0.40661859754974,1.54809737580051,4.18996366999659,1703.71715127837,6486.47176222119
2011-06-21,"-170.4301698",3.86294496,2.718861486,0.410711527,7.189651753,0,1.394394281,0.197884454,0.148253162,0.365574648083302,1.50007704942565,4.18638745892879,1530.43712203824,6279.90374714244
2011-06-22,"-123.5982741",1.250191552,0.770542114,0.209714424,7.135433036,0,0.660638323,0.145218307,0.110819326,0.368524690300974,1.47101496699262,NA,NA,NA
2011-06-23,"-212.7935295",4.594815517,1.21361188,0.545484373,7.293078683,0,0.670772549,0.106284568,0.079632347,0.382766668326377,1.4717358616909,4.63080326083592,1772.51713582509,6815.31922740736
2011-06-24,"-138.008056",0.614237921,0.794006192,0.302695168,7.28983762,0,0.294551751,0.202315957,0.145154489,0.427933016192075,1.43128285384298,3.51122785985263,1502.57032860438,5025.56023174285
2011-06-25,"-140.1958417",0.775538549,1.017644449,0.46601142,7.727906209,0,0.222580413,0.169927306,0.133745788,0.437096131083917,1.27645013225712,1.8668550457201,815.995117778745,2382.9473700143
2011-06-26,"-184.1341735",0.434496186,0.699415236,0.291871305,7.885303731,0,0.119129115,0.102184456,0.08002457,0.423985389453152,0.813352769092725,0.963020951290849,408.306813084596,783.275757426723
2011-06-27,"-138.7583878",1.598850199,0.669314909,0.439186385,7.697840824,0,0.578509096,0.190874896,0.158910021,0.446047734244338,0.831828264204582,2.47484377989646,1103.89846063151,2058.64500560878
2011-06-28,"-202.5300546",1.157190925,0.747730459,0.57237074,7.864715157,0,0.160404769,0.1078396,0.079339541,0.444192290463718,0.721412476887112,3.7797127759314,1678.91927523595,2726.73195560653
2011-06-29,"-151.115161",0.216896989,0.44863524,0.155213594,7.969303912,0,0.119517866,0.115035778,0.085528147,0.453754181045428,0.707201047107707,NA,NA,NA
2011-06-30,"-180.1575608",0.127041337,0.462820756,0.068554064,7.885070643,0,0.097490968,0.069676203,0.05260809,0.467874022806653,0.68608587341871,0.95805774338964,448.250330480775,657.30988365904
2011-07-01,"-115.9452807",1.195591958,0.975195313,0.513318274,7.512063401,0,0.338057531,0.205277558,0.145142419,0.470549117358969,0.662257742548389,0.852407281159308,401.099493779871,564.513321752373
2011-07-02,"-258.2520413",0.705521674,0.692599952,0.502673414,7.393643379,0,0.065162423,0.060052323,0.046427231,0.454778955369928,0.683129393667495,1.68377600649368,765.745893310147,1150.23688238791
2011-07-03,"-139.1621592",0.635076137,0.552582922,0.465701772,7.256302359,0,0.212606587,0.200049241,0.155904558,0.435063384867825,0.786499762967857,2.01560531899726,876.916072640541,1585.2731056281
2011-07-04,"-203.4103503",0.783845314,0.806724306,0.549428208,7.253006444,0,0.121970505,0.111939915,0.085493955,0.434374220813606,0.828690181629833,3.77855835615817,1641.30834175494,3131.25421046363
2011-07-05,"-257.1843197",0.827867344,0.543334854,0.405139306,7.248279207,0,0.099671653,0.062472076,0.048777023,NA,NA,4.24106078646073,NA,NA
2011-07-06,"-214.5313543",0.415742693,0.802053286,0.274733743,7.236296952,0,0.099066747,0.085242104,0.06546592,NA,NA,NA,NA,NA
2011-07-07,"-265.6032183",1.264879315,1.141768051,0.442677895,7.035470292,0,0.134555428,0.066246161,0.047091223,NA,NA,NA,NA,NA
2011-07-08,"-209.1145911",0.41695843,0.98926676,0.28398865,6.957765361,0,0.116067644,0.101745019,0.079053189,NA,NA,NA,NA,NA
2011-07-09,"Error in FUN(X[[nexti]], ...) : too many NAs",NA,NA,NA,NA,NA,NA,NA,NA,NA,NA,NA,NA,NA
2011-07-10,"Error in FUN(X[[nexti]], ...) : too many NAs",NA,NA,NA,NA,NA,NA,NA,NA,NA,NA,NA,NA,NA
2011-07-11,"Error in FUN(X[[nexti]], ...) : too many NAs",NA,NA,NA,NA,NA,NA,NA,NA,NA,NA,NA,NA,NA
2011-07-12,"Error in FUN(X[[nexti]], ...) : too many NAs",NA,NA,NA,NA,NA,NA,NA,NA,NA,NA,NA,NA,NA
2011-07-13,"Error in FUN(X[[nexti]], ...) : too many NAs",NA,NA,NA,NA,NA,NA,NA,NA,NA,NA,NA,NA,NA
2011-07-14,"Error in FUN(X[[nexti]], ...) : too many NAs",NA,NA,NA,NA,NA,NA,NA,NA,NA,NA,2.6486011029812,NA,NA
2011-07-15,"Error in FUN(X[[nexti]], ...) : too many NAs",NA,NA,NA,NA,NA,NA,NA,NA,NA,NA,2.65453610656244,NA,NA
2011-07-16,"Error in FUN(X[[nexti]], ...) : too many NAs",NA,NA,NA,NA,NA,NA,NA,NA,NA,NA,2.65158731048096,NA,NA
2011-07-17,"Error in FUN(X[[nexti]], ...) : too many NAs",NA,NA,NA,NA,NA,NA,NA,NA,NA,NA,2.57786187670934,NA,NA
2011-07-18,"Error in FUN(X[[nexti]], ...) : too many NAs",NA,NA,NA,NA,NA,NA,NA,NA,NA,NA,2.63511610342647,NA,NA
2011-07-19,"Error in FUN(X[[nexti]], ...) : too many NAs",NA,NA,NA,NA,NA,NA,NA,NA,NA,NA,2.63342213445,NA,NA
2011-07-20,"Error in FUN(X[[nexti]], ...) : too many NAs",NA,NA,NA,NA,NA,NA,NA,NA,NA,NA,NA,NA,NA
2011-07-21,"Error in FUN(X[[nexti]], ...) : too many NAs",NA,NA,NA,NA,NA,NA,NA,NA,NA,NA,2.64237454375176,NA,NA
2011-07-22,"Error in FUN(X[[nexti]], ...) : too many NAs",NA,NA,NA,NA,NA,NA,NA,NA,NA,NA,2.64411553164916,NA,NA
2011-07-23,"Error in FUN(X[[nexti]], ...) : too many NAs",NA,NA,NA,NA,NA,NA,NA,NA,NA,NA,NA,NA,NA
2011-07-24,"Error in FUN(X[[nexti]], ...) : too many NAs",NA,NA,NA,NA,NA,NA,NA,NA,NA,NA,2.67644989678396,NA,NA
2011-07-25,"Error in FUN(X[[nexti]], ...) : too many NAs",NA,NA,NA,NA,NA,NA,NA,NA,NA,NA,2.66091837211486,NA,NA
2011-07-26,"Error in FUN(X[[nexti]], ...) : too many NAs",NA,NA,NA,NA,NA,NA,NA,NA,NA,NA,2.66285378071117,NA,NA
2011-07-27,"Error in FUN(X[[nexti]], ...) : too many NAs",NA,NA,NA,NA,NA,NA,NA,NA,NA,NA,2.6703504770371,NA,NA
2011-07-28,"Error in FUN(X[[nexti]], ...) : too many NAs",NA,NA,NA,NA,NA,NA,NA,NA,NA,NA,2.66758584550576,NA,NA
2011-07-29,"Error in FUN(X[[nexti]], ...) : too many NAs",NA,NA,NA,NA,NA,NA,NA,NA,NA,NA,NA,NA,NA
2011-07-30,"-35.13862089",3.638930158,1.433424295,1.482997972,7.617913711,0,0.775849038,0.380116673,0.316187039,NA,NA,3,NA,NA
2011-07-31,"-66.16122836",3.319867498,2.540396567,2.04489544,7.718245237,0,0.336573174,0.261643623,0.207314584,NA,NA,2.921875,NA,NA
2011-08-01,"-42.95294683",2.417511875,3.6e-08,0.715600303,7.29233053,0,0.520213519,0.148633574,0.153986814,NA,NA,3,NA,NA
2011-08-02,"Error in FUN(X[[nexti]], ...) : too many NAs",NA,NA,NA,NA,NA,NA,NA,NA,NA,NA,3,NA,NA
2011-08-03,"Error in FUN(X[[nexti]], ...) : too many NAs",NA,NA,NA,NA,NA,NA,NA,NA,NA,NA,NA,NA,NA
2011-08-04,"-110.9030506",1.166132348,0.471236356,0.702151771,7.259116114,0,0.231946349,0.180074674,0.139659568,NA,NA,2.40625,NA,NA
2011-08-05,"-70.06365993",0.682160024,0.224239229,0.402475835,7.620655717,0,0.331766554,0.233725324,0.195742958,NA,NA,2.5859375,NA,NA
2011-08-06,"-101.3792293",1.599703643,0.693569603,0.61963743,7.716175817,0,0.283838436,0.139624467,0.109943438,NA,NA,3,NA,NA
2011-08-07,"-103.5755432",1.262278733,0.619652948,0.694475955,7.862008207,0,0.202462229,0.142388502,0.111389938,NA,NA,3,NA,NA
2011-08-08,"-152.1008122",1.515508986,0.136950766,0.681731721,7.802527774,0,0.15303238,0.0849784,0.068839597,0.81582199706598,1.03807383534327,3,2447.46599119794,3114.2215060298
2011-08-09,"-253.0762522",2.691834992,1.42319028,1.003882474,7.87739984,0,0.132867651,0.062280988,0.049551145,0.851169807803437,1.07537465508603,3,2553.50942341031,3226.12396525809
2011-08-10,"-160.3826717",1.8826127,1.218699428,1.011058458,7.504055426,0,0.132118404,0.085651497,0.07095428,0.850055260726582,1.08648667494516,NA,NA,NA
2011-08-11,"-136.6918662",1.387005385,0.541852675,0.638386566,7.493562411,0,0.170946592,0.097560067,0.078680306,0.807033624389586,1.05043038965146,2.73951154276921,2210.87792941814,2877.66617732572
2011-08-12,"-135.0691536",1.611822847,0.842098481,0.748535007,7.718384217,0,0.200536155,0.120834181,0.093129547,0.779136799284764,1.07742437924337,2.68037520042102,2088.37895453829,2887.90158645295
2011-08-13,"-150.8502937",2.911748636,1.13793683,0.99667336,7.752128573,0,0.205507759,0.087849152,0.070344022,0.75942848757892,1.01105003840112,2.75401007387575,2091.47370518057,2784.44199094915
2011-08-14,"-108.7106423",0.373372979,3.41e-07,0.211530313,7.631187924,0,0.233939178,0.140471894,0.132535642,0.69606205721937,0.79324190067866,2.67257740479146,1860.27972645715,2120.00038028762
2011-08-15,"-231.0659706",0.569201845,0.212904441,0.344353282,8.042650571,0,0.054293942,0.04032102,0.032846515,0.650312499297172,0.690857860810254,2.60375891229812,1693.25696582387,1798.82731221591
2011-08-16,"-232.6564696",0.97346897,3.41e-08,0.55512406,8.00212716,0,0.069815138,0.039030684,0.039812325,0.665104495927819,0.687515427259528,2.65785589655726,1767.7519063285,1827.31693231582
2011-08-17,"-273.8043961",0.990785822,0.519509816,0.609344289,8.07036984,0,0.053971907,0.042430905,0.033193323,0.69612117896162,0.729471467334557,NA,NA,NA
2011-08-18,"-253.8827913",1.115340255,0.544776939,0.659698976,7.936092044,0,0.0593012,0.044422649,0.035075342,0.669851003560557,0.662154255238958,2.7343768426394,1831.62507215475,1810.57926178055
2011-08-19,"-218.9817614",1.807121379,0.733371494,0.668607301,7.9645409,0,0.157024601,0.078827013,0.058096703,0.658637876095872,0.641061498621502,2.75300411439524,1813.23278278848,1764.84494328537
2011-08-20,"-231.6404138",1.343083859,0.600204829,0.741077298,7.81999468,0,0.076339545,0.051134619,0.042122093,0.679356822463889,0.706030606854276,2.76705001157917,1879.81430346509,1953.62199887137
2011-08-21,"-240.2689607",1.465809344,0.908697333,0.857640975,7.842739031,0,0.05959762,0.043391285,0.034870402,0.686690764117918,0.702470601544461,2.78809823510634,1914.56130750099,1958.5570443802
2011-08-22,"-169.3269692",1.879780148,0.76334933,0.856104096,7.752209657,0,0.294764739,0.168082922,0.13424405,0.696218344824639,0.743131579356855,2.82128948071398,1964.23349253385,2096.58930762586
2011-08-23,"-203.4506076",1.042326743,0.336147238,0.315694712,8.035117421,0,0.170562817,0.063676612,0.051659213,0.676355080582823,0.738175379312079,2.83357946453009,1916.50586707008,2091.67859604042
2011-08-24,"-223.5804024",1.401368254,0.957925372,0.565756694,8.101763451,0,0.184115824,0.089465809,0.074330755,0.657274041164847,0.713798119162175,2.86140675863665,1880.72838366551,2042.46676247277
2011-08-25,"-146.3632661",0.364337481,0.059774686,0.217205356,7.744785806,0,0.186238694,0.12401153,0.111029043,0.639833864902211,0.73707795498644,2.44841974054827,1566.58186549787,1804.67621531175
2011-08-26,"-196.3647332",1.647546382,0.844776554,0.630962211,8.107854769,0,0.207175717,0.104730616,0.079342257,0.548275033132267,0.648057135285767,2.98832222421945,1638.42246649381,1936.60353993845
2011-08-27,"-244.3670909",0.884053979,0.278291756,0.506690627,7.879856833,0,0.063839551,0.045958858,0.036589284,0.486732526123582,0.663678541259393,2.90355738221112,1413.25581938839,1927.02872788882
2011-08-28,"-211.696354",0.558027673,0.242574518,0.24470986,8.076457037,0,0.132999932,0.067329083,0.05832398,0.505384515898955,0.695485972735561,2.81167582161045,1420.97742396939,1955.4810938098
2011-08-29,"-197.7673062",1.196628976,0.745542627,0.667787941,8.028371592,0,0.161272768,0.112863579,0.0899995,0.491623471548234,0.632337779742926,3.1658369758603,1556.3997644282,2001.87832434356
2011-08-30,"-140.8772628",1.193208856,0.522583242,0.604353657,7.982461463,0,0.240667842,0.148307226,0.121896925,0.509300530326603,0.625693235152736,2.86096707509439,1457.09204859252,1790.08774488127
2011-08-31,"-223.9148493",4.660363568,0.736150738,0.360501776,7.978184343,0,0.431466542,0.043874891,0.033376034,0.630837085035575,1.26184236625176,2.94020288143405,1854.78901513706,3710.07256116898
2011-09-01,"-121.244184",1.130810996,0.707534415,0.5193116,7.798475962,0,0.312222556,0.183332027,0.143384523,0.658731216764596,1.33140981166903,2.99132292036922,1970.47778707064,3982.67668605003
2011-09-02,"-163.4225319",0.10926501,0.031182303,0.032040826,7.955532547,0,0.17083312,0.066333441,0.050095033,0.690283496412482,1.33107313145701,2.50752272055289,1730.90155087699,3337.69611984593
2011-09-03,"-158.1323988",2.497707937,0.423397425,0.582240003,7.957122501,0,0.446786237,0.142442315,0.104150216,0.688019035565403,1.35872418274491,2.93944576281428,2022.39463882829,3993.89604180282
2011-09-04,"-163.8911987",3.511231857,2.256175182,1.033657892,8.106290088,0,0.19713037,0.075602409,0.058032443,0.658427641732235,1.32347381150845,3.98954807678792,2626.82873177684,5280.06239938272
2011-09-05,"-78.75272569",1.970613565,1.012852037,0.599159581,7.482084192,0,0.63819996,0.258318871,0.194042925,0.720721884945397,1.45479167550287,4,2882.88753978159,5819.16670201149
2011-09-06,"-113.6116587",0.005558991,0.398993159,0.003058229,7.305205707,0,0.107660992,0.094251385,0.059228723,0.742006675312862,1.46031748293661,3.92100694444444,2909.41332672587,5725.91499168807
2011-09-07,"-116.4214247",0.088203728,0.302708225,0.04468701,7.614204187,0,0.208348393,0.155637291,0.105556385,0.766010906894074,1.47914741955974,4,3064.0436275763,5916.58967823896
2011-09-08,"-174.429168",0.588094003,0.582944104,0.286697052,7.789775797,0,0.131816808,0.082967813,0.064260968,0.850328622737934,1.48357135977398,4,3401.31449095174,5934.28543909592
2011-09-09,"-134.5830393",0.532008806,0.412572168,0.269741396,7.804953903,0,0.241174345,0.157635425,0.122281255,0.752992865533959,0.80306940157546,4,3011.97146213584,3212.27760630184
2011-09-10,"-110.2701818",3.19e-07,0.33413368,1.6e-07,8.028772844,0,0.169301698,0.145239021,0.084836375,NA,NA,4,NA,NA
2011-09-11,"-96.03694228",1.823851268,1.546635163,0.860696945,8.283219733,0,0.488910082,0.289007931,0.23072244,NA,NA,3.48100097483739,NA,NA
2011-09-12,"-144.3658035",2.349837892,0.762345269,1.094249338,7.934146455,0,0.347038489,0.190585896,0.161605461,NA,NA,3.40096483697001,NA,NA
2011-09-13,"-184.4694551",1.939133526,0.947638706,0.846641857,8.102020113,0,0.145572064,0.080950946,0.063557976,NA,NA,3.92947523715528,NA,NA
2011-09-14,"Error in FUN(X[[nexti]], ...) : too many NAs",NA,NA,NA,NA,NA,NA,NA,NA,NA,NA,4,NA,NA
2011-09-15,"Error in FUN(X[[nexti]], ...) : too many NAs",NA,NA,NA,NA,NA,NA,NA,NA,NA,NA,4,NA,NA
2011-09-16,"Error in FUN(X[[nexti]], ...) : too many NAs",NA,NA,NA,NA,NA,NA,NA,NA,NA,NA,4,NA,NA
2011-09-17,"Error in FUN(X[[nexti]], ...) : too many NAs",NA,NA,NA,NA,NA,NA,NA,NA,NA,NA,4,NA,NA
2011-09-18,"Error in FUN(X[[nexti]], ...) : too many NAs",NA,NA,NA,NA,NA,NA,NA,NA,NA,NA,4,NA,NA
2011-09-19,"Error in FUN(X[[nexti]], ...) : too many NAs",NA,NA,NA,NA,NA,NA,NA,NA,NA,NA,4,NA,NA
2011-09-20,"Error in FUN(X[[nexti]], ...) : too many NAs",NA,NA,NA,NA,NA,NA,NA,NA,NA,NA,3.68055555555556,NA,NA
2011-09-21,"Error in FUN(X[[nexti]], ...) : too many NAs",NA,NA,NA,NA,NA,NA,NA,NA,NA,NA,NA,NA,NA
2012-05-23,"-157.9845097",0.876871623,0.59861631,0.291752239,8.859576169,0,0.400535909,0.181139247,0.133266085,NA,NA,NA,NA,NA
2012-05-24,"-243.9567444",2.11006404,1.101904359,0.923854907,8.612878575,0,0.17777169,0.097900783,0.077834248,NA,NA,1.55,NA,NA
2012-05-25,"-350.5361182",1.209625899,0.630636696,0.778710113,8.354310218,0,0.051797881,0.04396177,0.033345462,NA,NA,1.55,NA,NA
2012-05-26,"-155.7970483",2.257868997,0.746037259,0.792979271,8.468211983,0,0.451408824,0.188615842,0.158537914,NA,NA,1.55,NA,NA
2012-05-27,"-132.4309847",2.575036819,0.741145008,1.151422349,8.492972296,0,0.344951297,0.216545595,0.154244254,0.776056297219187,0.783190297648357,1.55,1202.88726068974,1213.94496135495
2012-05-28,"-153.725207",1.66849884,0.830119564,0.91121704,8.758629915,0,0.385187411,0.279596089,0.210362347,0.780670713581742,0.783460871281698,1.55,1210.0396060517,1214.36435048663
2012-05-29,"-273.1596095",1.093908404,0.542273885,0.440044406,8.507272036,0,0.299046196,0.173355896,0.120296732,0.722460112788038,0.689241459130087,1.55,1119.81317482146,1068.32426165164
2012-05-30,"-280.7729518",2.087288348,0.860752802,0.686219237,8.33226028,0,0.100976649,0.044082193,0.033197195,0.690689783814782,0.706247455939223,NA,NA,NA
2012-05-31,"-229.7334188",0.907296116,0.426798722,0.622570843,8.366991276,0,0.121935018,0.108786421,0.083669692,0.666589261934387,0.685615181426814,2.41337366271573,1608.72896860157,1654.64562161354
2012-06-01,"-197.0240358",0.969934598,0.654563556,0.670907129,8.679939606,0,0.158047698,0.142267155,0.109322141,0.615405945980308,0.684431151803915,1.92382633562791,1183.93416597893,1316.72667476452
2012-06-02,"-292.7812497",0.563092382,0.472811581,0.291196187,8.643993841,0,0.085379002,0.060914815,0.044152683,0.612087382672663,0.657946416795166,2.16480379505205,1325.04908891326,1424.32490001908
2012-06-03,"-174.4995489",0.886641774,0.705774831,0.580544095,8.467207931,0,0.15405241,0.132635132,0.10086849,0.600064808605993,0.632362944990782,1.85982706151155,1116.01676970618,1176.085717791
2012-06-04,"-184.9948096",1.124949776,0.22577312,0.483819025,8.380362733,0,0.208971747,0.116953237,0.089874685,0.583682998124885,0.501329182301819,1.55,904.708647093572,777.060232567819
2012-06-05,"-150.7107488",1.35190933,0.725537879,0.740842557,8.406670685,0,0.308516084,0.226204534,0.169065957,0.589468477509464,0.501016734309819,1.55,913.676140139669,776.57593818022
2012-06-06,"-169.2476612",1.138408152,0.424727224,0.736528729,8.335481077,0,0.130909223,0.113104392,0.084695813,0.676923557562535,0.480654132658025,NA,NA,NA
2012-06-07,"-258.5296792",0.816571087,0.371127127,0.458429813,8.466309999,0,0.081935903,0.059056249,0.045999499,0.70480282043133,0.482570525732459,2.26074458434682,1593.37915932249,1090.96870261505
2012-06-08,"-282.5240739",1.860212769,0.43886449,0.660524092,8.348535869,0,0.160526218,0.07605017,0.056999627,0.726649640254819,0.421415455144611,2.30072469124907,1671.82076922152,969.560942925173
2012-06-09,"-218.0983141",0.910362989,0.041715277,0.639579311,8.351483271,0,0.072661864,0.062927873,0.051048895,0.726226489887743,0.434446217676911,2.11317323849582,1534.64238351753,918.060120760577
2012-06-10,"-231.7742476",1.505554793,1.85e-09,1.031452452,8.405221212,0,0.086436699,0.065096272,0.059217603,0.717955911035051,0.387503219962698,1.98458411720628,1424.84389789453,769.032735704262
2012-06-11,"-364.4806259",1.147495706,0.000466198,0.692055457,8.320488606,0,0.033782171,0.024271572,0.020374051,0.712534909407474,0.378996069775997,2.21716146442497,1579.80494319579,840.295481075857
2012-06-12,"-295.5507958",1.316225605,0.406864664,0.790047053,8.397669358,0,0.053649765,0.043824817,0.032202564,0.729913374812089,0.38118624942153,2.38923600749103,1743.93531745034,910.743912678377
2012-06-13,"-218.5094756",0.849576047,8.19e-10,0.593259543,8.528231506,0,0.08310552,0.065707172,0.058032642,0.715786263919959,0.343346519605482,NA,NA,NA
2012-06-14,"-241.2366832",0.833481717,0.338777793,0.090758056,8.657913757,0,0.521607667,0.059731987,0.056798004,0.716949261079904,0.344080469291816,1.92712488542148,1381.65076261162,663.086034959759
2012-06-15,"-101.2425475",1.08442128,0.297114924,0.525194263,8.330950102,0,0.40721656,0.25393951,0.197218374,NA,NA,1.8922655286319,NA,NA
2012-06-16,"-40.18914725",0.897014146,5.31e-08,0.270585563,8.405636045,0,0.759876584,0.237042037,0.229217827,NA,NA,1.5757697148571,NA,NA
2012-06-17,"-286.4448395",0.855010789,0.045212921,0.577052125,8.531675347,0,0.052142538,0.04446447,0.035191325,NA,NA,1.67313199597207,NA,NA
2012-06-18,"-183.3154163",1.405140693,0.228899485,0.563571682,8.638761058,0,0.259910592,0.140719589,0.104244543,NA,NA,1.64171075669881,NA,NA
2012-06-19,"Error in FUN(X[[nexti]], ...) : too many NAs",NA,NA,NA,NA,NA,NA,NA,NA,NA,NA,1.55,NA,NA
2012-06-20,"Error in FUN(X[[nexti]], ...) : too many NAs",NA,NA,NA,NA,NA,NA,NA,NA,NA,NA,NA,NA,NA
2012-06-21,"-216.5514657",1.576663564,0.865441754,0.894500365,8.190279434,0,0.106892331,0.080881318,0.060644028,NA,NA,1.55,NA,NA
2012-06-22,"-177.657895",1.875922198,0.890531139,1.000365475,8.023481139,0,0.17633831,0.115637729,0.09403522,NA,NA,1.56519667551149,NA,NA
2012-06-23,"-156.550995",2.543972887,0.872017822,0.751779321,8.004408545,0,0.269807536,0.095888394,0.079731874,NA,NA,2.18711329174072,NA,NA
2012-06-24,"-158.9415267",2.059628149,1.152913785,1.211270175,7.996153906,0,0.166044066,0.135306786,0.097650746,NA,NA,2.24056957066593,NA,NA
2012-06-25,"-123.3522185",1.905172729,1.038817145,1.37483747,7.945499174,0,0.229562529,0.216519973,0.165660132,0.959169686588284,0.899829552913641,2.02683211136885,1944.07592102873,1823.80343260404
2012-06-26,"-160.5959931",0.611333372,0.073606462,0.432503502,8.256476759,0,0.155744433,0.132997381,0.110185401,0.931062100338223,0.86546425878908,1.825036659859,1699.22246572258,1579.50400008777
2012-06-27,"-151.3720279",1.248941041,0.667641381,0.825582986,8.316996028,0,0.146027565,0.127507217,0.096528074,0.900814685942301,0.841893600435059,NA,NA,NA
2012-06-28,"-180.7544071",1.567845715,0.707329477,0.84617722,8.226093468,0,0.292907909,0.208367609,0.158084432,0.89867700315398,0.820906429081393,2.32343203035187,2088.01493406859,1907.32029124949
2012-06-29,"-134.5006295",1.270318207,0.937004592,0.915381596,8.09020186,0,0.191115329,0.178009972,0.137716246,0.793577390885093,0.731522369943997,2.34143107554774,1858.10676387045,1712.80920944521
2012-06-30,"-178.5650929",0.749015216,0.403003197,0.498018657,7.933965802,0,0.116347026,0.098125947,0.077358895,0.763441578933446,0.662617055535971,2.32575009634539,1775.57432575854,1541.08168075288
2012-07-01,"-95.6376489",0.750287072,0.423137413,0.537173239,7.783353303,0,0.24596086,0.229346858,0.176097386,0.754086497683196,0.641444688794971,2.24982471635526,1696.56244075743,1443.13811502573
2012-07-02,"-104.1058392",0.81464156,0.093228051,0.503331379,7.688523514,0,0.211593065,0.156420742,0.130734098,0.733659196204245,0.67384058997027,2.11839651924219,1554.1810875491,1427.46156031713
2012-07-03,"-176.9099075",1.061580467,0.795685519,0.689377085,7.642293977,0,0.114129332,0.097542154,0.074114161,0.712747012686013,0.65535645668578,2.22459187966505,1585.57121667682,1457.90065182924
2012-07-04,"-164.1146462",1.952258374,0.546305856,1.06149304,7.330144533,0,0.170936058,0.118884696,0.092942327,0.719902334608203,0.669118880044521,NA,NA,NA
2012-07-05,"-231.6616876",0.786695926,0.250817517,0.493482882,7.416933545,0,0.11327343,0.095233198,0.071054771,0.729776960002424,0.682822600441465,2.20496661951858,1609.13383649909,1505.6010410263
2012-07-06,"-195.4342053",1.592121585,0.832160984,0.669357766,7.309780574,0,0.217236022,0.116772372,0.091330097,0.729148381080151,0.681285108208495,2.29938959447354,1676.59620028293,1566.53988868439
2012-07-07,"-244.6131102",1.052053361,0.597852029,0.67064968,7.089255883,0,0.080890401,0.066015316,0.05156499,0.723303370385818,0.719856165576863,2.33584458458349,1689.5242607267,1681.47212604175
2012-07-08,"-228.8413352",1.26386065,0.840371802,0.837793038,7.254929367,0,0.083434631,0.071703023,0.055307484,0.726346388626227,0.744312080500574,2.35089103599351,1707.56121404766,1749.79659803048
2012-07-09,"-185.5285527",1.032668502,0.610992906,0.645894705,7.245667372,0,0.11758044,0.094125604,0.073542074,0.654165367763459,0.743868056133147,2.36003851501281,1543.85546310928,1755.55726256193
2012-07-10,"-110.8215659",0.981032872,0.512525813,0.607178276,7.243585541,0,0.188388133,0.155406221,0.116596686,0.640602877181792,0.801296803160691,2.35599787885596,1509.25901982932,1887.85356858065
2012-07-11,"-178.5518232",0.624898204,0.946864146,0.41632324,7.492965424,0,0.145294615,0.126677045,0.096799006,0.651625221376206,0.801817902865592,NA,NA,NA
2012-07-12,"-162.7636038",1.157912318,0.960183589,0.714772037,7.1694942,0,0.139541092,0.109095682,0.086137844,0.662329312124664,0.845534813496182,2.36385946766713,1565.65341517935,1998.72547412511
2012-07-13,"-171.891258",0.697784351,0.568519626,0.423772189,7.172683481,0,0.139309435,0.106616744,0.084604168,0.606120577911378,0.87409712599686,2.3623268214425,1431.85489822828,2064.90308528819
2012-07-14,"-192.7989555",0.988701724,0.924017826,0.464176921,7.220542986,0,0.086108149,0.053819262,0.040426161,NA,NA,2.37815036589651,NA,NA
2012-07-15,"-137.8459337",1.26454302,0.837392011,0.768245011,6.928405971,0,0.148076575,0.116327167,0.089960632,NA,NA,2.34878732191035,NA,NA
2012-07-16,"-181.9442668",1.641856816,1.051816815,0.838832628,7.156082268,0,0.30120321,0.196696276,0.153886184,NA,NA,2.37911439423447,NA,NA
2012-07-17,"-199.8283482",1.939073087,1.097959748,0.47990847,7.082337388,0,0.444996457,0.145870613,0.110133842,NA,NA,2.40328197488949,NA,NA
2012-07-18,"Error in FUN(X[[nexti]], ...) : too many NAs",NA,NA,NA,NA,NA,NA,NA,NA,NA,NA,NA,NA,NA
2012-07-19,"-234.4450802",0.988460346,0.508453939,0.633690258,6.902718882,0,0.109159022,0.094643861,0.06998056,NA,NA,2.2214188670364,NA,NA
2012-07-20,"-335.8876758",0.671214341,0.326701331,0.453775853,7.244834127,0,0.042880128,0.037595726,0.0289892,NA,NA,2.06763446670697,NA,NA
2012-07-21,"-314.3632623",0.57552823,0.329267564,0.367754945,7.440214607,0,0.036964209,0.032629393,0.023619642,NA,NA,1.80368786393523,NA,NA
2012-07-22,"-318.1809407",0.474715336,0.04446502,0.321764692,7.398181233,0,0.03978612,0.03464884,0.026967253,NA,NA,1.6664327590491,NA,NA
2012-07-23,"-276.3028436",0.847476205,0.647759304,0.584245388,7.520292909,0,0.050850809,0.044967241,0.035056265,0.596948177342264,0.858181843730664,1.55,925.269674880509,1330.18185778253
2012-07-24,"-252.5981129",0.63263333,0.249584232,0.43741191,7.30407281,0,0.080325723,0.0691854,0.055538376,0.585762594052863,0.868058282281724,1.55,907.932020781937,1345.49033753667
2012-07-25,"-189.1649767",2.714261614,1.119226119,0.533533358,7.277825492,0,0.4417987,0.123347972,0.086842898,0.604661770416344,0.923663309739016,NA,NA,NA
2012-07-26,"-163.5876481",2.49220002,1.426054105,0.896395888,7.035469068,0,0.325094108,0.159846146,0.116930029,0.661921510805475,1.02434032973502,2.18327155779787,1445.15440803619,2236.41310741576
2012-07-27,"-165.7583853",2.911498111,1.797307105,1.333939253,6.867002362,0,0.25782451,0.158180335,0.118125522,0.703633709128348,1.01265267067855,2.69465620192818,1896.05093818844,2728.7507994431
2012-07-28,"-140.5357638",0.495171413,0.371968113,0.342331254,6.831241581,0,0.170905855,0.152148502,0.118153864,0.743475928779734,1.02978645529821,2.26257927619403,1682.17322880613,2329.97349266304
2012-07-29,"-186.6636239",0.767092184,0.524168587,0.450727919,7.172801967,0,0.213421576,0.16084673,0.12540222,NA,NA,2.12268282852703,NA,NA
2012-07-30,"-325.3526247",1.404443316,1.005655195,0.67072214,7.355607357,0,0.05916437,0.035749572,0.028255218,NA,NA,2.29379794039196,NA,NA
2012-07-31,"-220.4263261",0.987280166,0.699982875,0.612852792,7.159997541,0,0.123293026,0.099187358,0.076533974,NA,NA,2.23806834230574,NA,NA
2012-08-01,"-284.9527987",1.654728627,0.783401442,0.784907884,7.200971204,0,0.080879973,0.048364611,0.038364797,NA,NA,NA,NA,NA
2012-08-02,"Error in FUN(X[[nexti]], ...) : too many NAs",NA,NA,NA,NA,NA,NA,NA,NA,NA,NA,2.44870407278029,NA,NA
2012-08-03,"Error in FUN(X[[nexti]], ...) : too many NAs",NA,NA,NA,NA,NA,NA,NA,NA,NA,NA,2.44189862760772,NA,NA
2012-08-04,"Error in FUN(X[[nexti]], ...) : too many NAs",NA,NA,NA,NA,NA,NA,NA,NA,NA,NA,2.46425861218769,NA,NA
2012-08-05,"Error in FUN(X[[nexti]], ...) : too many NAs",NA,NA,NA,NA,NA,NA,NA,NA,NA,NA,2.50824941692455,NA,NA
2012-08-06,"Error in FUN(X[[nexti]], ...) : too many NAs",NA,NA,NA,NA,NA,NA,NA,NA,NA,NA,2.49343800686819,NA,NA
2012-08-07,"Error in FUN(X[[nexti]], ...) : too many NAs",NA,NA,NA,NA,NA,NA,NA,NA,NA,NA,2.47403471900759,NA,NA
2012-08-08,"Error in FUN(X[[nexti]], ...) : too many NAs",NA,NA,NA,NA,NA,NA,NA,NA,NA,NA,NA,NA,NA
2012-08-09,"-246.534034",3.32188929,1.091643529,0.573411149,7.244469691,0,0.332459234,0.070673792,0.057387774,NA,NA,2.57819900172972,NA,NA
2012-08-10,"-189.5712083",1.285778981,1.044088689,0.806337893,7.04169348,0,0.123581514,0.099079421,0.077500456,NA,NA,2.6858760015899,NA,NA
2012-08-11,"-152.1738816",0.716045628,0.607883503,0.444297859,7.324486045,0,0.225173439,0.174724046,0.13971746,NA,NA,2.73524960561259,NA,NA
2012-08-12,"-151.5856587",0.814140985,0.456525028,0.335021842,7.508779967,0,0.262369879,0.138552753,0.107966116,NA,NA,2.75458490104461,NA,NA
2012-08-13,"-162.6873096",0.753481252,0.670226814,0.359638694,7.802684749,0,0.207319115,0.124917457,0.09895399,0.697867997800106,0.868916963887247,2.73737493366402,1910.32636418431,2378.55151638039
2012-08-14,"-107.7426839",0.745015815,0.63402638,0.328067197,7.814017879,0,0.321201458,0.182650202,0.141440839,0.722593866516288,0.829560372372967,2.74382077047083,1982.66805956222,2276.16498007647
2012-08-15,"-137.0111497",1.744348332,0.199219203,0.922371423,7.706829193,0,0.38129982,0.24509538,0.201622607,0.71527085314794,0.802244398074289,2.67774744098752,1915.31469662985,2148.20788399
2012-08-16,"-296.9",2.476237273,0.909602297,0.711667153,8.400124527,0,0.110001156,0.041781928,0.031614179,0.752605432983718,0.850514312783398,2.76290225828282,2079.37525038663,2349.88791549111
2012-08-17,"-258.9179232",1.309621117,0.78523358,0.817538258,8.067457537,0,0.056040538,0.044422607,0.034983617,0.780232347322633,0.861530401627674,2.81949763097284,2199.86325488454,2429.08292640031
2012-08-18,"-180.5074128",1.853825806,0.921050636,0.781764779,8.174500089,0,0.194556622,0.101933206,0.082045203,0.790555942862317,0.869947150691787,2.87938052880198,2276.31138880645,2504.9088867887
2012-08-19,"-204.6358797",1.531711197,0.852227963,0.745409381,8.23229206,0,0.134812376,0.087342255,0.06560663,0.805836895681867,0.897524271227778,2.93898788172268,2368.34487105403,2637.81295669042
2012-08-20,"-155.5647325",2.065942371,1.164911177,0.984770167,8.22979916,0,0.224120805,0.132704242,0.106831384,0.795297711358302,0.901450348836535,2.99710367620671,2383.58969439075,2701.7401544158
2012-08-21,"-130.0279425",1.706466939,0.719941741,0.977295986,8.103398859,0,0.30726856,0.224725482,0.175973131,0.815650086161725,0.896661031968997,3.04071998421189,2480.16351711611,2726.49511897219
2012-08-22,"-123.9374774",1.037267615,0.742552286,0.604012458,8.47778685,0,0.31430682,0.236898863,0.183024353,0.803303995740429,0.944916551571823,3.07612219233328,2471.06124848714,2906.67877419312
2012-08-23,"-121.4989083",6.596266466,1.09824947,0.853405716,8.296293355,0,1.068538023,0.179746969,0.138244333,0.798648853342966,0.97260300754591,3.43449483645224,2742.95536294492,3340.40000733435
2012-08-24,"-118.2871622",1.334416847,0.806258793,0.638947513,8.368014887,0,0.489626597,0.300260509,0.234443755,0.805060566769193,0.970481981370669,3.62875066225906,2921.36406482236,3521.6371326093
2012-08-25,"-95.39277628",1.460425145,0.860124819,0.671531879,8.462463967,0,0.486180879,0.281303358,0.223555421,0.747084089784952,0.907037670951121,3.6461033482578,2723.94580119504,3307.15308905083
2012-08-26,"-93.96944911",1.452479665,1.021770431,0.548528946,8.610168723,0,0.633816561,0.329053491,0.239360824,0.689502473775231,0.910734867363296,3.65068275302467,2517.15478917908,3324.8040728614
2012-08-27,"-135.7923381",1.346635953,1.094822196,0.733288164,8.449279276,0,0.215554393,0.150829296,0.117376552,0.71832449636773,0.959923667368675,3.6469859901756,2619.71937465306,3500.82816653154
2012-08-28,"-181.7417097",1.429885525,0.83791388,0.772811421,8.22484354,0,0.128820281,0.088600531,0.069623604,0.70617125535714,0.925988851548301,3.64369299092909,2573.07125354041,3374.01908806503
2012-08-29,"-111.5961563",0.788463525,0.265876009,0.426346868,8.244807414,0,0.368964909,0.241835935,0.199510856,0.693995432936422,0.905356559195674,3.65462851629836,2536.29549939028,3308.74189865428
2012-08-30,"-129.2522878",1.355956573,0.816582268,0.407130669,8.455487724,0,0.45005266,0.16476234,0.135129874,0.735053614288785,1.08945522667435,3.65058988283706,2683.37928766546,3977.15422830134
2012-08-31,"-157.2028057",1.435674686,1.108429076,0.811308738,8.199197312,0,0.172167647,0.123886142,0.097293013,0.777873733599464,1.13251035109082,3.64864476886069,2838.18492893182,4132.12796818812
2012-09-01,"-122.5783482",1.378970726,0.798170122,0.775937252,8.051879497,0,0.26602182,0.191966351,0.149688631,0.77152413729213,1.15953593260819,3.64310706204781,2810.7450331093,4224.3135447831
2012-09-02,"-160.6621971",1.040530353,0.325483715,0.528061928,8.084765346,0,0.251596028,0.158755713,0.127683237,0.81937922412908,1.25594959352525,3.64614444815679,2987.57500899326,4579.37363759686
2012-09-03,"-110.7859466",2.581455271,1.955643985,1.019613881,8.369958927,0,0.438472996,0.228431356,0.173186481,0.861021362202444,1.29857904075743,3.64463737187215,3138.1106346633,4732.84970227442
2012-09-04,"-16.15031885",2.496337079,1.656602813,1.26093453,7.860686297,0,0.780960483,0.484665136,0.394473987,0.866519334073218,1.32071574882248,3.65395865979026,3166.22582461253,4825.84074753129
2012-09-05,"-69.69765835",1.815416536,1.398030531,0.479909143,8.24900758,0,0.959896697,0.379320891,0.253750692,0.990022609227079,1.49979203895454,3.64095583591541,3604.62859675353,5460.676576891
2012-09-06,"-85.44451473",2.337967449,1.371581429,1.162086721,7.700955593,0,0.491260426,0.308758577,0.244180995,1.00910001482328,1.52170038310618,3.63004771373348,3663.08120173767,5523.84499668194
2012-09-07,"-159.6258628",2.93335551,1.350344328,0.925414589,7.803798407,0,0.279378333,0.111663441,0.088138238,0.997541168915152,1.50077469908629,3.62032415325261,3611.42238768736,5433.29089169253
2012-09-08,"-124.5946074",2.668691593,1.126673769,0.625572815,7.497892343,0,0.570955699,0.163084529,0.133838756,0.965367799314346,1.41538317814052,3.60196241084481,3477.21852577025,5098.15700460423
2012-09-09,"-145.9446675",2.795333039,1.846464265,1.283772228,7.380213192,0,0.182156622,0.102982713,0.083656441,0.948247825432594,1.39439750573192,3.59658902148305,3410.45771859604,5015.07476069878
2012-09-10,"-148.4485477",1.95006932,0.618307197,0.970502103,7.321954665,0,0.507030124,0.344222332,0.252336569,0.994095918994934,1.3806846961791,3.59313818153376,3571.92400264759,4960.99089850045
2012-09-11,"-191.197272",1.350186167,0.397150961,0.440582624,7.841156739,0,0.292773202,0.118986335,0.095535555,0.967829930834606,1.36296087474437,3.59087598787662,3475.35725898228,4894.22347753486
2012-09-12,"-109.7273126",4.563925535,1.328981341,0.320552381,7.904369784,0,2.042418295,0.167941873,0.143451518,NA,NA,3.58100250453018,NA,NA
2012-09-13,"-57.17540313",2.543475802,1.258728518,0.987656382,7.455341185,0,0.799453404,0.432430369,0.310435529,NA,NA,3.57137503683482,NA,NA
2012-09-14,"-158.9382344",2.357462456,1.318103431,1.100134412,7.772217628,0,0.18276287,0.106741248,0.085288197,NA,NA,3.57086735573264,NA,NA
2012-09-15,"-65.95573968",1.372056701,0.602820259,0.659459044,7.795447936,0,0.599846706,0.382907223,0.288307571,NA,NA,3.57245616019507,NA,NA
2013-06-13,"-142.1463767",1.36e-08,0.763546776,4.13e-09,7.933689572,0,0.107873292,0.060174121,0.032692649,NA,NA,0.830181639767781,NA,NA
2013-06-14,"-66.50114101",0.275863735,0.887418571,0.177225974,7.65316617,0,0.269794446,0.232642831,0.173326819,NA,NA,0.897622271017469,NA,NA
2013-06-15,"-169.6279482",7.82e-07,0.827400485,1.2e-07,7.600531963,0,0.366276947,0.088732911,0.056065046,NA,NA,0.893623723801442,NA,NA
2013-06-16,"-271.9508755",0.231585582,0.7310591,0.129654153,7.458229008,0,0.091518267,0.064891297,0.051236883,NA,NA,1.54087454504696,NA,NA
2013-06-17,"-221.5379958",0.577266269,1.079869195,0.281383632,7.492603715,0,0.160539248,0.104259799,0.078253518,0.291048817799783,0.855689275036255,1.79270434738707,521.764480971538,1533.99788336998
2013-06-18,"-190.7387313",0.000810939,0.564242491,0.000567152,7.427522767,0,0.084602365,0.086171666,0.059168955,0.291048801482466,0.870484430036728,1.73438124641739,504.789583083448,1509.75187075404
2013-06-19,"-101.4388744",0.844568177,1.372161205,0.505818919,7.579329079,0,0.427506375,0.340933392,0.256037131,0.386484590001668,0.92471266195975,1.68033796081096,649.424727848262,1553.82978873352
2013-06-20,"-138.4787062",0.06085479,0.614396495,0.014834919,7.517448172,0,0.431535742,0.144741536,0.105197925,0.549483262189062,1.0506506723856,1.81171336406032,995.506169435385,1903.47786411995
2013-06-21,"-79.53742937",3.21914776,1.259928052,0.412632148,7.402447641,0,2.211424985,0.408097025,0.283461683,0.732294014461071,1.17750123702246,1.87574514442221,1373.59694191481,2208.69222789603
2013-06-22,"-102.3921581",3.29e-07,0.781806253,7.91e-08,7.203008947,0,0.451294012,0.17777971,0.10866439,0.794956028973315,1.15466398334805,1.87984491549461,1494.39404910727,2170.58921820158
2013-06-23,"-72.56520574",1.29033412,1.58779787,0.703828875,7.539750441,0,0.505455478,0.356622657,0.275707009,0.751827962746735,1.23686600546901,1.71791703855955,1291.57806726813,2124.8331852103
2013-06-24,"-121.8246756",1.318315763,1.576804545,0.83656107,7.50971466,0,0.189369827,0.160000823,0.120168043,0.827519166533385,1.34527203703629,1.34693341362772,1114.61321582118,1811.99185710321
2013-06-25,"-58.11338769",1.681837078,1.585507421,1.103767484,7.318007207,0,0.31408787,0.274420863,0.206131725,0.960115420138658,1.52654979983108,1.04579232615486,1004.08133860395,1596.45406615658
2013-06-26,"-46.20020375",0.139901072,0.853586651,0.058334861,7.25403103,0,0.221522492,0.129846167,0.092368726,0.98706472612699,1.59742907226708,NA,NA,NA
2013-06-27,"-122.5289201",1.375780534,1.182880786,0.56856328,7.03641335,0,0.303703313,0.168241414,0.125510245,0.964228739250491,1.66319994866499,1.20146755564907,1158.48954643387,1998.28077687818
2013-06-28,"-103.1357897",3.944102016,2.091223022,1.052212466,6.843049864,0,0.769956002,0.285273707,0.205409825,0.968161124301991,1.65279543381135,1.74077033666072,1685.34616629299,2877.13726374708
2013-06-29,"-88.99380657",3.447107273,2.255957603,1.45159363,6.674436297,0,0.49629852,0.289168613,0.208993719,0.99521602609398,1.68254089605695,1.85166902340058,1842.81068711004,3115.50885783331
2013-06-30,"-31.19507683",1.478175344,2.196303118,1.010243541,7.066321653,0,0.503309563,0.446018423,0.343981678,0.920648200788558,1.67678951995612,1.83236740794209,1686.96575730548,3072.49446634646
2013-07-01,"-46.41234272",0.810760992,1.651672354,0.565296345,7.173652156,0,0.404260562,0.367051474,0.281867308,0.908547756187394,1.72087737836731,1.77688849332298,1614.38805360379,3057.80721204069
2013-07-02,"-11.82961181",0.927775621,1.263375922,0.621676028,7.066887751,0,0.607525372,0.549450569,0.407085454,0.926742135528113,1.67772871017809,1.6962070869526,1571.94657806037,2845.77532818791
2013-07-03,"-112.3550148",1.394744641,1.73781089,0.979749996,7.332873257,0,0.165811895,0.153315419,0.116475948,0.880115150911305,1.60762001710408,NA,NA,NA
2013-07-04,"-155.24025",0.992474063,1.602446594,0.617877823,7.316976233,0,0.16572618,0.138762969,0.10317502,0.909449527934537,1.56067961191335,1.68945370039921,1536.47287029532,2636.69594548462
2013-07-05,"-159.096959",0.435170959,1.043130609,0.28351932,7.135275505,0,0.272548147,0.24305175,0.177568525,0.887961255353513,1.48967748959878,1.65379010280849,1468.50153578104,2463.61388867505
2013-07-06,"-142.55522",0.163800249,1.029893033,0.09376131,7.129367399,0,0.149641068,0.10912842,0.085656418,1.05392090591072,1.67046010539349,1.72750150590643,1820.64995206704,2885.72234762387
2013-07-07,"-6.996753778",0.93989933,1.36384563,0.439358553,7.13627216,0,0.531304553,0.367554471,0.248359789,1.22429052953292,1.71337903244457,1.78477069088961,2185.07785424407,3057.98867949186
2013-07-08,"31.54817598",3.443240006,2.351501139,2.126267656,7.27286858,0,0.889114671,0.711147329,0.549045597,1.27637707877632,1.68333055084036,1.75083688801469,2234.72807253801,2947.23722313338
2013-07-09,"-52.31182427",3.970577349,1.363725499,0.778646762,7.193135104,0,1.617227362,0.381211539,0.317145024,1.37651835245164,1.6701663015894,1.8646730157068,2566.75662744176,3114.31403431658
2013-07-10,"-17.79095743",4.446792046,3.524097393,2.018204363,7.336104961,0,1.132409688,0.674918456,0.513951214,1.40186177953181,1.79244865154738,NA,NA,NA
2013-07-11,"3.022157526",3.00851375,2.069819616,2.101056166,6.702432622,0,0.613396105,0.56140751,0.428377523,1.51058761704216,2.27968819926308,1.87171468479027,2827.38902548015,4266.9258793038
2013-07-12,"-55.50623505",0.415902052,1.153695847,0.276293842,7.504007507,0,0.575189962,0.57178612,0.382112672,1.54421255276992,2.32543274113651,1.88564481582743,2911.83639466625,4384.94019287943
2013-07-13,"-102.9655662",0.550859734,1.440836049,0.323129347,7.351501212,0,0.304385688,0.236341428,0.178549896,1.39413283455968,2.27905952975947,1.88124268503298,2622.7021969797,4287.4640691147
2013-07-14,"-27.76964743",1.111146007,2.234727209,0.647582838,7.377229646,0,0.68461649,0.537159974,0.398998769,1.41590977692071,2.29579076067,1.83840814753764,2603.02007006923,4220.60043945736
2013-07-15,"23.84111263",2.919807946,3.827187472,1.778680088,7.186255359,0,0.909650503,0.714717386,0.55413824,1.26929193359232,2.17768513570391,1.77923513342451,2258.36880281979,3874.61390298071
2013-07-16,"-32.65103211",0.872032343,1.581031238,0.513948612,7.040658542,0,0.789721566,0.62954943,0.465437212,1.15776731612569,2.33921969350401,1.73328334345705,2006.73880463962,4054.53053143721
2013-07-17,"-41.87822068",1.819549289,1.813578734,1.10365773,6.902118819,0,0.743410301,0.591669297,0.450919648,1.19663451452466,2.34027532473302,NA,NA,NA
2013-07-18,"-85.61377573",2.054133211,1.685346702,1.149249016,6.768422782,0,0.506687494,0.375867993,0.283482153,1.19115669986295,2.40019708256386,1.76275860004068,2099.72171667948,4230.96804908198
2013-07-19,"-101.4510586",2.050768369,2.438433287,1.187740953,6.878924667,0,0.304582592,0.234802287,0.176404719,1.3971705740214,2.77045351613216,1.9208297573206,2683.72681463302,5321.56955506014
2013-07-20,"-105.8652728",1.923591679,2.686826665,1.311419314,6.489697285,0,0.178163037,0.162351619,0.121463641,1.37212321967673,2.7321057971476,1.94978270868681,2675.34212791337,5327.0126415814
2013-07-21,"-40.78004232",2.336443051,1.963168919,1.309792127,6.239825913,0,0.44229061,0.316850884,0.247944737,1.47194533619735,2.7458363084951,1.95652781546947,2879.90199312068,5372.30511429667
2013-07-22,"-80.35167431",1.195613024,2.149201279,0.433827355,6.697735986,0,0.510436514,0.232004622,0.185211535,1.45263658218045,2.80226876635914,1.98633095004298,2885.41700234968,5566.23318095792
2013-07-23,"8.442057564",4.213642945,4.792914576,2.362574968,6.29696222,0,0.623124765,0.467926086,0.349383892,1.41745445452298,2.77040951597368,2.01171554480473,2851.51516021658,5573.2758887592
2013-07-24,"118.0959353",4.275148605,3.681917186,1.507666782,5.633143404,0,2.469670811,1.07460782,0.870949992,1.20114313805481,2.41255154152383,2.03536896043981,2444.76946024204,4910.43252307882
2013-07-25,"51.62481675",5.592909441,1.661193363,2.36864764,5.109691675,0,1.638841354,0.893154815,0.694064109,1.13881524759439,2.32420512513712,NA,NA,NA
2013-07-26,"-57.02685395",2.286912415,2.890794913,0.76101775,7.051742594,0,0.932983276,0.385274194,0.310469622,1.2940095166769,2.53100525017759,2.07982928869492,2691.31889263458,5264.05884915997
2013-07-27,"-156.390383",5.059069389,1.841902026,0.849291274,6.376849014,0,1.097066202,0.241128169,0.184169989,1.31832196502645,2.53559663508944,2.22301545164087,2930.65009849135,5636.67049893241
2013-07-28,"-274.1711958",7.822512964,1.681079325,0.717693835,6.089022836,0,0.392521155,0.047517515,0.036012726,1.10056942481504,2.13787218458248,2.61944504042554,2882.88112147576,5600.0386909683
2013-07-29,"-61.23136397",1.231315255,2.015464809,0.680901945,6.145147025,0,0.329919403,0.233764068,0.182441306,1.02247959965693,1.98662320291071,2.89640020478404,2961.51012183382,5754.0558517393
2013-07-30,"44.70874271",10.02132726,4.39552938,2.542243703,6.932542256,0,1.586910613,0.542008976,0.402572774,0.889864164498742,1.94397926636223,2.87842069272342,2561.40342480621,5595.59014652234
2013-07-31,"-15.8938549",0.735113719,1.485515405,0.282854402,7.443230394,0,0.922793999,0.494142271,0.355069343,0.875689754694996,1.8294340992825,NA,NA,NA
2013-08-01,"-139.2834353",0.59913146,1.398723839,0.336783859,7.112863772,0,0.199181272,0.149311365,0.111963804,0.87843152909938,1.75929576829712,2.81166910540067,2469.8587915786,4946.55755898314
2013-08-02,"-184.4947792",0.762447462,1.345878063,0.455087417,7.202150037,0,0.157241008,0.1225951,0.093853555,0.921440017889124,1.72290708369781,2.71753956900957,2504.04970908258,4682.06817367568
2013-08-03,"-161.5042258",0.820835019,1.379765256,0.460538608,7.229402177,0,0.240485312,0.174197179,0.134926957,0.91470367929556,1.66628251385495,2.54613603328469,2328.95999763251,4242.58195015828
2013-08-04,"-110.9060947",0.929894592,1.007149387,0.460904837,7.000308251,0,0.394736814,0.24930498,0.195652398,0.505883748573259,1.3447550037165,2.28182706593625,1154.33922971175,3068.49836453351
2013-08-05,"-149.2292377",3.7e-06,1.193270887,3.91e-07,7.233590431,0,0.70661132,0.111890882,0.074674095,0.677472473311118,1.46516096091965,2.39621324606338,1623.36851439142,3510.83810217063
2013-08-06,"-149.4938468",0.613643763,1.252194993,0.315218148,6.967962444,0,0.172951049,0.116739568,0.088841951,0.713426228627545,1.46175222154968,2.15410725517624,1536.79661511962,3148.77106571015
2013-08-07,"-98.20873412",1.832992941,1.554702157,0.771404896,7.194604486,0,0.247488516,0.151153677,0.104154167,0.744150625242315,1.46152797876239,2.25340974460224,1676.87627037288,3293.42138935198
2013-08-08,"-161.5316808",1.815205211,1.399829575,0.485743872,7.079104174,0,0.378076989,0.129696363,0.101172352,0.741218275565954,1.5891369966785,2.22175301974882,1646.80394203167,3530.66992116504
2013-08-09,"-217.4182317",2.07921042,1.857132831,0.988026352,7.072670358,0,0.132756063,0.077221711,0.063084759,0.810528726252888,1.68591011627261,2.15679725883301,1748.14613498764,3636.1663174156
2013-08-10,"-72.58776497",1.76870484,1.231078641,0.849166248,6.91832222,0,0.493443151,0.306237657,0.236905141,0.836718753589075,1.75012097386969,2.10125622178137,1758.1604868602,3677.45258521375
2013-08-11,"2.669158118",4.44e-07,1.116437223,1.63e-07,7.331463641,0,0.54921348,0.298523153,0.200874068,0.865211896599242,1.79834086326283,2.13140639664667,1844.11817086642,3832.99521930949
2013-08-12,"-152.508309",1.197866571,2.034469078,0.608418891,7.422517277,0,0.147622962,0.096935578,0.07498047,0.862644382026493,1.79110125106964,2.14408133276648,1849.57971631888,3840.2667575131
2013-08-13,"-122.5526042",2.3039479,2.21123582,1.097279187,7.09962506,0,0.283779929,0.169131691,0.135153147,0.880740647737392,1.80848689768388,2.19664814650821,1934.67731140678,3972.60939178167
2013-08-14,"-45.8574968",2.892294223,2.022569689,1.282206251,7.073381107,0,0.960232035,0.541262046,0.425688199,0.803009337662121,1.73866169446745,NA,NA,NA
2013-08-15,"-68.92457013",1.281561165,1.56565567,0.695472095,7.402826758,0,0.536124142,0.376327051,0.290941541,0.770243561501835,1.71903197552483,2.20404167750165,1697.64891137735,3788.81811901472
2013-08-16,"-67.50270184",1.158906687,1.250223038,0.653014141,7.336985715,0,0.299166705,0.216864887,0.168572751,0.727184447232649,1.63922098569358,1.7505165072222,1272.948378676,2869.48339444165
2013-08-17,"-108.8773318",1.035791147,1.381727737,0.618779473,7.62598442,0,0.271433379,0.20760594,0.162153735,0.761106503191382,1.35768015854895,1.80069735232024,1370.52246513044,2444.77106679682
2013-08-18,"-117.0602086",0.91705143,1.033006991,0.483244709,7.533728741,0,0.33405205,0.230024516,0.176030352,0.59640269086146,1.119446907802,1.86038707717219,1109.53985886938,2082.6045608552
2013-08-19,"-159.8573023",0.566149702,1.144183209,0.271659857,7.665874065,0,0.318817517,0.201171455,0.1529806,0.464930987555427,1.04786333135898,1.94481715091262,904.205758588537,2037.90257863939
2013-08-20,"-229.7994971",0.386635292,0.878777769,0.182806805,7.472834331,0,0.144418689,0.090231564,0.068283262,0.412950194804529,1.02808114505868,1.7301603487898,714.47005307582,1778.74523251894
2013-08-21,"-195.5707565",1e-06,0.810233364,3.56e-07,7.376049627,0,0.120761795,0.066071438,0.042823474,0.35547588965602,1.02610151246375,1.74709347824286,621.049608490611,1792.69526044055
2013-08-22,"-154.1959577",0.315560724,0.862157997,0.186504715,7.025844398,0,0.211142737,0.164631368,0.12479093,0.274213579615277,0.964387492593992,1.81258367526109,497.035057945558,1748.03302570184
2013-08-23,"-125.8586397",0.514758097,0.966495187,0.293806406,6.986371368,0,0.21889641,0.160285239,0.124938622,0.2070025134517,0.968778781060702,1.89173390601982,391.593673327905,1832.67166756508
2013-08-24,"-227.8992036",0.206019896,1.115443961,0.092736136,7.188467086,0,0.156059811,0.092895174,0.070247506,0.22317493001547,0.956865390214174,1.9775073645798,441.330067695173,1892.20835606005
2013-08-25,"-201.6552143",1.62e-06,1.099274489,8.55e-07,7.152016798,0,0.083553481,0.069480819,0.044040518,0.254671724226114,1.02094618589977,1.93446674658465,492.653981810795,1974.98644667555
2013-08-26,"-169.0667941",1.36e-07,0.754060377,5.51e-08,6.994322988,0,0.120532915,0.078056365,0.048808716,0.249110466973738,1.12240578587054,1.90707523964317,475.072403501562,2140.51228306594
2013-08-27,"-159.7186491",0.595345599,1.041273719,0.171096537,6.875933258,0,0.294110475,0.11724223,0.084524491,0.290282452755764,1.14644137946525,1.94672296470382,565.099517030197,2231.80376109173
2013-08-28,"-66.4044934",0.742451778,0.970697298,0.377820304,6.515263936,0,0.418425297,0.274833245,0.212929079,0.420691121639982,1.2685334879465,1.88879193575565,794.597997997597,2395.99582226934
2013-08-29,"-131.5944861",1.182012576,1.338498735,0.306688759,6.860726933,0,0.352765703,0.107739718,0.091529716,0.714151964656634,1.48248413946529,1.94187393803726,1386.79308796483,2878.79731398124
2013-08-30,"-129.0489307",0.588166758,1.651514166,0.203633951,6.557316366,0,0.390521548,0.178963476,0.135205611,0.772924762858661,1.57856178573707,2.01419211937998,1556.81896622355,3179.52670878599
2013-08-31,"-38.02521965",1.11824605,1.333269413,0.559591291,6.255992023,0,0.727479993,0.496309137,0.364044629,0.759259304589138,1.64420231827636,1.99703273493054,1516.26568556511,3283.52585244658
2013-09-01,"-138.2590903",3.300353552,1.916573479,0.685286328,6.596391347,0,0.578451614,0.155657709,0.120109854,0.797437183924214,1.69226331132602,2.0619835818584,1644.30238081513,3489.41916413558
2013-09-02,"-173.2981987",6.271452968,2.295005936,1.086198233,5.998865446,0,0.551271771,0.132149067,0.095478739,0.781660503538861,1.76411435367703,2.17965457278342,1703.74989090267,3845.15991790501
2013-09-03,"-122.7989937",1.985234891,1.755176299,1.077716469,5.615807408,0,0.377474012,0.248425257,0.204917797,0.837544056702809,1.76981932885914,2.33474702656563,1955.4534960046,4132.08041561224
2013-09-04,"-61.96811099",0.211173518,0.912842917,0.10103025,6.25751986,0,0.312649952,0.212566672,0.149578902,0.868156795847772,1.73328708772586,2.46390213986675,2139.05338702918,4270.64976445114
2013-09-05,"-27.80765896",4.22e-07,1.003732206,2.27e-07,6.521828047,0,0.378191172,0.338277112,0.203248865,0.88669358329572,1.73939761557459,2.63944516347345,2340.37908991283,4591.04462378561
2013-09-06,"-73.48787063",0.96112946,1.946121721,0.282016742,6.819425524,0,0.397348895,0.149956293,0.116590996,0.884632618811893,1.64039682633713,2.62636367354426,2323.36697447988,4308.27863488913
2013-09-07,"-87.24093436",3.04e-07,1.32045736,1.01e-07,6.832759671,0,0.243978958,0.121229462,0.081032528,0.776537402812714,1.59241744577913,2.63650053921713,2047.34128123799,4198.40945445544
2013-09-08,"-90.69275448",0.052285623,0.805814389,0.020292958,6.764161882,0,0.343565232,0.203667458,0.133343631,0.714304023601871,1.76025104988531,2.64319125276612,1888.04214700011,4652.68017772922
2013-09-09,"-11.79297076",3.74e-07,1.629582393,4.27e-08,7.016537565,0,1.56681901,0.281524139,0.17854229,0.736784021120685,1.82687085599845,2.64635283151094,1949.79048050474,4834.5448625763
2013-09-10,"-123.639467",0.53144629,1.256177748,0.13694559,7.103541681,0,0.333882837,0.112660472,0.086036506,NA,NA,2.51239756774001,NA,NA
2013-09-11,"-49.80229795",2.34560272,2.434430359,1.010384661,7.045275705,0,0.456488378,0.240215389,0.196635539,NA,NA,2.37649467871727,NA,NA
2013-09-12,"-73.04512944",3.660506497,2.802562931,0.927114783,6.67627992,0,0.808837036,0.252199924,0.2048582,NA,NA,2.56548369550506,NA,NA
2013-09-13,"-63.36864479",1.596246912,1.974039592,0.701354313,5.998354772,0,0.546956581,0.303796802,0.240320187,NA,NA,2.87325116219664,NA,NA
2014-05-09,"Error in FUN(X[[i]], ...) : too many NAs",NA,NA,NA,NA,NA,NA,NA,NA,NA,NA,NA,NA,NA
2014-05-10,"-91.24324246",2.048044843,1.4371796,1.332406774,8.278935424,0,0.1710512,0.143683813,0.111281635,NA,NA,0.776949894258986,NA,NA
2014-05-11,"36.43522018",6.858299422,1.983811949,2.981050335,8.400361364,0,0.74580297,0.419154608,0.324173101,NA,NA,0.527322653300561,NA,NA
2014-05-12,"18.23943676",5.363907625,3.19e-06,0.591300042,9.182565595,0,3.145124934,0.42908114,0.346708526,NA,NA,1.04488276487712,NA,NA
2014-05-13,"-282.7344839",2.287126561,0.582764904,0.703694841,10.00450638,0,0.184744057,0.074957181,0.056841384,NA,NA,1.93263597147505,NA,NA
2014-05-14,"-88.9123198",2.09441191,1.223183261,0.942398092,10.18686751,0,0.504295342,0.280905274,0.226911892,1.25890978637121,1.0473191948034,2.04916024171302,2579.70788213531,2146.12485437403
2014-05-15,"-169.1924376",3.157894026,0.82120886,0.971032676,10.09301995,0,0.308011503,0.119725977,0.094711612,1.15165925892838,0.950062936495551,2.02988046731746,2337.73063470403,1928.51419751459
2014-05-16,"-57.20753849",5.082519485,1.23700139,1.862630446,10.28338214,0,0.668429428,0.298316286,0.244964531,0.870225036438981,0.797184479694877,2.17530354692714,1893.00360839051,1734.11822623553
2014-05-17,"-198.1343756",1.489120862,0.732722222,0.840982041,10.7199365,0,0.12661499,0.09342079,0.071505904,0.824555781176418,0.767567818596573,2.28034928943151,1880.27518970229,1750.32272972719
2014-05-18,"-216.1996893",1.372241366,0.533226094,0.699321836,10.89431116,0,0.186667088,0.121615387,0.095129307,0.83504434795186,0.795364038998773,2.03318660031617,1697.80097892547,1617.12350646565
2014-05-19,"-169.1876267",1.214850275,1.54e-09,0.377669954,11.01032157,0,0.156005049,0.047154987,0.048498503,0.822064481280376,0.745983465168256,1.93654942122824,1591.9684954358,1444.63384771742
2014-05-20,"-119.203299",1.6654217,0.558902272,0.589740859,10.96448864,0,0.51562719,0.259324833,0.182588243,0.792165833802898,0.755129109543452,1.87600946721314,1486.11060381703,1416.62935847175
2014-05-21,"-289.8493896",0.680718491,0.080192391,0.248333196,10.91757236,0,0.114617205,0.049608034,0.04181355,0.599801041963789,0.672484189945112,1.83350947126172,1099.74089131326,1233.00613153813
2014-05-22,"-154.3571959",1.448084053,0.619027467,0.645583022,10.70848158,0,0.30927213,0.193165558,0.137879314,0.511576991094701,0.611254451615012,1.69274598663552,865.969898530631,1034.69851978441
2014-05-23,"-53.27271419",1.019371314,0.887989593,0.70666005,10.75983014,0,0.373632986,0.339772228,0.259014062,0.451088661845467,0.620519011507468,1.54927777862825,698.861639988338,961.356315744891
2014-05-24,"-87.18617722",5.51e-07,0.859911201,3.47e-07,10.40776551,0,0.125952623,0.119589826,0.079451002,0.636267691623905,0.723059193513938,1.51278014865755,962.533133120806,1093.82959425222
2014-05-25,"-45.4615843",0.122414039,0.304070725,0.082222705,9.459489751,0,0.282391403,0.280592633,0.189675834,0.675989407523096,0.829154586123668,1.36601050006414,923.408628608687,1132.63387082127
2014-05-26,"-124.4254889",5.25e-08,0.408465778,2.35e-08,8.921520567,0,0.133710304,0.093089485,0.059873988,0.828331157667711,0.844647316462137,1.15404934998146,955.93503407581,974.764686526712
2014-05-27,"51.27779533",0.354784858,0.148880284,0.175720998,8.379743646,0,0.814417058,0.51644658,0.40337172,0.899690452008366,0.826646024546044,1.10054316411304,990.148176775578,909.759631455368
2014-05-28,"-31.01125565",1.838330711,1.417051404,1.287345975,8.270775532,0,0.450065945,0.425488785,0.315172118,0.891395144916838,0.854416241785931,1.1259657184408,1003.68037476093,962.043397529985
2014-05-29,"-54.02820689",1.174478019,1.253566672,0.809871921,8.310145219,0,0.27262977,0.246047627,0.187994319,0.805211135132892,0.852768159409667,1.07962250301175,869.324061165107,920.66769475059
2014-05-30,"-9.113977021",2.02e-06,0.575832393,1.38e-06,7.827950098,0,0.190125722,0.196086613,0.129776121,0.792489928806193,0.90439579901302,0.992825949511758,786.804566045513,897.907617889546
2014-05-31,"-112.3995965",1.19e-05,0.479560041,7.38e-06,7.263467314,0,0.142388145,0.137819487,0.088287077,1.08350702574837,1.0368491117219,1.06784493836258,1157.01749312568,1107.19407579796
2014-06-01,"-55.71947367",0.520220518,1.112134569,0.182001316,7.137315242,0,0.611534024,0.307494813,0.213947726,0.979562813568682,1.02538102927029,1.20597382640432,1181.32711448281,1236.5826833915
2014-06-02,"-101.1262832",0.599899605,7.95e-05,0.185611021,6.758274403,0,0.426486793,0.168699667,0.131956495,0.858685750686986,1.18075635473173,1.26559825563224,1086.75118820571,1494.36318287516
2014-06-03,"-2.477030352",0.91562537,1.152868451,0.32450081,7.628173935,0,0.942944711,0.477594706,0.33418288,0.871949682858983,1.17077909898944,1.72611348329904,1505.08410434121,2020.89758873038
2014-06-04,"-9.390276519",2.828169509,1.353837499,1.995436601,7.381279868,0,0.735062188,0.684728392,0.518628742,1.06481975509668,1.44967740017721,1.66300812432092,1770.80390366319,2410.82529413912
2014-06-05,"-114.3587349",0.634590348,0.941784471,0.370718868,8.283974933,0,0.192863316,0.151980863,0.11266807,1.18883226975274,1.84659261718142,1.67738160207667,1994.1253772383,3097.44048259072
2014-06-06,"-54.77801429",1.393819597,1.763437719,0.76454683,8.081135392,0,0.253984929,0.193869495,0.139317436,1.18504257805146,1.86930098498364,1.66897409175206,1977.80536039096,3119.8149136243
2014-06-07,"111.8187215",1.06e-06,1.22876674,1.99e-07,7.461086699,0,3.486966018,0.956962081,0.656537585,1.25037199793438,1.83594353299694,1.63624744016711,2045.91798087677,3004.0579061576
2014-06-08,"-80.24082953",1.900338837,1.945283393,1.331725784,7.469627989,0,0.165876371,0.158566373,0.116243396,1.19947887266557,1.59675923415539,1.72000278682338,2063.10700372055,2746.43033263325
2014-06-09,"-23.80768301",4.615047334,3.028086777,1.666474363,7.353416069,0,0.650874336,0.317961548,0.235028011,0.977968584817558,1.45310651044664,1.68203846101683,1644.98077332933,2444.1810385252
2014-06-10,"11.83162594",0.878359758,0.640491138,0.559147963,6.755374445,0,0.558905916,0.466988918,0.355789415,0.939549715191122,1.39944634671533,1.72196608900991,1617.87274849803,2409.7991524326
2014-06-11,"15.85087067",2.453746519,0.705466691,1.480578722,6.787293862,0,0.708935122,0.541432079,0.427768006,0.925325535292651,1.31194515212198,1.72564155668002,1596.78019715818,2263.94707458657
2014-06-12,"-270.7352537",0.342103991,0.473439351,0.078607657,7.767753941,0,0.139862746,0.044546781,0.032137254,0.897746689692461,1.28017570821134,1.8400510477811,1651.89973701063,2355.58865323819
2014-06-13,"-216.8379238",0.966639388,0.980787369,0.675399667,7.964083402,0,0.062939368,0.058616909,0.043976305,0.777014475907551,1.12283333278163,2.07959477284153,1615.87524251955,2335.03832962492
2014-06-14,"-181.9257491",1.798808102,0.786584271,0.511788387,7.973238359,0,0.202551992,0.074090073,0.057629136,0.598908581522449,0.767754112731567,2.08670444766191,1249.74520080578,1602.07592174768
2014-06-15,"-159.0581618",2.014727515,0.851125904,0.567067445,8.061224744,0,0.430829656,0.173141706,0.121261794,0.586371462640274,0.75743261324044,2.10570387929837,1234.72466359148,1594.9287920075
2014-06-16,"-158.1164254",0.764461713,0.78850973,0.459892734,8.103883097,0,0.220908401,0.172553756,0.132896346,0.489815538489335,0.757828063438555,2.10870070140627,1032.87436957215,1598.03256891824
2014-06-17,"-97.22945849",0.275676721,0.351708387,0.194364723,7.997362415,0,0.230787657,0.22093761,0.162715876,0.520894848187695,0.821907066441126,2.06390389037062,1075.0769036486,1696.33719195095
2014-06-18,"-130.3530018",1.055673413,0.732049706,0.3965124,7.954933703,0,0.212738797,0.117131196,0.079904987,0.453459765150304,0.782796280800522,2.14151842702106,971.092442982017,1676.37265993787
2014-06-19,"-111.8681547",0.566835455,0.430656365,0.279269988,7.836617782,0,0.280933261,0.18545862,0.138410941,0.445557457270885,0.798511250098518,2.05600125752126,916.066692446913,1641.74013434742
2014-06-20,"-222.5136885",1.582000904,0.753168142,0.247590832,7.957277068,0,0.362688951,0.078129617,0.056762584,0.42320391516875,0.783999962524365,2.03624352247554,861.746230948657,1596.41484531131
2014-06-21,"-108.0008518",2.081474683,0.991371425,0.63790839,7.633784261,0,0.624468718,0.276844171,0.191380581,0.402936361621962,0.764807435600252,1.99120783453149,802.330040079265,1522.89055767516
2014-06-22,"-111.8360713",0.926367985,0.949399698,0.492897889,7.778155345,0,0.235439307,0.165175494,0.125271533,0.389488299416649,0.785594467012929,2.00913254413391,782.533617917362,1578.36341016721
2014-06-23,"-8.82900145",1.173615044,1.033065986,0.583448864,7.580217717,0,0.544518354,0.374457919,0.270700872,0.386907992710215,0.79394238396585,2.00872196445594,777.190583180568,1594.80950518471
2014-06-24,"-17.7581036",5.5e-08,0.144261947,2.42e-08,7.639478111,1,0.521127205,0.341238602,0.22907992,0.428428797140854,0.855386536131428,1.96860718153912,843.408006829654,1683.9200780202
2014-06-25,"-139.2963582",0.303496129,0.108100518,0.089798182,7.626283195,0,0.298759688,0.11839952,0.088396768,0.405012941857435,0.744816846438148,1.96659685339714,796.497177041948,1464.75446656244
2014-06-26,"-139.7268231",0.253021167,3.01e-07,0.125781918,7.604706534,0,0.123094359,0.063381026,0.061192685,0.375204885999975,0.727983275245528,2.00165540880622,751.030889472373,1457.17166041568
2014-06-27,"-139.8536227",0.884320893,0.766079832,0.382132867,7.912169777,0,0.304996841,0.173918708,0.131795277,0.354010690619401,0.664287673275332,2.07670636988415,735.176256216398,1379.5304425264
2014-06-28,"-124.5537349",0.963713229,1.001132247,0.564292242,7.677382847,0,0.217101394,0.172845523,0.12712146,0.465479167974998,0.697305697032786,2.08619128294791,971.078582623287,1454.71306669971
2014-06-29,"-279.4385238",0.618746705,0.526421097,0.321030283,7.320550053,0,0.041465149,0.031961594,0.021513761,0.494421586791529,0.705104164338339,2.19511559021376,1085.31253330431,1547.78514386373
2014-06-30,"-244.2510229",0.633522088,0.752303577,0.353288432,7.322221088,0,0.086595016,0.06818921,0.048290372,0.539948674836937,0.729762508161925,2.09817409505475,1132.906322202,1531.16879016753
2014-07-01,"-190.3488614",0.159212338,0.404957222,0.046422116,7.109093921,0,0.178374496,0.075581501,0.052009296,0.526941812860449,0.752599599457675,1.98522905354939,1046.10019642055,1494.08259053301
2014-07-02,"-88.38936574",1.61341485,1.108278681,1.011735478,7.04281094,0,0.208196156,0.183422767,0.130555039,0.540628167012955,0.778231208807175,2.10947981577866,1140.44420615524,1641.66302698776
2014-07-03,"-154.7027632",1.102009911,0.737256924,0.687323581,7.268693422,0,0.177886832,0.151739944,0.110948017,0.574607193658708,0.826573999352954,2.13331535993537,1225.81835216148,1763.34300894287
2014-07-04,"-161.9250036",1.179654094,0.888910999,0.816492666,7.336306682,0,0.191384267,0.180109864,0.132465823,0.627065202081595,0.986747122183805,2.18174306149543,1368.09515374675,2152.8286872751
2014-07-05,"-263.5450957",0.508581033,0.850268903,0.316217321,7.554519829,0,0.071012653,0.061745201,0.044153103,0.859081151549929,1.07307815651198,2.19350077697946,1884.39517341318,2353.79777006873
2014-07-06,"-206.8625121",2.037307196,1.014885091,0.592982311,7.394556933,0,0.322541649,0.132768442,0.093879555,0.864843463117363,1.1131615446618,2.17170907535803,1878.18839761604,2417.4630288816
2014-07-07,"-153.7074993",1.392261472,1.378446469,0.871252091,7.351611448,0,0.203227819,0.162532536,0.1271763,0.811003342597439,1.12548149562198,2.11582120740952,1715.93807154767,2381.31761698398
2014-07-08,"-203.9518619",2.402088317,1.316949342,0.446331363,7.252144214,0,0.352374817,0.086855565,0.065474667,0.80158241066329,1.12397416378356,2.05837591495783,1649.95792796315,2313.56134776695
2014-07-09,"-122.9331783",2.67975997,1.41896884,1.532634748,7.001610653,0,0.196878904,0.156651751,0.112600924,0.864685665414531,1.22701883299639,2.19118399506731,1894.68539082044,2688.62402850786
2014-07-10,"-65.36767905",1.24957387,0.692451289,0.709352714,7.35671299,0,0.518633779,0.375520403,0.294415791,0.941299366337918,1.37633802209917,2.21397779558661,2084.0158960719,3047.18182014915
2014-07-11,"-228.7576701",2.366516941,1.196014941,0.554164314,7.726280685,0,0.328344691,0.108071277,0.076888066,1.06988445461432,1.46945308195323,2.22423503844618,2379.67449104204,3268.4090322331
2014-07-12,"-132.6410155",1.381991625,0.430221122,0.524523405,7.437358792,0,0.294797663,0.149627632,0.111887996,1.08301974491519,1.45461910339168,2.20329693394127,2386.2140833695,3204.9578105553
2014-07-13,"-254.9304861",1.689780739,1.426086804,0.995008613,7.648437918,0,0.061746365,0.046978406,0.036358661,1.0976455473004,1.4290400310847,2.24266845806155,2461.65504706232,3204.86300302096
2014-07-14,"-152.2668735",4.162762249,2.104237617,1.176312778,7.549245502,0,0.532150944,0.198242681,0.15037514,0.973387804062275,1.36104826113761,2.14088441601131,2083.9107804524,2913.8470117088
2014-07-15,"-148.4919704",3.917707406,1.895039107,1.561856632,7.220845499,0,0.251235932,0.144872458,0.100159217,0.924027510801302,1.30107160769384,2.24133261742575,2071.05299935768,2916.13423193077
2014-07-16,"-117.2613194",1.876843879,0.637453271,1.043346636,7.067287083,0,0.313506066,0.240370848,0.174279546,0.89788131217536,1.23910615163847,2.33349632124308,2095.20273887412,2891.44964647805
2014-07-17,"-198.2778335",1.135112968,0.690298136,0.663501119,7.647817481,0,0.158885534,0.122192994,0.092872456,0.880636874798919,1.22113667514742,2.33776711556316,2058.72392665723,2854.73316276778
2014-07-18,"-221.0799005",0.884001882,0.492042472,0.450980927,7.809310594,0,0.121576602,0.079124015,0.062023317,0.821093737584905,1.15219020275039,2.36505552565487,1941.93228115579,2724.99380562022
2014-07-19,"-278.6372745",1.072289129,0.818684645,0.448613752,7.866332293,0,0.10761657,0.063885201,0.045023559,0.841170238753363,1.06341952623051,2.38413118575911,2005.46019874433,2535.33165603134
2014-07-20,"-275.7693345",1.00954276,0.797183856,0.49685979,7.703700855,0,0.082452833,0.055184207,0.04058025,0.727086038719468,0.972149611337186,2.40074037120737,1745.54480649507,2333.87881879074
2014-07-21,"-205.1404614",0.686973693,0.864528212,0.388313788,7.600566182,0,0.100635285,0.076163952,0.056884374,0.686120845875042,0.967560967096708,2.37668250498487,1630.69141069664,2299.58522300499
2014-07-22,"-145.3958745",2.024800075,1.266153938,0.580309107,7.197887053,0,0.403622194,0.156066041,0.115678401,0.679258339786273,0.975170847702159,2.37703231170732,1614.61902166864,2318.01261442305
2014-07-23,"-111.4889332",2.36988564,1.350428569,1.140574117,7.018986223,0,0.169546784,0.110499796,0.081599158,0.742538236910073,1.20099029171958,2.19600483440567,1630.61755798559,2637.38048669048
2014-07-24,"-119.1232546",1.769927062,1.473036921,1.126918706,7.153340869,0,0.206238058,0.176809107,0.131312488,0.853872402661585,1.24855217630634,2.08249915154503,1778.18855407047,2600.10884781766
2014-07-25,"-171.4592167",1.772749361,0.736906665,0.465148504,7.2016137,0,0.385462668,0.135893075,0.101140854,0.932901723624725,1.32312266409638,2.11156747782571,1969.88493961352,2793.86278668003
2014-07-26,"-120.4582482",0.409967386,0.537886084,0.240017114,7.332243513,0,0.285131376,0.243546719,0.166931352,1.00759851443542,1.38490969718913,2.09018774307199,2106.07006481046,2894.72127432626
2014-07-27,"-220.651144",5.08620479,2.135977202,1.002858301,7.363696006,0,0.574551088,0.143559974,0.113285515,1.01543486463018,1.3645672289173,2.08751165515965,2119.73211497097,2848.54999461378
2014-07-28,"-102.0864606",2.524565525,1.044972541,1.250103487,6.789605182,0,0.25502609,0.171797096,0.126282721,0.956762568823951,1.32917142431148,2.09943748664651,2008.66320280921,2790.51231437885
2014-07-29,"-136.4929132",2.003957928,1.143390363,0.968131558,7.224250954,0,0.230247236,0.146346648,0.111234678,0.89281255057082,1.25781209787787,2.2134398477746,1976.18687602672,2784.09141845584
2014-07-30,"-92.10329072",2.115443062,1.229093186,1.102679103,7.307391157,0,0.238299792,0.161623768,0.124214263,0.928524255692828,1.32794596233526,2.29138381421459,2127.6054506002,3042.83388424663
2014-07-31,"-139.1591633",1.053231916,0.717175147,0.613290362,7.425439662,0,0.259096958,0.203922311,0.150870539,0.932701165374034,1.33831345942865,2.42272707149231,2259.6803629641,3242.36824830032
2014-08-01,"-96.05975886",1.150611673,0.565707176,0.56554002,7.468613106,0,0.304406449,0.200888532,0.149619575,0.905017519356355,1.02880238532156,2.31894608927569,2098.68683723741,2385.73726807893
2014-08-02,"-117.9448892",1.064566166,0.866133786,0.559768111,7.650112814,0,0.202491901,0.141714762,0.106473898,0.801891823678046,0.989691308611188,2.32747356645947,1866.38202277063,2303.48035974722
2014-08-03,"-85.69994569",1.694508734,1.47228669,0.8932238,7.705924121,0,0.398537052,0.281708113,0.210080227,0.742553191767993,0.923589037540665,2.37207298813188,1761.39036844397,2190.82060808493
2014-08-04,"-69.92339041",1.393118829,0.717318787,0.473603323,7.296078939,0,0.835279435,0.37605771,0.283960785,0.615017659881828,0.816792810107553,2.30238318410014,1416.00631803654,1880.57003088553
2014-08-05,"-61.62489066",1.52832799,0.667222223,0.704042331,7.304045638,0,0.461004422,0.28512289,0.21236713,0.599066629041345,0.807892900178384,2.3869491824368,1429.94160041541,1928.39929757729
2014-08-06,"-108.4108338",1.188858428,0.579208203,0.666289101,7.343317207,0,0.230151579,0.17457597,0.128987174,0.582620620650118,0.806490094619643,2.32000069766608,1351.68024638292,1871.05758217836
2014-08-07,"-88.66390673",0.373398395,0.375632673,0.199185484,7.61451983,0,0.285016631,0.212188428,0.152039153,0.659802990476075,1.58595778787221,2.31230838660471,1525.6679883847,3667.22349369798
2014-08-08,"-71.05125583",0.568558636,0.2639092,0.315008333,7.490302673,0,0.357054252,0.260110008,0.197824917,0.812477490115746,1.52294545478813,2.34525481636984,1905.46674688604,3571.69516291042
2014-08-09,"-65.85797624",0.514322962,0.368513817,0.284209154,7.601992059,0,0.379093656,0.284848627,0.209482942,0.832770534112222,1.48828219610977,2.34172432967244,1950.1190207649,3485.14662804858
2014-08-10,"-73.50225838",0.623378783,0.499843022,0.343925434,7.598780774,0,0.286114062,0.214599139,0.157852506,0.847002309533681,1.46952840789204,2.344723349929,1985.98609260741,3445.63757136845
2014-08-11,"-184.3179637",9.642365629,2.421949466,0.837452847,7.626944529,0,1.151021995,0.132077157,0.099967859,0.923338164457638,1.50089884841506,2.27126400137377,2097.14473402717,3408.93752410847
2014-08-12,"-79.83288315",2.352642769,0.847155615,1.384285203,6.541992287,0,0.280040908,0.217676811,0.164774904,0.966307553947542,1.46684960443676,2.24082490573805,2165.32603348847,3286.95312659391
2014-08-13,"-133.0696077",1.501238787,1.07130464,0.843980808,7.414117146,0,0.215655067,0.163901287,0.121239032,0.956068456580315,1.43133129949569,2.19457539782361,2098.16431344635,3141.16445600812
2014-08-14,"-113.02204",1.449394899,0.842422384,0.860430262,7.122661752,0,0.255300589,0.199864358,0.151558663,0.93022365313918,1.43185206397627,2.213191750925,2058.76331564296,3168.96317653723
2014-08-15,"-103.719998",2.184781275,1.114011161,1.215286101,7.191205604,0,0.353665251,0.250830841,0.196726541,0.949955027043148,1.46713669311713,2.21095475712952,2100.30758610016,3243.7728510066
2014-08-16,"-187.0566445",3.314299609,1.267468867,1.00807875,7.37457115,0,0.172815208,0.073802572,0.052563546,0.941515569898541,1.16389289532511,2.2074369895429,2078.3362952246,2569.22022900682
2014-08-17,"-134.236422",1.704087438,0.819076236,0.705334808,7.296011058,0,0.261468439,0.152504031,0.108223784,0.85424191462533,1.13499827481029,2.20165448650372,1880.74554389438,2498.87404391005
2014-08-18,"-152.5955492",5.325603898,1.336764983,0.640703434,7.41690853,0,0.604213913,0.094677714,0.07269071,0.846424779769068,1.12894672751675,2.14485220594613,1815.45605605515,2421.42387890996
2014-08-19,"-104.534306",4.63030631,1.523749644,0.967029826,7.384479135,0,0.747012326,0.1946178,0.156011968,0.833010931650212,1.13603913363102,2.15377118830903,1794.11494413469,2446.76835480604
2014-08-20,"-70.17882491",2.754756862,0.619025347,0.541895109,7.042332511,0,0.726298821,0.190479927,0.142872057,0.872904447993591,1.11143656244674,2.3005760970651,2008.18310807586,2556.94438896918
2014-08-21,"-147.7817106",3.09457222,0.51116672,0.609463105,7.198008119,0,0.419385972,0.104511086,0.08259632,0.801268337548089,1.04445700850776,2.36584365255194,1895.67561037899,2471.02198394146
2014-08-22,"5.693033994",2.096054316,0.696161351,0.287939639,7.40325358,0,2.054962501,0.382724365,0.282294765,0.822170568820177,1.20589401833749,2.36938369889559,1948.03754347424,2857.22562964454
2014-08-23,"-1.472068347",2.10004137,0.286726488,0.426684655,7.377281321,0,1.196871855,0.308257793,0.243179426,0.944683414524031,1.25877727403697,2.38171741232272,2249.96893750437,2998.05175180999
2014-08-24,"-102.3768336",3.643669698,0.875490068,1.276301586,7.275869421,0,0.323620606,0.141446712,0.113357556,0.91857023705076,1.19724559498479,2.45502707138016,2255.1147989237,2939.27034677831
2014-08-25,"-160.4492425",1.359022449,0.984629205,0.631878432,7.949524574,0,0.304696138,0.20026237,0.141668681,0.894346368684412,1.20440794575814,2.54697272345656,2277.87580636163,3067.59418576033
2014-08-26,"-163.8292382",1.833057771,1.645130305,0.855526251,7.789643104,0,0.198105119,0.122811457,0.092459786,0.919459988059407,1.68223628535985,2.54441092214308,2339.4840360919,4280.30037809499
2014-08-27,"-151.7344467",2.697928842,1.637972693,1.293911684,7.282979661,0,0.239869285,0.150264352,0.115039977,0.910519154657055,1.70671307702176,2.49312428748855,2270.03741869905,4255.04782409726
2014-08-28,"-92.48781748",0.671737722,0.139651973,0.331309441,7.123152771,0,0.336740071,0.190854726,0.166084412,0.929040549684706,1.74201034427979,2.4953292299784,2318.26203946345,4346.88933100609
2014-08-29,"-135.2824317",4.196434609,1.051194329,0.491524889,7.397657091,0,0.650074087,0.102873577,0.076142636,0.891986701280222,1.77840642188792,2.48092232751445,2212.94972305206,4412.08819945681
2014-08-30,"-161.4682946",9.13639644,2.454324288,0.838480094,7.271999252,0,0.812504368,0.094410404,0.07456646,0.889494969276882,1.77269099846649,2.38898068637045,2124.98630222615,4234.92455823918
2014-08-31,"-23.70483096",1.246658073,3.27e-08,0.561613402,6.376040668,0,0.375048495,0.18290868,0.168957524,0.845122552395212,1.6865242541242,2.51081035598398,2121.94245662952,4234.5425628732
2014-09-01,"-49.72176829",4.457374441,1.930889887,0.980600709,7.199328846,0,0.925800288,0.29580841,0.203671563,0.755676408798628,1.7663400965056,2.57984971247421,1949.53156596268,4556.89199010163
2014-09-02,"-116.8983776",2.526305871,1.304618452,1.169912951,6.849223758,0,0.359399428,0.227427072,0.16643513,0.878713112789128,1.7566882782962,2.54000202913256,2231.93308950978,4461.99179142572
2014-09-03,"-139.7768425",1.517976365,0.766106529,0.593792296,7.053498977,0,0.345789904,0.178388155,0.135263886,0.911748016100634,1.79715109554927,2.52757187092831,2304.50863887065,4542.42855691832
2014-09-04,"-198.9495507",2.499398325,0.796510971,0.347143863,7.09179474,0,0.487118307,0.097667406,0.067656335,0.917479935976384,1.55115769234237,2.60088452084639,2386.25936366811,4034.38203140508
2014-09-05,"-227.160435",4.832723987,1.91185838,0.823838485,7.183450737,0,0.305626998,0.063341593,0.052100489,0.916918868560524,1.5467744441606,2.51202165099401,2303.32005002896,3885.53089293564
2014-09-06,"-167.7482651",2.509147388,1.627118146,1.271611502,6.753617458,0,0.156126822,0.101864367,0.079123556,0.887580735386241,1.56094020096163,2.59647624065424,2304.58229109279,4052.94414487893
2014-09-07,"-134.9638207",1.719957015,1.102707939,0.858518933,6.958975267,0,0.353359352,0.232795117,0.176379811,0.862028231967464,1.58151752765988,2.65787976795027,2291.16739714826,4203.48343942592
2014-09-08,"-208.662196",2.891341699,1.48769083,0.889218084,7.128713704,0,0.173230746,0.062330176,0.053276274,0.866301089769619,1.59766354373327,2.67862072069922,2320.49204942122,4279.5346729497
2014-09-09,"-61.02020261",0.977782766,0.04773698,0.34527207,6.958883162,0,0.456331594,0.164117894,0.161138608,0.958460451317839,1.71745851131985,2.7032093957036,2590.9192974127,4642.64998453095
2014-09-10,"-177.32196",9.932602659,1.848282111,0.522013451,7.326190049,0,2.006437361,0.138733968,0.10544943,1.00555985898247,1.70694784423414,2.80353964004141,2819.12692509181,4785.49594479363
2014-09-11,"-66.47854028",3.434714783,1.66812423,0.902065822,6.773851193,0,0.707100611,0.239058403,0.185707208,0.974948750907054,1.76628842423921,3.34960198171039,3265.69026810434,5916.3632061038
2014-09-12,"-49.61435928",3.405026393,1.212386604,0.444374861,6.730107977,0,1.639683413,0.255161173,0.213987795,1.0190720871589,1.83765116545841,3.5,3566.75230505617,6431.77907910442
2014-09-13,"-63.40754029",4.279944615,2.316860261,1.435909529,6.921617581,0,0.574955408,0.254425531,0.192895942,1.09213060141801,1.99810984050715,3.5,3822.45710496303,6993.38444177502
2014-09-14,"-9.839018674",4.750485792,2.723834719,1.239672257,7.318162113,0,1.698222808,0.549896818,0.443163035,1.09626079374598,2.00975181417457,3.5,3836.91277811093,7034.131349611
2014-09-15,"7.87263759",5.382959258,2.49525016,1.786013547,7.024189769,0,1.519657102,0.658935057,0.504207452,1.12493483834684,1.93445895856122,3.5,3937.27193421394,6770.60635496428
2014-09-16,"-0.749981895",3.362494378,2.352957818,1.503758857,7.36380899,0,1.166750912,0.738375114,0.521788833,1.16379111947045,1.95295509748695,3.5,4073.26891814659,6835.34284120433
2014-09-17,"23.64227804",2.826929424,1.653438355,1.124642829,7.092742692,0,1.225422748,0.625276162,0.487512315,1.22173191097176,2.01697868176257,3.45878026825992,4225.70222677262,6976.28606598129
2014-09-18,"-5.870241223",1.84315913,6.12e-08,0.443433367,6.519725239,0,0.816963056,0.200666411,0.196547695,1.29057495176345,2.0907673663184,3.5,4517.01233117206,7317.6857821144
2014-09-19,"-84.43443009",3.177044978,1.27788322,0.67821747,7.904547258,0,0.697346816,0.174178497,0.148865627,1.30872022121524,1.94464470974998,3.5,4580.52077425335,6806.25648412494
2014-09-20,"70.33555298",4.87e-06,1.450465461,1.08e-06,8.130548841,0,1.620280633,0.60892655,0.359263474,1.20587664809216,1.83298252456531,3.5,4220.56826832255,6415.43883597857
2014-09-21,"8.351050803",6.79e-08,1.726702659,1.6e-08,8.150161837,0,1.01987961,0.363033793,0.240408996,1.14649786776355,1.72780004744492,3.5,4012.74253717243,6047.30016605724
2014-09-22,"126.1980018",6.46047689,4.053103589,2.578205842,7.156876796,0,2.911757025,1.631809987,1.162005391,NA,NA,3.41200250651821,NA,NA
2014-09-23,"115.6028188",3.222373897,1.382510039,1.412787178,6.227431644,0,1.86403409,1.039496128,0.817249502,NA,NA,2.50003558708137,NA,NA
2014-09-24,"125.8119247",4.264837247,1.336818915,1.239142539,6.277970402,0,2.809590384,1.090501912,0.816322584,NA,NA,2.54180875722166,NA,NA
2014-09-25,"60.50518286",4.885757716,0.242393823,1.143457307,5.544159528,0,1.97421503,0.534407369,0.462043092,NA,NA,2.48294565066025,NA,NA
