"","lakeID","dateSample","depthClass","volFiltered","POC","PON","flag","particulateP.ug","Cmol","Nmol","Pmol","CP","CN","NP"
"1","EL","09/16/2012","PML",150,0.34,0.02,0,5.89,4.24610773457664e-06,2.14178624973228e-07,2.85248442191586e-08,148.856474095124,19.8250770127383,7.5084941157847
"2","EL","09/16/2012","Hypo",150,0.59,0.06,0,11.3,7.36824577470652e-06,6.42535874919683e-07,5.47250831369257e-08,134.641107008841,11.4674465073682,11.7411584978686
"3","WL","09/16/2012","PML",150,0.34,0.02,0,6.21,4.24610773457664e-06,2.14178624973228e-07,3.0074581086753e-08,141.185931146583,19.8250770127383,7.12158298582478
"4","WL","09/16/2012","Hypo",150,0.71,0.07,0,6.58,8.86687203396886e-06,7.49625187406297e-07,3.18664643399089e-08,278.250889065975,11.8284072933145,23.5239523095595
"5","EL","05/16/2012","PML",200,0.35,0.03,0,6.39,5.82799100824245e-06,4.28357249946455e-07,4.12617440996997e-08,141.244417447804,13.605445008742,10.3814625215896
"26","EL","06/01/2011","Hypo",100,0.8,0.06,0,12.7,6.66056115227708e-06,4.28357249946455e-07,4.10034546217673e-08,162.439024070455,15.5490800099908,10.4468575610957
"28","WL","06/01/2011","Hypo",100,0.81,0.06,0,12.43,6.74381816668054e-06,4.28357249946455e-07,4.01317276337455e-08,168.042059595009,15.7434435101157,10.6737804526079
"30","WL","06/01/2011","PML",100,0.67,0.05,0,12.77,5.57821996503205e-06,3.56964374955379e-07,4.12294579149582e-08,135.296951430648,15.6268254100408,8.65799341072276
"32","EL","06/01/2011","PML",100,0.97,0.08,0,NA,8.07593039713596e-06,5.71142999928607e-07,NA,NA,14.1399446340854,NA
"34","WL","06/08/2011","PML",100,0.69,0.05,0,12.54,5.74473399383898e-06,3.56964374955379e-07,4.04868756659026e-08,141.891264745753,16.0932978103405,8.816792332929
"36","WL","06/08/2011","Hypo",100,0.9,0.07,0,NA,7.49313129631172e-06,4.99750124937531e-07,NA,NA,14.9937557239197,NA
"38","EL","06/08/2011","PML",100,0.59,0.04,0,10.35,4.91216384980435e-06,2.85571499964304e-07,3.34162012075033e-08,146.999469487913,17.2011697610524,8.54589958298974
"39","EL","06/08/2011","Hypo",100,0.77,0.05,0,9.07,6.41079010906669e-06,3.56964374955379e-07,2.9283569560585e-08,218.921060692528,17.9591874115394,12.1899201604112
"40","EL","07/06/2011","Hypo",100,2.92,0.06,0,14.88,2.43110482058113e-05,4.28357249946455e-07,4.80418428954251e-08,506.039043063572,56.7541420364666,8.91633676249433
"41","WL","07/06/2011","Hypo",100,1.22,0.1,0,18.29,1.01573557572225e-05,7.13928749910759e-07,5.90514318922933e-08,172.008627593469,14.2274082091416,12.0899481525347
"42","EL","07/06/2011","PML",100,1.41,0.09,0,29.85,1.17392390308884e-05,6.42535874919683e-07,9.63742614535241e-08,121.80886114027,18.2701690117392,6.66709000130229
"43","WL","07/06/2011","PML",100,0.65,0.05,0,17.81,5.41170593622513e-06,3.56964374955379e-07,5.75016950246989e-08,94.1138506247619,15.1603530097411,6.20789308562211
"44","EL","06/29/2011","Hypo",100,0.63,0.05,0,14.85,5.2451919074182e-06,3.56964374955379e-07,4.79449843412004e-08,109.400221514117,14.6938806094413,7.44529130336227
"45","WL","08/17/2011","PML",100,0.72,0.06,0,12.58,5.99450503704937e-06,4.28357249946455e-07,4.06160204048688e-08,147.589669723792,13.9941720089918,10.546509620502
"46","WL","08/17/2011","Hypo",100,1.07,0.1,0,25.17,8.90850054117059e-06,7.13928749910759e-07,8.12643269944791e-08,109.623753381675,12.4781367080177,8.78526625784106
"47","EL","08/17/2011","PML",100,0.71,0.07,0,12.58,5.91124802264591e-06,4.99750124937531e-07,4.06160204048688e-08,145.53981319985,11.8284072933145,12.304261223919
"48","EL","08/17/2011","Hypo",100,1.05,0.1,0,19.29,8.74198651236367e-06,7.13928749910759e-07,6.22800503664482e-08,140.365758552328,12.2449005078678,11.463201229127
"50","WL","09/21/2011","PML",120,0.56,0.04,0,12.86,5.59487136791275e-06,3.42685799957164e-07,4.98240402931586e-08,112.292606841862,16.3265340104904,6.87792073747619
"51","EL","09/21/2011","PML",120,0.49,0.04,0,13.92,4.89551244692365e-06,3.42685799957164e-07,5.39308429922836e-08,90.7738906959808,14.2857172591791,6.35417102614538
"52","EL","09/21/2011","Hypo",120,0.66,0.06,0,0,6.59395554075431e-06,5.14028699935746e-07,0,Inf,12.8279910082424,Inf
"73","EL","06/29/2011","PML",100,2.14,0.11,0,41.86,1.78170010823412e-05,7.85321624901835e-07,1.35149969328125e-07,131.831336484318,22.6875212873048,5.81074216151088
"74","WL","06/29/2011","PML",100,1.61,0.08,0,37.49,1.34043793189576e-05,5.71142999928607e-07,1.21040906596068e-07,110.742555520425,23.4693926400799,4.71859486177347
"75","WL","06/29/2011","Hypo",100,3.69,0.08,0,30.99,3.0721838314878e-05,5.71142999928607e-07,1.00054886514061e-07,307.049854187389,53.7900986595621,5.70829691409769
"76","EL","07/20/2011","Hypo",100,1.63,0.11,0,18.05,1.35708933477646e-05,7.85321624901835e-07,5.82765634584961e-08,232.870515047264,17.2806821020125,13.4757710183294
"77","WL","07/20/2011","PML",100,0.96,0.05,0,13.06,7.9926733827325e-06,3.56964374955379e-07,4.21657572724631e-08,189.553654428311,22.3906752143868,8.46574087710028
"78","WL","07/20/2011","Hypo",100,1.72,0.09,0,18.67,1.43202064773957e-05,6.42535874919683e-07,6.02783069124722e-08,237.568160270154,22.2870146809869,10.6594877631962
"79","EL","07/20/2011","PML",100,1.25,0.08,0,10.17,1.04071268004329e-05,5.71142999928607e-07,3.28350498821554e-08,316.951758495388,18.221578136708,17.3943088857313
"80","WL","07/13/2011","PML",100,0.99,0.06,0,11.58,8.24244442594289e-06,4.28357249946455e-07,3.73874019307138e-08,220.460475997175,19.2419865123637,11.4572617466248
"81","WL","07/13/2011","Hypo",100,1.58,0.09,0,20.53,1.31546082757472e-05,6.42535874919683e-07,6.62835372744003e-08,198.459660070491,20.4729553464879,9.69374751772398
"82","EL","07/13/2011","Hypo",100,1.17,0.07,0,11.37,9.74107068520523e-06,4.99750124937531e-07,3.67093920511413e-08,265.356360890819,19.4918824410957,13.6136856813458
"83","EL","07/13/2011","PML",100,0.98,0.06,0,8.76,8.15918741153942e-06,4.28357249946455e-07,2.8282697833597e-08,288.486885499555,19.0476230122388,15.1455583362917
"89","EL","08/10/2011","PML",100,1.12,0.06,0,9.65,9.32478561318791e-06,4.28357249946455e-07,3.11561682755949e-08,299.291797717377,21.7687120139872,13.7487140959498
"90","WL","08/10/2011","PML",100,0.95,0.05,0,13.06,7.90941636832903e-06,3.56964374955379e-07,4.21657572724631e-08,187.579137194682,22.1574390142369,8.46574087710028
"91","EL","08/10/2011","Hypo",100,1.5,0.09,0,16.77,1.24885521605195e-05,6.42535874919683e-07,5.41439318115778e-08,230.654696522225,19.4363500124886,11.8671816660032
"92","WL","08/10/2011","Hypo",100,1.69,0.1,0,16.16,1.40704354341853e-05,7.13928749910759e-07,5.21744745423433e-08,269.680443504345,19.7084589126634,13.6834871107586
"97","WL","06/15/2011","Hypo",100,1.21,0.06,0,14.3,1.00740987428191e-05,4.28357249946455e-07,4.61692441804152e-08,218.199342910025,23.5179835151112,9.27797839342067
"98","EL","06/15/2011","Hypo",100,1.15,0.05,0,12.95,9.5745566563983e-06,3.56964374955379e-07,4.18106092403061e-08,228.998257388899,26.8221630172342,8.53765064516831
"99","EL","06/15/2011","PML",100,0.96,0.04,0,9.14,7.9926733827325e-06,2.85571499964304e-07,2.95095728537759e-08,270.850188931481,27.9883440179835,9.67724952778378
"100","WL","06/15/2011","PML",100,0.94,0.05,0,14.5,7.82615935392557e-06,3.56964374955379e-07,4.68149678752462e-08,167.172161151129,21.9242028140871,7.62500523137446
"102","WL","06/22/2011","PML",100,0.83,0.05,0,12.82,6.91033219548747e-06,3.56964374955379e-07,4.13908888386659e-08,166.95297901001,19.3586046124386,8.62422588571994
"103","EL","06/22/2011","Hypo",100,0.93,0.04,0,11.44,7.74290233952211e-06,2.85571499964304e-07,3.69353953443322e-08,209.63366622554,27.1137082674215,7.7316486611839
"104","WL","06/22/2011","Hypo",100,0.6,0.06,0,15.57,4.99542086420781e-06,4.28357249946455e-07,5.02695896425919e-08,99.3726206982071,11.6618100074931,8.52120045124699
"114","WL","05/25/2011","Hypo",100,0.52,0.05,0,10.82,4.3293647489801e-06,3.56964374955379e-07,3.49336518903561e-08,123.931066885546,12.1282824077929,10.2183526668142
"115","EL","05/25/2011","Hypo",100,0.58,0.06,0,9.82,4.82890683540088e-06,4.28357249946455e-07,3.17050334162012e-08,152.307262131234,11.2730830072434,13.5107017338
"116","EL","05/25/2011","PML",100,0.4,0.04,0,8.48,3.33028057613854e-06,2.85571499964304e-07,2.73786846608336e-08,121.637712599928,11.6618100074931,10.4304316844273
"117","WL","05/17/2011","PML",100,0.55,0.07,0,1.88,4.57913579219049e-06,4.99750124937531e-07,6.06980273141123e-09,754.412621763384,9.16285072017318,82.3338330834583
"118","WL","05/25/2011","PML",100,0.48,0.06,0,11.68,3.99633669136625e-06,4.28357249946455e-07,3.77102637781293e-08,105.974774265143,9.32944800599451,11.3591687522188
"119","WL","05/17/2011","Hypo",100,0.48,0.05,0,0,3.99633669136625e-06,3.56964374955379e-07,0,Inf,11.1953376071934,Inf
"120","EL","08/03/2011","PML",100,0.44,0.06,0,0.75,3.66330863375239e-06,4.28357249946455e-07,2.42146385561618e-09,1512.84877750951,8.55199400549496,176.900121367887
"121","EL","08/03/2011","Hypo",100,0.66,0.09,0,16.01,5.49496295062859e-06,6.42535874919683e-07,5.16901817712201e-08,106.305738582023,8.55199400549496,12.4305207082369
"122","WL","08/03/2011","Hypo",100,0.84,0.11,0,22.68,6.99358920989093e-06,7.85321624901835e-07,7.32250669938333e-08,95.5081298932768,8.90538218754021,10.7247648536528
"123","WL","08/03/2011","PML",100,0.68,0.09,0,12.24,5.66147697943552e-06,6.42535874919683e-07,3.95182901236561e-08,143.262194839915,8.81114533899481,16.2592023316073
"124","WL","07/27/2011","Hypo",100,0.67,0.08,0,23.52,5.57821996503205e-06,5.71142999928607e-07,7.59371065121235e-08,73.4584213337321,9.7667658812755,7.52126366360066
"125","EL","07/27/2011","PML",100,0.44,0.05,0,15.01,3.66330863375239e-06,3.56964374955379e-07,4.84615632970652e-08,75.5920441793557,10.262392806594,7.3659277718141
"126","EL","07/27/2011","Hypo",100,0.73,0.08,0,18.82,6.07776205145283e-06,5.71142999928607e-07,6.07625996835954e-08,100.024720520536,10.6414016318375,9.39958136917575
"127","WL","07/27/2011","PML",100,0.41,0.04,0,18.01,3.413537590542e-06,2.85571499964304e-07,5.81474187195299e-08,58.704886058777,11.9533552576805,4.91116383586584
"128","WL","05/16/2012","PML",200,0.49,0.04,0,6.41,8.15918741153942e-06,5.71142999928607e-07,4.13908888386659e-08,197.125204132301,14.2857172591791,13.7987614171519
"129","WL","05/16/2012","Hypo",150,0.77,0.06,0,15.1,9.61618516360003e-06,6.42535874919683e-07,7.31282084396087e-08,131.497617250412,14.9659895096162,8.78642986926593
"130","EL","05/16/2012","Hypo",150,0.66,0.06,0,11.08,8.24244442594289e-06,6.42535874919683e-07,5.36596390404546e-08,153.606035622581,12.8279910082424,11.9742861936747
"136","WL","05/23/2012","PML",200,0.47,0.06,0,6.53,7.82615935392557e-06,8.56714499892911e-07,4.21657572724631e-08,185.604619961054,9.13508450586962,20.3177781050407
"137","EL","05/23/2012","PML",200,0.63,0.06,0,6.12,1.04903838148364e-05,8.56714499892911e-07,3.95182901236561e-08,265.456419850431,12.2449005078678,21.6789364421431
"138","WL","05/23/2012","Hypo",150,0.89,0.09,0,15.33,1.11148114228624e-05,9.63803812379524e-07,7.42420818131921e-08,149.71039539044,11.5322343407432,12.9819071453929
"139","EL","05/23/2012","Hypo",150,0.92,0.1,0,12.81,1.1489467987678e-05,1.07089312486614e-06,6.20379039808866e-08,185.200776467525,10.7288652068937,17.2619166049851
"144","WL","05/30/2012","PML",200,0.61,0.07,0,7.02,1.01573557572225e-05,9.99500249875063e-07,4.53298033771349e-08,224.076766288073,10.1624344351012,22.0495165522652
"145","WL","05/30/2012","Hypo",150,0.77,0.07,0,16.08,9.61618516360003e-06,7.49625187406297e-07,7.78742775966164e-08,123.483458985151,12.8279910082424,9.62609491274264
"146","EL","05/30/2012","PML",200,1.11,0.05,0,4.86,1.84830571975689e-05,7.13928749910759e-07,3.13821715687857e-08,588.966801008541,25.8892182166348,22.749501204718
"147","EL","05/30/2012","Hypo",150,0.99,0.1,0,14.77,1.23636666389143e-05,1.07089312486614e-06,7.1530042294902e-08,172.845789576662,11.5451919074182,14.9712357284942
"148","WL","06/06/2012","PML",200,0.53,0.04,0,7.47,8.82524352676713e-06,5.71142999928607e-07,4.82355600038743e-08,182.961357265434,15.4518982599284,11.8407042414918
"149","WL","06/06/2012","Hypo",200,0.83,0.09,0,14.83,1.38206643909749e-05,1.28507174983937e-06,9.57608239434346e-08,144.324827438188,10.7547803402437,13.4195978785484
"150","EL","06/06/2012","PML",200,0.62,0.06,0,4.49,1.03238697860295e-05,8.56714499892911e-07,2.89929938979111e-08,356.08153550411,12.0505370077429,29.5490180458609
"151","EL","06/06/2012","Hypo",150,0.94,0.1,0,18.86,1.17392390308884e-05,1.07089312486614e-06,9.13376166338424e-08,128.525786675046,10.9621014070435,11.7245573547115
"152","WL","06/13/2012","PML",200,0.3,0.02,0,5.45,4.99542086420781e-06,2.85571499964304e-07,3.51919413682885e-08,141.947862777164,17.4927150112397,8.11468446641686
"153","WL","06/13/2012","Hypo",150,0.67,0.07,0,11,8.36732994754808e-06,7.49625187406297e-07,5.3272204823556e-08,157.067460888125,11.1620181500291,14.0716005633547
"154","EL","06/13/2012","PML",200,0.29,0.02,0,3.95,4.82890683540088e-06,2.85571499964304e-07,2.55060859458238e-08,189.323710649204,16.909624510865,11.1962102131574
"155","EL","06/13/2012","Hypo",100,1.82,0.23,0,17.34,1.51527766214304e-05,1.64203612479475e-06,5.59842443418461e-08,270.661447690636,9.22804096245109,29.3303257746642
"159","WL","06/19/2012","PML",200,0.54,0.06,0,6.8,8.99175755557406e-06,8.56714499892911e-07,4.39092112485068e-08,204.780666741761,10.4956290067438,19.5110427979288
"160","WL","06/19/2012","Hypo",200,0.68,0.08,0,23.17,1.1322953958871e-05,1.14228599985721e-06,1.49614180092338e-07,75.6810213569514,9.91253850636916,7.63487791833783
"162","WL","06/20/2012","PML",200,0.72,0.12,0,8.65,1.19890100740987e-05,1.71342899978582e-06,5.58550996028799e-08,214.644860708127,6.99708600449588,30.6763216244892
"163","WL","06/20/2012","Hypo",180,0.75,0.09,0,12.03,1.12396969444676e-05,1.15656457485543e-06,6.99125044393504e-08,160.768049072224,9.71817500624428,16.5430288062239
"164","EL","06/20/2012","PML",200,0.63,0.09,0,6.96,1.04903838148364e-05,1.28507174983937e-06,4.49423691602363e-08,233.418576075379,8.16326700524519,28.5937696176542
"165","EL","06/20/2012","Hypo",180,0.79,0.1,0,14.02,1.18391474481725e-05,1.28507174983937e-06,8.14774158137733e-08,145.305878075863,9.21282990591957,15.7721220905748
"170","WL","06/27/2012","PML",200,0.38,0.04,0,6.48,6.32753309466323e-06,5.71142999928607e-07,4.18428954250476e-08,151.221205664355,11.0787195071185,13.6497007228308
"171","EL","06/27/2012","PML",200,0.6,0.07,0,11.63,9.99084172841562e-06,9.99500249875063e-07,7.50976657088432e-08,133.037979730962,9.99583714927983,13.3093384520122
"172","WL","06/27/2012","Hypo",180,0.6,0.07,0,5.87,8.99175755557406e-06,8.99550224887556e-07,3.41135827979208e-08,263.582913845159,9.99583714927982,26.3692685173597
"173","EL","06/27/2012","Hypo",150,0.95,0.11,0,12.77,1.18641245524935e-05,1.17798243735275e-06,6.18441868724373e-08,191.838960983755,10.0715631882895,19.0475855035901
"174","WL","07/04/2012","PML",200,0.53,0.05,0,5.99,8.82524352676713e-06,7.13928749910759e-07,3.86788493203758e-08,228.167168409481,12.3615186079427,18.4578590742787
"175","WL","07/04/2012","Hypo",180,0.86,0.1,0,14,1.28881858296561e-05,1.28507174983937e-06,8.13611855487037e-08,158.407055437278,10.0291566064441,15.7946536935614
"176","EL","07/04/2012","PML",200,0.56,0.06,0,13.21,9.32478561318791e-06,8.56714499892911e-07,8.53001000871727e-08,109.317405297982,10.8843560069936,10.0435345212654
"177","EL","07/04/2012","Hypo",200,0.9,0.11,0,15.75,1.49862625926234e-05,1.57064324980367e-06,1.0170148193588e-07,147.35540040677,9.54148091522165,15.44366138926
"178","WL","07/11/2012","PML",180,0.55,0.05,0,6.5,8.24244442594289e-06,6.42535874919683e-07,3.77748361476124e-08,218.199342910025,12.8279910082424,17.0096270546046
"179","WL","07/11/2012","Hypo",180,0.7,0.08,0,16.92,1.04903838148364e-05,1.02805739987149e-06,9.83308042488619e-08,106.68461317866,10.2040837565565,10.4550899153598
"180","EL","07/11/2012","PML",180,0.52,0.05,0,6.9,7.79285654816418e-06,6.42535874919683e-07,4.0099441449004e-08,194.338281695885,12.1282824077929,16.0235617181057
"181","EL","07/11/2012","Hypo",180,0.81,0.1,0,14.93,1.2138872700025e-05,1.28507174983937e-06,8.6765892874439e-08,139.903737492697,9.44606610606944,14.8107938184768
"182","WL","07/18/2012","PML",180,0.43,0.04,0,6.8,6.44409291482807e-06,5.14028699935746e-07,3.95182901236561e-08,163.066086479551,12.5364457580551,13.0073618652858
"183","WL","07/18/2012","Hypo",180,0.67,0.08,0,11.37,1.00407959370577e-05,1.02805739987149e-06,6.60769056920544e-08,151.956206663973,9.7667658812755,15.558497921538
"184","EL","07/18/2012","PML",180,0.52,0.05,0,5.81,7.79285654816418e-06,6.42535874919683e-07,3.3764892002712e-08,230.797615094941,12.1282824077929,19.0297032452547
"185","EL","07/18/2012","Hypo",180,0.61,0.07,0,12.35,9.14162018150029e-06,8.99550224887556e-07,7.17721886804636e-08,127.369951363747,10.1624344351012,12.533409408656
"186","WL","07/25/2012","PML",200,0.43,0.04,0,7.15,7.16010323869786e-06,5.71142999928607e-07,4.61692441804152e-08,155.083830498034,12.5364457580551,12.3706378578942
"187","WL","07/25/2012","Hypo",180,0.82,0.09,0,15.52,1.22887353259512e-05,1.15656457485543e-06,9.01946856939915e-08,136.246778082291,10.6252046734937,12.8229791584326
"188","EL","07/25/2012","PML",200,0.41,0.03,0,6.33,6.82707518108401e-06,4.28357249946455e-07,4.08743098828012e-08,167.026066021892,15.9378070102406,10.4798650099459
"189","EL","07/25/2012","Hypo",180,0.69,0.08,0,22.52,1.03405211889102e-05,1.02805739987149e-06,1.30875278468343e-07,79.0104999960811,10.0583111314628,7.85524517619394
"194","WL","07/30/2012","PML",200,0.48,0.05,0,6.93,7.9926733827325e-06,7.13928749910759e-07,4.4748652051787e-08,178.612606553661,11.1953376071934,15.954195650062
"195","WL","07/30/2012","PML",200,0.56,0.06,0,6.93,9.32478561318791e-06,8.56714499892911e-07,4.4748652051787e-08,208.381374312604,10.8843560069936,19.1450347800744
"196","WL","07/30/2012","Hypo",180,0.84,0.11,0,14.49,1.25884605778037e-05,1.4135789248233e-06,8.42088270429083e-08,149.490985919912,8.90538218754021,16.786588466587
"202","WL","08/01/2012","Hypo",180,0.65,0.07,0,17.28,9.74107068520523e-06,8.99550224887556e-07,1.00422949020114e-07,97.0004444228593,10.8288235783865,8.95761609935773
"203","EL","08/01/2012","PML",200,0.44,0.04,0,8.68,7.32661726750479e-06,5.71142999928607e-07,5.60488167113292e-08,130.718500360844,12.8279910082424,10.1900991571364
"204","EL","08/01/2012","PML",200,0.45,0.04,0,8.68,7.49313129631172e-06,5.71142999928607e-07,5.60488167113292e-08,133.689375369045,13.1195362584298,10.1900991571364
"205","EL","08/01/2012","Hypo",180,0.76,0.08,0,13.72,1.13895595703938e-05,1.02805739987149e-06,7.97339618377296e-08,142.844520802481,11.0787195071185,12.8935948518868
"213","WL","08/08/2012","PML",200,0.68,0.05,0,8.08,1.1322953958871e-05,7.13928749910759e-07,5.21744745423433e-08,217.020948618882,15.8600616101907,13.6834871107586
"214","WL","08/08/2012","Hypo",150,1.04,0.12,0,14.67,1.29880942469403e-05,1.28507174983937e-06,7.10457495237788e-08,182.813107525782,10.1069020064941,18.0879469701316
"215","EL","08/08/2012","PML",180,0.49,0.04,0,6.8,7.34326867038548e-06,5.14028699935746e-07,3.95182901236561e-08,185.819493895302,14.2857172591791,13.0073618652858
"216","EL","08/08/2012","Hypo",150,0.8,0.09,0,14.38,9.99084172841562e-06,9.63803812379524e-07,6.96413004875214e-08,143.461446849428,10.3660533399939,13.8395435701581
"217","WL","08/15/2012","PML",180,0.76,0.06,0,11,1.13895595703938e-05,7.7104304990362e-07,6.39266457882672e-08,178.166075037276,14.7716260094913,12.0613719114469
"218","WL","08/15/2012","Hypo",150,1.01,0.12,0,20.9,1.26134376821247e-05,1.28507174983937e-06,1.01217189164756e-07,124.617545559314,9.81535675630672,12.6961809594178
"219","EL","08/15/2012","PML",180,0.54,0.04,0,6.32,8.09258180001665e-06,5.14028699935746e-07,3.67287637619863e-08,220.333628772781,15.7434435101157,13.9952627664468
"220","EL","08/15/2012","Hypo",150,0.7,0,0,11.59,8.74198651236367e-06,0,5.61295321731831e-08,155.746648402324,Inf,0
"1221","EL","04/28/2013","Surface",180,0.947401111,0.111747778,0,1.648962,1.41980018316543e-05,1.4360391232955e-06,5.32386917637943e-08,266.685776101468,9.88691853956738,26.9735990070307
"1231","EL","04/30/2013","Surface",180,0.950483889,0.130237778,0,2.683593,1.42442011489468e-05,1.67364888984079e-06,8.6642979369128e-08,164.401100385315,8.51086583058755,19.3166128638131
"1241","EL","05/01/2013","Surface",180,0.997322222,0.129473333,0,2.447418,1.4946132711681e-05,1.66382523024202e-06,7.90177896877926e-08,189.148959629656,8.98299439148839,21.0563372731124
"1251","EL","05/04/2013","Surface",180,0.6433,0.073191111,0,0.824343,9.64066272583465e-06,9.4055829228243e-07,2.66148903884028e-08,362.228158190555,10.2499364525721,35.3395516027475
"1261","WL","05/15/2013","Hypo",180,1.054204444,0.137165556,0,3.407193,1.57985846307551e-05,1.76267580495467e-06,1.10005262648113e-07,143.616625699918,8.96284193970738,16.023558896388
"1271","EL","05/15/2013","PML",180,1.379188889,0.211555556,0,2.422293,2.06688868537174e-05,2.71864067966017e-06,7.82065992961612e-08,264.285712967089,7.60265488865599,34.7622924935648
"1281","EL","05/15/2013","Hypo",180,0.968682222,0.087094444,0,1.688643,1.45169261510282e-05,1.1192261012351e-06,5.45198398605237e-08,266.268686558258,12.9705035783283,20.5287855595023
"1291","EL","05/15/2013","Surface",180,0.896087778,0.100233333,0,2.035368,1.34290067438182e-05,1.28807025058899e-06,6.57142672650373e-08,204.354507821819,10.4256788305432,19.6010745336926
"1301","EL","05/15/2013","Surface",180,0.712911111,0.031767778,0,0.507768,1.06838731163101e-05,4.0823873777397e-07,1.63938914538469e-08,651.698417449448,26.1706499842879,24.9018812234587
"131","WL","05/22/2013","PML",180,0.927512222,0.106205556,0,1.424025,1.38999417200899e-05,1.3648175912044e-06,4.59763342265844e-08,302.328185879001,10.1844684664591,29.6852198889583
"132","WL","05/22/2013","Hypo",140,0.98462,0.107248571,0,0.606741,1.14767130130714e-05,1.07194973941601e-06,1.95893520162722e-08,585.864861866693,10.7063909725131,54.7210412332972
"133","EL","05/22/2013","PML",140,1.579027857,0.215915714,0,1.641645,1.84051203063858e-05,2.15807810380524e-06,5.30024537500404e-08,347.250344166789,8.528477386399,40.7165697268043
"134","EL","05/22/2013","Hypo",150,0.985566667,0.103596,0,1.535253,1.2308300724336e-05,1.10940244163632e-06,4.95674619830175e-08,248.314120431525,11.0945318510222,22.381667272301
"135","EL","05/22/2013","Surface",180,0.877093889,0.10224,0,1.544925,1.31443593372742e-05,1.31385735703577e-06,4.98797339618377e-08,263.521039373039,10.0044036492131,26.3405045031111
"1361","EL","05/22/2013","Surface",180,0.430886667,0.033057778,0,0.635757,6.45738073432687e-06,4.24816163346898e-07,2.0526167952733e-08,314.592609258421,15.2004120640153,20.6963211216604
"1371","EL","05/29/2013","Surface",140,0.712667857,0.072234286,0,1.4312508,8.30684372658397e-06,7.21981866209752e-07,4.62096277402899e-08,179.76435069485,11.5056126966084,15.6240571827905
"1381","EL","05/29/2013","Surface",140,0.601687857,0.04539,0,0.4383204,7.01326284239447e-06,4.53673163418291e-07,1.41516934103897e-08,495.577641418205,15.4588444014445,32.0578711156376
"1391","WL","05/29/2013","PML",140,1.345560714,0.112961429,0,0.4732476,1.56838314878029e-05,1.12904976083387e-06,1.52793594420947e-08,1026.4717933524,13.8911782561465,73.8937888798748
"140","WL","05/29/2013","Hypo",140,1.322290714,0.092567143,0,2.4940356,1.54125967862792e-05,9.25208824159349e-07,8.05228941336002e-08,191.406393822697,16.6585060408208,11.4900095695055
"141","EL","05/29/2013","PML",150,1.279723333,0.119477333,0,1.3214796,1.59818915993672e-05,1.27947454844007e-06,4.26655344977884e-08,374.585524064996,12.4909804722981,29.9884804796337
"142","EL","05/29/2013","Hypo",NA,NA,NA,0,1.1967396,1.03172591790858e-05,8.34339972870708e-07,3.86381558131276e-08,267.022557416689,12.3657735630085,21.5936800116955
"143","WL","06/05/2013","PML",140,0.669324286,0.063818571,0,0.468258,7.80163183748231e-06,6.37866780895267e-07,1.51182642947083e-08,516.040180631916,12.2308169529262,42.1917998297287
"1441","WL","06/05/2013","Hypo",140,1.103015714,0.117814286,0,2.2844724,1.28567313296145e-05,1.17755408010281e-06,7.375689794337e-08,174.312256725952,10.9181663473936,15.9653417231148
"1451","EL","06/05/2013","PML",180,0.684370556,0.080214444,0,1.1717916,1.02561568562151e-05,1.03081316484615e-06,3.78326800761954e-08,271.092527295426,9.94957884317077,27.2466334071517
"1461","EL","06/05/2013","Hypo",140,0.827483571,0.082247143,0,1.1817708,9.64513362750812e-06,8.22060398372242e-07,3.81548703709683e-08,252.789055072954,11.7328771056317,21.5453594883064
"1471","EL","06/05/2013","Surface",100,2.685705,0.298412,0,3.037902,2.23603779868454e-05,2.13044906118369e-06,9.80822651987214e-08,227.9757501679,10.4956172828755,21.721042605075
"1481","EL","06/05/2013","Surface",180,0.762136111,0.043855556,0,0.518154,1.14215718924319e-05,5.63575355179553e-07,1.67292157685726e-08,682.732056925729,20.2662728017854,33.6880917178605
"1491","EL","06/12/2013","PML",200,0.450627,0.046522,0,0.7843524,7.50357172591791e-06,6.64267866066967e-07,2.53237464888774e-08,296.30575117365,11.2960028765887,26.2310265330892
"1501","EL","06/12/2013","Hypo",140,0.800505714,0.064985714,0,0.83673,9.33068020980768e-06,6.49532376668808e-07,2.70148193587964e-08,345.391175335381,14.3652272695951,24.0435580205837
"1511","WL","06/12/2013","PML",200,0.425982,0.030194,0,0.6843588,7.09319790192324e-06,4.31127293496109e-07,2.20953346463048e-08,321.026950506472,16.4526765271641,19.5121413817649
"1521","WL","06/12/2013","Hypo",180,0.976413333,0.092361111,0,3.3318084,1.46327866122721e-05,1.18690654672664e-06,1.07571381525845e-07,136.028620295784,12.3285077941711,11.0336646224207
"1531","EL","06/19/2013","PML",180,0.586928889,0.046167778,0,0.8319684,8.79587045208559e-06,5.93289069750839e-07,2.6861085461531e-08,327.457744203322,14.8256067750912,22.0873080725094
"1541","EL","06/19/2013","Hypo",140,0.956231429,0.052037143,0,1.5414468,1.11458163350262e-05,5.20111372884986e-07,4.97674361540697e-08,223.958017457863,21.4296724049734,10.4508371955274
"1551","WL","06/19/2013","PML",200,0.555842,0.050612,0,0.908154,9.25554908000999e-06,7.22667237809667e-07,2.93208278177768e-08,315.664657817011,12.8074839923042,24.6468906778793
"156","WL","06/19/2013","Hypo",200,0.791568,0.081239,0,3.6270276,1.31807176754642e-05,1.15997715428e-06,1.17102883156297e-07,112.556730630379,11.3629114391011,9.90562420851568
"157","EL","06/19/2013","Surface",280,0.456124286,0.014772857,0,0.4748484,1.06331529431355e-05,2.95309488113086e-07,1.5331043166629e-08,693.570087016687,36.0068110614298,19.2621914179907
"158","EL","06/19/2013","Surface",180,0.876366667,0.069036667,0,0.9033924,1.31334609940888e-05,8.87170700364104e-07,2.91670939205114e-08,450.283495156602,14.8037587227561,30.4168355881424
"1591","WL","06/26/2013","PML",200,0.442752,0.046922,0,0.6043956,7.37244192823245e-06,6.69979296066253e-07,1.95136279985794e-08,377.809904379092,11.0039847074669,34.3339176146551
"1601","WL","06/26/2013","Hypo",200,0.674952,0.086077,0,2.9579292,1.12388976771293e-05,1.22905690012137e-06,9.55002486036225e-08,117.684486076856,9.14432657757299,12.8696722583688
"161","EL","06/26/2013","PML",200,0.58061,0.065126,0,NA,9.66797102655899e-06,9.29906475333762e-07,NA,NA,10.3967133072054,NA
"1621","EL","06/26/2013","Hypo",170,0.777164706,0.076425882,0,1.8011076,1.09997502289568e-05,9.27564789034054e-07,5.81508927130081e-08,189.158750893883,11.8587406065852,15.9509982694825
"1631","EL","06/26/2013","Surface",170,0.633696471,0.048015294,0,0.9634092,8.96914495046208e-06,5.82751481402156e-07,3.1104807412908e-08,288.352370467982,15.391029000701,18.735093700028
"1641","WL","07/03/2013","PML",200,0.511552,0.03823,0,NA,8.51805844642411e-06,5.45869922181766e-07,NA,NA,15.6045572402645,NA
"1651","WL","07/03/2013","Hypo",160,0.9579625,0.0961675,0,3.1523949,1.27611356256765e-05,1.09850788891269e-06,1.01778804119717e-07,125.381072572499,11.6167901518737,10.7930909427917
"166","EL","07/03/2013","PML",180,0.68688,0.07218,0,1.0880667,1.02937640496212e-05,9.27564789034054e-07,3.51295224873277e-08,293.023170278915,11.0976226904224,26.4041388370325
"167","EL","07/03/2013","Hypo",140,0.886694286,0.063048571,0,1.6963953,1.03352926484056e-05,6.30170628971229e-07,5.47701320504956e-08,188.703080702397,16.4007844435376,11.5057350672487
"168","EL","07/03/2013","Surface",200,0.440258,0.019575,0,NA,7.33091332944801e-06,2.79503105590062e-07,NA,NA,26.228378800914,NA
"169","EL","07/03/2013","Surface",180,0.605275556,0.034004444,0,1.1229708,9.07081841645159e-06,4.36981509245377e-07,3.62564427081652e-08,250.185008205694,20.7578998757086,12.052520231031
"1701","WL","07/10/2013","PML",200,0.54062,0.053523,0,NA,9.00208142536009e-06,7.64232169629471e-07,NA,NA,11.7792495305774,NA
"1711","WL","07/10/2013","Hypo",175,0.848921143,0.110790857,0,2.4792444,1.23687619681958e-05,1.38419361747698e-06,8.0045342717851e-08,154.521944041067,8.93571665988524,17.2926190391372
"1721","EL","07/10/2013","PML",180,1.057348889,0.134955556,1,2.5141485,1.58457081009075e-05,1.73427571928322e-06,8.11722629386885e-08,195.2108704038,9.13678714677307,21.3653735462957
"1731","EL","07/10/2013","Hypo",NA,NA,NA,1,2.9579292,1.63426192656731e-05,2.03342614407082e-06,9.55002486036225e-08,171.126457832626,8.03698689196353,21.292364928919
"1741","EL","07/10/2013","Surface",200,0.452814,0.026053,1,0.6293271,7.53998834401798e-06,3.719997144285e-07,2.03185710134633e-08,371.088514985719,20.2688014306721,18.3083600801458
"1751","EL","07/10/2013","Surface",180,0.94494,0.133444444,0,1.6565049,1.41611189742736e-05,1.71485685728564e-06,5.34822232266813e-08,264.781793274608,8.25790147679642,32.0640533213685
"1761","EL","07/17/2013","Surface",200,0.696936,0.05406,0,1.0669941,1.16049621180584e-05,7.71899764403513e-07,3.44491686307429e-08,336.872051759822,15.0342863843549,22.4069199659773
"1771","EL","07/17/2013","Surface",140,1.267382857,0.098714286,0,2.2565763,1.47725917908584e-05,9.86649532376669e-07,7.28562393052013e-08,202.76357840781,14.9724814192875,13.5424164324967
"1781","EL","07/25/2013","PML",140,0.709734286,0.065571429,0,1.2120651,8.27265007076846e-06,6.55386592418077e-07,3.91329577373842e-08,211.398538446418,12.6225500589601,16.7476886571234
"1791","EL","07/25/2013","Mete",170,0.671498824,0.068541176,0,1.8407061,9.5041878278245e-06,8.31869779396016e-07,5.94293771994963e-08,159.924069133692,11.4250908774749,13.9976189991617
"1801","EL","07/25/2013","Surface",180,0.577051111,0.039977778,0,0.8252091,8.64783948047623e-06,5.13743128435782e-07,2.66428534530075e-08,324.583832423552,16.8330027241566,19.2825865796214
"1811","EL","07/25/2013","Surface",50,3.864808,0.27416,0,1.777842,1.6088618766131e-05,9.78653530377668e-07,5.73997352532851e-08,280.290818331087,16.4395450143856,17.0497917117424
"1821","WL","07/31/2013","PML",200,0.627706,0.06022,0,1.3716432,1.04521854966281e-05,8.59855786392518e-07,4.42851257546896e-08,236.020228428983,12.1557424652333,19.4163564343376
"1831","WL","07/31/2013","Hypo",140,0.872642857,0.079171429,0,2.3194404,1.01715094496711e-05,7.91318626401085e-07,7.48858812514125e-08,135.826797784786,12.853873408656,10.5669935797966
"1841","EL","07/31/2013","PML",180,2.242488889,0.327844444,0,1.4296716,3.36065273499292e-05,4.21303633897337e-06,4.61586413973461e-08,728.065782106435,7.97679503474647,91.2729710284671
"1851","EL","07/31/2013","Hypo",180,0.640117778,0.051088889,0,2.1888765,9.59297310798435e-06,6.56528878417934e-07,7.06704710554354e-08,135.742311671581,14.6116544501454,9.29000286276483
"1861","EL","07/31/2013","Surface",200,0.384498,NA,0,0.5544099,6.40243110482058e-06,NA,1.78997804539438e-08,357.68210237517,NA,NA
"1871","EL","07/31/2013","Surface",120,1.32324,0.085033333,0,1.4103288,1.32202814087087e-05,7.28492896408938e-07,4.55341361831272e-08,290.337810638153,18.1474403853178,15.9988298334928
"1881","WL","08/06/2013","PML",200,0.529752,0.0443,0,0.5894979,8.82111397885272e-06,6.32540872420932e-07,1.90326381041552e-08,463.473005191376,13.9455240972675,33.2345347481196
"1891","WL","08/06/2013","Hypo",140,0.901145714,0.060942857,0,2.2473123,1.05037382399467e-05,6.09124009423859e-07,7.25571400897556e-08,144.765053128517,17.2440062736678,8.39509397242439
"190","EL","08/06/2013","PML",140,0.503457143,NA,0,0.6695628,5.86828740321372e-06,NA,2.16176282568689e-08,271.458428902769,NA,NA
"191","EL","08/06/2013","Hypo",140,0.747942857,0.0454,0,1.5502767,8.71800849221547e-06,4.53773113443278e-07,5.00525199367191e-08,174.177214318831,19.2122632080651,9.06593941757537
"192","EL","08/06/2013","Surface",280,0.425448571,0.026071429,0,0.7637568,9.91804179502123e-06,5.21167987434854e-07,2.46587931424144e-08,402.211160040988,19.0304125236798,21.1351782070153
"193","EL","08/06/2013","Surface",90,1.560213333,0.068488889,0,1.5314379,1.16908833569228e-05,4.40065681444992e-07,4.944428695961e-08,236.445585037415,26.5662237476343,8.90023314128227
"1941","WL","08/14/2013","PML",140,0.550511429,NA,0,0.9568545,6.41675131129798e-06,NA,3.08931811577826e-08,207.707690526441,NA,NA
"1951","WL","08/14/2013","Hypo",140,0.635405714,NA,1,1.9835691,7.40627757888602e-06,NA,6.40418784102283e-08,115.647413266741,NA,NA
"1961","EL","08/14/2013","PML",140,0.358362857,NA,1,0.8485314,4.17707101823329e-06,NA,2.73958415394053e-08,152.470987694432,NA,NA
"197","EL","08/14/2013","Hypo",140,0.406154286,NA,1,1.7386647,4.73412705020398e-06,NA,5.613484970781e-08,84.3349020233561,NA,NA
"198","EL","08/14/2013","Surface",200,0.3999075,0.025275,0,0.5047233,6.65902089751062e-06,3.60890983079889e-07,1.62955897071643e-08,408.6394550412,18.4516133949419,22.1465433019109
"199","EL","08/14/2013","Surface",140,0.605595,0.0285178571428571,0,0.6413046,7.05880442927317e-06,2.85036053401871e-07,2.07052787912052e-08,340.918105979402,24.7646020390305,13.7663470401056
"200","EL","04/23/2014","surface",180,0.571453333333333,0.0459333333333333,0,1.149057,8.5639497127633e-06,5.90276290426215e-07,3.70986665805702e-08,230.842520826571,14.508374894373,15.9109840011167
"201","WL","05/14/2014","PML",120,1.1334425,0.119404166666667,0,1.25856,1.13240446257597e-05,1.02295280930963e-06,4.0634100668324e-08,278.683284224555,11.0699579909283,25.174737289241
"2021","WL","05/14/2014","Hypo",120,0.9951125,0.118554166666667,0,2.363112,9.94201148946799e-06,1.01567073606054e-06,7.62958705969716e-08,130.308644644559,9.78861666136985,13.3122635355426
"2031","EL","05/14/2014","PML",120,1.2434175,0.154679166666667,0,1.820358,1.24227874448422e-05,1.32515884914686e-06,5.87724146837568e-08,211.371057522256,9.37456475715352,22.5472929141551
"2041","EL","05/14/2014","surface",140,0.508945714285714,0.023175,0,0.520605,5.93226209308134e-06,2.31634182908546e-07,1.68083492073742e-08,352.935438209407,25.6104777740146,13.7809001973212
"2051","WL","05/21/2014","PML",120,1.08826,0.118058333333333,0,NA,1.08726334193656e-05,1.01142285999857e-06,NA,NA,10.7498395076624,NA
"206","WL","05/21/2014","Hypo",120,1.0123375,0.1205375,0,2.558313,1.01141037382399e-05,1.03266224030842e-06,8.25981661447066e-08,122.449495071364,9.79420312223215,12.5022417386272
"207","EL","05/21/2014","PML",120,1.145765,0.136333333333333,0,1.615635,1.14471567729581e-05,1.167987434854e-06,5.21626900849127e-08,219.451043539433,9.80075335689636,22.3912423410814
"208","EL","05/21/2014","Hypo",120,0.9251525,0.0843416666666667,0,2.405961,9.24305220214803e-06,7.22567287784679e-07,7.76793013269622e-08,118.989898779378,12.7919604975287,9.301928254263
"209","WL","05/28/2014","PML",120,0.579725,0.0392916666666667,0,0.5047542,5.79194072100575e-06,3.36617405582923e-07,1.62965873502728e-08,355.408196606806,17.2063019467927,20.6556991563812
"210","WL","05/28/2014","Hypo",120,1.056195,0.115083333333333,0,2.3561442,1.05522770793439e-05,9.85935603626758e-07,7.60709069189294e-08,138.71633068066,10.7028055793172,12.9607446993828
"211","EL","05/28/2014","PML",120,0.8066975,0.0842708333333333,0,1.072881,8.05958704520856e-06,7.21960448347255e-07,3.46392341716979e-08,232.672206471402,11.1634744862533,20.8422751140709
"212","EL","05/28/2014","Hypo",120,0.9362825,0.084625,0,1.715616,9.3542502705853e-06,7.24994645534376e-07,5.53906951215575e-08,168.877647230405,12.9025094574188,13.0887443088291
"2131","EL","05/28/2014","surface",160,0.452383125,0.02649375,0,0.477756,6.02625093664141e-06,3.02634397087171e-07,1.54249184773835e-08,390.682838646913,19.9126437531343,19.6198377016321
"2141","WL","06/04/2014","PML",140,0.507015,0.0365321428571429,0,0.63963,5.90975772208809e-06,3.65138859141858e-07,2.0651212346237e-08,286.170013798969,16.1849597054038,17.6812311558256
"2151","WL","06/04/2014","Hypo",140,0.949262142857143,0.09925,0,2.553552,1.10645824660728e-05,9.92003998001e-07,8.24444516191522e-08,134.206514189518,11.1537680174366,12.0323924596346
"2161","EL","06/04/2014","PML",120,0.7311725,0.0616041666666667,0,0.963378,7.30502872366997e-06,5.27771828371528e-07,3.11038000839441e-08,234.859686081922,13.8412630818323,16.9680819368424
"2171","EL","06/04/2014","Hypo",120,0.9209125,0.0737875,0,1.815597,9.20069103321955e-06,6.32148211608481e-07,5.86187001582023e-08,156.958291609817,14.5546421934955,10.7840707812083
"2181","EL","06/04/2014","surface",120,0.8938825,0.0631625,0,1.325214,8.93063858130047e-06,5.4112229599486e-07,4.27861040260872e-08,208.727547987434,16.5039190722707,12.6471504782237
"2191","WL","06/11/2014","PML",140,0.460564285714286,0.0296107142857143,0,0.5458962,5.36832903172092e-06,2.95959163275505e-07,1.76249055629096e-08,304.587676374175,18.1387491852165,16.7920992381559
"2201","WL","06/11/2014","Hypo",140,1.01649642857143,0.110117857142857,0,2.598882,1.18482640912497e-05,1.10062825729992e-06,8.39079843734866e-08,141.205442839758,10.7650008190014,13.1170861213978
"221","EL","06/11/2014","PML",140,0.486314285714286,0.0494021428571429,0,0.91206,5.66847056864541e-06,4.93774541300778e-07,2.94469376553773e-08,192.497795016396,11.4798761266886,16.7682815469476
"222","EL","06/11/2014","Hypo",140,0.823192857142857,0.0885307142857143,0,2.1380916,9.59512113895596e-06,8.84864710501892e-07,6.90308203919543e-08,138.997640249315,10.8436024457497,12.8184006140687
"223","EL","06/11/2014","surface",120,0.60634,0.0565983333333333,0,1.0066866,6.05784697360753e-06,4.84886128364389e-07,3.25020695444419e-08,186.383422917863,12.4933394032982,14.9186231880212
"224","EL","06/11/2014","surface",140,0.430901428571429,NA,0,0.5047542,5.02257930230622e-06,NA,1.62965873502728e-08,308.198225453757,NA,NA
"225","WL","06/18/2014","PML",140,0.47785,0.0469121428571429,0,0.806265,5.5698110065773e-06,4.68886985078889e-07,2.60312207406451e-08,213.966569684556,11.8787920838541,18.0124854593073
"226","WL","06/18/2014","Hypo",140,0.818452857142857,0.0975421428571429,0,2.801124,9.53987178419782e-06,9.74933961590633e-07,9.04376069479869e-08,105.485672455757,9.78514664586434,10.7801830951956
"227","EL","06/18/2014","Hypo",140,0.821951428571428,0.08527,0,2.8773,9.58065106985264e-06,8.52273863068466e-07,9.28970393568592e-08,103.13193118081,11.2412822744078,9.17439209009126
"228","EL","06/18/2014","surface",120,0.717203333333333,0.0569441666666667,0,1.134774,7.16546499042544e-06,4.87848932676519e-07,3.66375230039066e-08,195.577222555722,14.687876739041,13.3155544555919
"229","EL","06/18/2014","surface",120,0.55104,0.048575,0,0.439668,5.50535342602614e-06,4.16149068322981e-07,1.41952022729474e-08,387.831981550415,13.2292821132867,29.3161774183423
"230","WL","06/25/2014","PML",140,0.477962857142857,0.0502914285714286,0,0.8873748,5.57112646740488e-06,5.02662954237167e-07,2.86499467277952e-08,194.455037572547,11.0832246944864,17.5449873960673
"231","WL","06/25/2014","Hypo",140,0.893728571428571,0.111,0,2.6235672,1.04172841561902e-05,1.10944527736132e-06,8.47049753010687e-08,122.983143778317,9.38963315159302,13.0977581118228
"232","EL","06/25/2014","PML",140,0.487894285714286,0.0561014285714286,0,0.4670919,5.68688702023145e-06,5.60733918754908e-07,1.50806153746812e-08,377.099135475543,10.1418637789185,37.1824295510065
"233","EL","06/25/2014","Hypo",140,0.806941428571428,0.100684285714286,0,2.40507,9.4056947797852e-06,1.00633968729921e-06,7.76505343363575e-08,121.128526161104,9.34644126480592,12.9598552785234
"234","EL","06/25/2014","surface",140,1.7221,0.161985714285714,0,1.5502113,2.00727666305886e-05,1.61904761904762e-06,5.0050408420237e-08,401.051005659178,12.3978852718342,32.3483398068134
"235","EL","06/25/2014","surface",120,0.70114,0.0522408333333333,0,0.3551994,7.00497876946133e-06,4.47554794031556e-07,1.14680334484874e-08,610.826503159988,15.6516673776651,39.026289558877
"236","WL","07/02/2014","PML",140,0.527281428571428,0.0543228571428571,0,0.6461199,6.14598284905503e-06,5.4295709288213e-07,2.08607464565912e-08,294.619507592602,11.3194632313041,26.0276924419728
"237","WL","07/02/2014","Hypo",120,0.941826666666667,0.1276325,0,2.5214382,9.40964116226792e-06,1.09344613407582e-06,8.1407619539599e-08,115.586737647952,8.60549127115526,13.4317418966407
"238","EL","07/02/2014","PML",120,0.46256,0.0425575,0,0.6058386,4.62136374989593e-06,3.64596273291926e-07,1.95602169631615e-08,236.263419705391,12.6752906939224,18.6396845177425
"239","EL","07/02/2014","Hypo",120,0.810028333333333,0.0949858333333333,0,2.3200317,8.09286487386562e-06,8.1375740701078e-07,7.49049720724502e-08,108.041758109702,9.94505832345488,10.863863699511
"240","EL","07/02/2014","surface",120,1.03741666666667,0.0978908333333333,0,1.4517459,1.03646657230872e-05,8.38644963232669e-07,4.68713363251865e-08,221.130151937181,12.3588242671072,17.8924909973608
"241","WL","07/09/2014","PML",140,0.530667142857143,0.0501728571428571,0,0.5294394,6.18544667388227e-06,5.01477832512315e-07,1.70935782778549e-08,361.85791958467,12.3344368840678,29.337206309927
"242","WL","07/09/2014","Hypo",120,1.036495,0.133165833333333,0,2.3232306,1.03554574972941e-05,1.14085100306989e-06,7.50082523488199e-08,138.0575759736,9.07695875221992,15.2096731672197
"243","EL","07/09/2014","PML",120,0.697585,0.0765183333333333,0,0.8050908,6.96946132711681e-06,6.55543656743057e-07,2.59933103025215e-08,268.12519244387,10.6315746562834,25.2197064980779
"244","EL","07/09/2014","Hypo",120,0.809896666666667,0.0916658333333333,0,1.9323816,8.09154941303805e-06,7.85314485614336e-07,6.23892293287702e-08,129.694652427878,10.3035784532972,12.587340700684
"245","EL","07/09/2014","surface",120,0.657295,0.0670425,0,0.7762914,6.56693031387894e-06,5.74362818590705e-07,2.50634875536758e-08,262.011832942852,11.4334182181082,22.9163167081458
"246","EL","07/09/2014","surface",140,0.425597142857143,NA,0,0.3689856,4.96075264341021e-06,NA,1.19131372485713e-08,416.410265398824,NA,NA
"247","WL","07/16/2014","PML",140,0.460018571428571,0.0431771428571429,0,0.6981216,5.3619681958205e-06,4.31555650746056e-07,2.25396829496658e-08,237.890133938197,12.4247433362324,19.1464827482169
"248","WL","07/16/2014","Hypo",140,0.98187,0.141176428571429,0,2.886876,1.1444659062526e-05,1.41105875633612e-06,9.32062118619443e-08,122.788587089857,8.11068923326951,15.139106376581
"249","EL","07/16/2014","PML",140,1.13730571428571,0.15285,0,1.4181066,1.32564149529598e-05,1.52773613193403e-06,4.57852516708101e-08,289.53460927269,8.67716268265375,33.3674289467328
"250","EL","07/16/2014","Hypo",140,1.19935142857143,0.164375,0,1.9858662,1.3979618682874e-05,1.64292853573213e-06,6.41160430051981e-08,218.036204787945,8.50896334127177,25.6242971138898
"251","EL","07/16/2014","surface",140,1.22767285714286,0.16735,0,0.9490878,1.43097327449838e-05,1.67266366816592e-06,3.06424240467504e-08,466.990885680316,8.5550568337952,54.5865322408559
"252","EL","07/16/2014","surface",140,1.10745928571429,0.142825,0,0.70635,1.29085255182749e-05,1.42753623188406e-06,2.28053465921932e-08,566.03066592699,9.04252041381695,62.5965593687902
"253","WL","07/23/2014","PML",140,1.13604214285714,0.150175,0,0.3283452,1.32416867871118e-05,1.50099950024988e-06,1.06010137862009e-08,1249.0962708065,8.82191285533902,141.590184724002
"254","EL","07/23/2014","PML",140,1.17299071428571,0.154325,0,0.793818,1.36723586712181e-05,1.54247876061969e-06,2.5629354599167e-08,533.464805690519,8.86388780207592,60.1840656834106
"255","EL","07/23/2014","Hypo",140,1.22566857142857,0.1663,0,2.2752747,1.42863708267422e-05,1.66216891554223e-06,7.34599393019727e-08,194.478391385746,8.5950174456738,22.6268757003668
"256","EL","07/23/2014","surface",140,1.22471,0.157825,0,0.8430507,1.42751977354092e-05,1.57746126936532e-06,2.72188906466923e-08,524.45920448062,9.04947589689651,57.9546495792625
"257","EL","07/23/2014","surface",140,1.15665142857143,0.145,0,0.5208003,1.34819082507701e-05,1.44927536231884e-06,1.68146546992542e-08,801.795130016444,9.30251669303139,86.1912057214665
"258","WL","07/30/2014","PML",140,1.14580214285714,0.152875,0,0.5028975,1.33554491715927e-05,1.5279860069965e-06,1.62366415910632e-08,822.54997726523,8.74055725015765,94.1072695622918
"259","WL","07/30/2014","Hypo",140,1.3705,0.19665,0,2.7228447,1.59745233535925e-05,1.96551724137931e-06,8.79102670067478e-08,181.713966951851,8.1273890746348,22.3582217220253
"260","WL","07/30/2014","PML",140,1.09800428571429,0.149775,0,0.6326928,1.27983182083091e-05,1.49700149925037e-06,2.0427236625448e-08,626.532038717615,8.54930219823949,73.2845820851476
"261","WL","07/30/2014","Hypo",140,1.42047642857143,0.197775,0,2.5035354,1.65570477062693e-05,1.97676161919041e-06,8.0829606431408e-08,204.838900463032,8.37584438383132,24.4559104821064
"262","WL","07/30/2014","PML",140,1.11046571428571,0.151175,0,0.5431788,1.29435683956373e-05,1.51099450274863e-06,1.75371710844929e-08,738.064784409987,8.56625776737897,86.1595348228487
"263","WL","07/30/2014","Hypo",140,1.50117071428571,0.198375,0,3.21057,1.74976188493881e-05,1.98275862068966e-06,1.03657056145675e-07,168.802969136975,8.82488602838702,19.1280622315105
"264","WL","07/30/2014","PML",140,1.11573785714286,0.15215,0,0.6103143,1.30050203979685e-05,1.52073963018491e-06,1.97047202402092e-08,659.995180821225,8.55177318972561,77.1764131460088
"265","WL","07/30/2014","Hypo",140,1.31555642857143,0.180325,0,2.344068,1.53341020730997e-05,1.80234882558721e-06,7.56810124947535e-08,202.614917105697,8.50784368453415,23.8150728455457
"266","EL","07/30/2014","PML",140,1.21499357142857,0.15975,0,0.838575,1.41619432187162e-05,1.59670164917541e-06,2.70743873696445e-08,523.075297156839,8.86949871068891,58.974617869493
"267","EL","07/30/2014","Hypo",140,1.26575428571429,0.17215,0,2.1723336,1.47536091915744e-05,1.72063968015992e-06,7.01363639298744e-08,210.356060179078,8.57449084877733,24.532775635194
"268","EL","07/30/2014","surface",70,3.85128714285714,0.45615,0,2.986803,2.24452668387312e-05,2.27961019490255e-06,9.6432473444613e-08,232.756311613461,9.84609863954863,23.6394454427415
"269","EL","07/30/2014","surface",140,0.867971428571429,0.0526671428571428,0,0.6282171,1.01170593622513e-05,5.26408224459199e-07,2.02827333484002e-08,498.801576122345,19.2190374165315,25.9535150128431
"270","WL","08/06/2014","PML",140,0.600474285714286,0.0590242857142857,0,0.4939461,6.99911747564732e-06,5.89947883201257e-07,1.59476350369677e-08,438.881217147427,11.8639589613709,36.9928131559142
"271","WL","08/06/2014","Hypo",140,1.02057285714286,0.137471428571429,0,2.4632541,1.18957788693697e-05,1.37402727207825e-06,7.95290769379782e-08,149.577730905224,8.65760026100291,17.2770428751461
"272","EL","08/06/2014","PML",140,0.65229,0.07657,0,0.8475264,7.60308050953293e-06,7.65317341329335e-07,2.736339392374e-08,277.855902331495,9.93454623192856,27.9686556229912
"273","EL","08/06/2014","Hypo",140,0.718452857142857,0.0812742857142857,0,1.5278328,8.37427358254933e-06,8.12336688798458e-07,4.93278920349982e-08,169.767513612943,10.3088703219054,16.468100607707
"274","EL","08/06/2014","surface",140,0.81165,0.0889664285714286,0,1.2771936,9.46057780367996e-06,8.89219675876348e-07,4.12357085203242e-08,229.426827940086,10.6391908100283,21.5643118012164
"275","WL","08/12/2014","PML",140,0.604624285714286,0.063665,0,NA,7.04748980101573e-06,6.36331834082959e-07,NA,NA,11.0751803124421,NA
"276","WL","08/12/2014","Hypo",140,0.998162857142857,0.139315,0,2.891583,1.16345683123803e-05,1.39245377311344e-06,9.33581829335227e-08,124.622908745609,8.3554431299835,14.9151764672301
"277","EL","08/12/2014","PML",140,0.961998571428571,0.0901742857142857,0,1.006227,1.12130380484556e-05,9.01292211037338e-07,3.24872308139347e-08,345.15216494371,12.4410684028324,27.7429681895432
"278","EL","08/12/2014","Hypo",140,1.02187714285714,0.115030714285714,0,2.1751194,1.19109816001998e-05,1.14973227671878e-06,7.02263067833274e-08,169.608543376051,10.3597870925156,16.3718174766916
"279","EL","08/12/2014","surface",140,0.992708571428571,0.122786428571429,0,2.1010638,1.15709932561818e-05,1.22725066038409e-06,6.78353340005811e-08,170.574722254374,9.42838625367735,18.0916137358973
"280","WL","08/20/2014","PML",140,0.629287142857143,0.0665257142857143,0,0.9655446,7.33495962034802e-06,6.64924680516884e-07,3.11737513318051e-08,235.292812285459,11.0312638938987,21.3296331724598
"281","WL","08/20/2014","Hypo",120,1.50440833333333,0.233585833333333,0,3.195441,1.50303055532429e-05,2.00116370386235e-06,1.0316859845672e-07,145.686825042487,7.51078261325326,19.3970232589895
"282","EL","08/20/2014","PML",140,0.686794285714286,0.086805,0,0.8338902,8.0052618433103e-06,8.67616191904048e-07,2.69231330513673e-08,297.337677158036,9.22673172539825,32.2256770877558
"283","EL","08/20/2014","Hypo",140,0.772284285714286,0.0967857142857143,0,2.064036,9.00173174589959e-06,9.67373456129078e-07,6.6639847609208e-08,135.080317090278,9.30533258780927,14.5164416011571
"284","EL","08/20/2014","Outlet",100,2.341636,0.238117,0,2.796363,1.94957622179669e-05,1.699985721425e-06,9.02838924224324e-08,215.93843259158,11.4681917455311,18.8293357299094
"285","EL","09/26/2014","PML",140,0.50123,0.0611857142857143,0,NA,5.84232786612272e-06,6.11551367173556e-07,NA,NA,9.55329049974095,NA
"286","EL","09/26/2014","Hypo",140,0.767185714285714,0.09971,0,NA,8.9423028890184e-06,9.96601699150425e-07,NA,NA,8.97279514638743,NA
"287","EL","09/26/2014","surface",140,0.58838,0.0412242857142857,0,NA,6.85814669885938e-06,4.12036838723495e-07,NA,NA,16.6444988756495,NA
"288","EL","09/26/2014","surface",140,1.51145857142857,0.134292857142857,0,NA,1.76175339272334e-05,1.34225744270722e-06,NA,NA,13.1253017243103,NA
"289","WL","09/26/2014","PML",140,0.519252857142857,0.060105,0,NA,6.05240196486554e-06,6.00749625187406e-07,NA,NA,10.0747494648498,NA
"290","WL","09/26/2014","Hypo",140,0.947414285714286,0.12107,0,NA,1.10430438764466e-05,1.21009495252374e-06,NA,NA,9.12576641478881,NA
